[21:41:15] [main/INFO] [LaunchWrapper]: Loading tweak class name net.minecraftforge.fml.common.launcher.FMLServerTweaker
[21:41:15] [main/INFO] [LaunchWrapper]: Using primary tweak class name net.minecraftforge.fml.common.launcher.FMLServerTweaker
[21:41:15] [main/INFO] [LaunchWrapper]: Calling tweak class net.minecraftforge.fml.common.launcher.FMLServerTweaker
[21:41:15] [main/INFO] [FML]: Forge Mod Loader version 14.23.5.2860 for Minecraft 1.12.2 loading
[21:41:15] [main/INFO] [FML]: Java is Java HotSpot(TM) 64-Bit Server VM GraalVM EE 21.3.19.1.1, version 1.8.0_503, running on Linux:amd64:7.1.5-zabbly+, installed at /opt/graalvm/jre
[21:41:15] [main/INFO] [FML]: Searching /home/container/./mods for mods
[21:41:15] [main/INFO] [FML]: Searching /home/container/./mods/1.12.2 for mods
[21:41:15] [main/INFO] [FML]: Loading tweaker net.jan.moddirector.launchwrapper.ModDirectorTweaker from !mod-director-launchwrapper-1.9.1.jar
[21:41:15] [main/INFO] [FML]: Loading tweaker org.spongepowered.asm.launch.MixinTweaker from `FermiumBooter-1.4.1.jar
[21:41:15] [main/INFO] [FML]: Loading tweaker org.spongepowered.asm.launch.MixinTweaker from Amphithere Mod-1.0.2.jar
[21:41:15] [main/INFO] [FML]: Loading tweaker org.spongepowered.asm.launch.MixinTweaker from AntiqueAtlasAutoMarker-1.4.3.jar
[21:41:15] [main/WARN] [FML]: Found FMLCorePluginContainsFMLMod marker in Baubley-Elytra-v1.3.3-mc1.12.2.jar. This is not recommended, @Mods should be in a separate jar from the coremod.
[21:41:15] [main/WARN] [FML]: The coremod Baubley Elytra Plugin (git.jbredwards.baubleye.BaubleyElytra) is not signed!
[21:41:15] [main/INFO] [FML]: Loading tweaker org.spongepowered.asm.launch.MixinTweaker from BedBreakBegone-1.0.2.jar
[21:41:15] [main/WARN] [FML]: Found FMLCorePluginContainsFMLMod marker in betterbiomeblend-1.12.2-1.1.7-forge.jar. This is not recommended, @Mods should be in a separate jar from the coremod.
[21:41:15] [main/WARN] [FML]: The coremod Better Biome Blend (fionathemortal.betterbiomeblend.core.CoreMod) is not signed!
[21:41:15] [main/INFO] [FML]: Loading tweaker org.spongepowered.asm.launch.MixinTweaker from BHMenu-Forge-1.12.2-2.4.5.jar
[21:41:15] [main/WARN] [FML]: Found FMLCorePluginContainsFMLMod marker in Bloodmoon-MC1.12.2-1.5.3.jar. This is not recommended, @Mods should be in a separate jar from the coremod.
[21:41:15] [main/WARN] [FML]: The coremod lumien.bloodmoon.asm.LoadingPlugin does not have a MCVersion annotation, it may cause issues with this version of Minecraft
[21:41:15] [main/INFO] [FML]: Loading tweaker org.spongepowered.asm.launch.MixinTweaker from BoatDeleteBegone-1.1.2.jar
[21:41:15] [main/WARN] [FML]: Found FMLCorePluginContainsFMLMod marker in Born In A Barn 1.8-1.12-1.2.jar. This is not recommended, @Mods should be in a separate jar from the coremod.
[21:41:15] [main/WARN] [FML]: The coremod com.chocohead.biab.BornInABarn does not have a MCVersion annotation, it may cause issues with this version of Minecraft
[21:41:15] [main/WARN] [FML]: The coremod Born in a Barn (com.chocohead.biab.BornInABarn) is not signed!
[21:41:15] [main/INFO] [FML]: Loading tweaker org.spongepowered.asm.launch.MixinTweaker from Bounceable-1.0.1.jar
[21:41:15] [main/WARN] [FML]: Found FMLCorePluginContainsFMLMod marker in Charm-1.12.2-1.4.1.jar. This is not recommended, @Mods should be in a separate jar from the coremod.
[21:41:15] [main/WARN] [FML]: The coremod svenhjol.charm.base.CharmLoadingPlugin does not have a MCVersion annotation, it may cause issues with this version of Minecraft
[21:41:15] [main/WARN] [FML]: The coremod CharmLoadingPlugin (svenhjol.charm.base.CharmLoadingPlugin) is not signed!
[21:41:15] [main/WARN] [FML]: Found FMLCorePluginContainsFMLMod marker in ChunkAnimator-1.12.2-1.2.1.jar. This is not recommended, @Mods should be in a separate jar from the coremod.
[21:41:15] [main/WARN] [FML]: The coremod lumien.chunkanimator.asm.LoadingPlugin does not have a MCVersion annotation, it may cause issues with this version of Minecraft
[21:41:15] [main/WARN] [FML]: The coremod LoadingPlugin (lumien.chunkanimator.asm.LoadingPlugin) is not signed!
[21:41:15] [main/WARN] [FML]: Found FMLCorePluginContainsFMLMod marker in ContentCreator-1.3.7-fix2.jar. This is not recommended, @Mods should be in a separate jar from the coremod.
[21:41:15] [main/WARN] [FML]: The coremod Content Creator (surreal.contentcreator.core.CCLoadingPlugin) is not signed!
[21:41:15] [main/WARN] [FML]: Found FMLCorePluginContainsFMLMod marker in CreativeCore_v1.10.71_mc1.12.2.jar. This is not recommended, @Mods should be in a separate jar from the coremod.
[21:41:15] [main/WARN] [FML]: The coremod com.creativemd.creativecore.core.CreativePatchingLoader does not have a MCVersion annotation, it may cause issues with this version of Minecraft
[21:41:15] [main/WARN] [FML]: The coremod CreativePatchingLoader (com.creativemd.creativecore.core.CreativePatchingLoader) is not signed!
[21:41:15] [main/INFO] [FML]: Loading tweaker org.spongepowered.asm.launch.MixinTweaker from DynamicSurroundings-1.12.2-3.6.2.1.jar
[21:41:15] [main/INFO] [FML]: Loading tweaker org.spongepowered.asm.launch.MixinTweaker from EagleMixins-1.2.4.jar
[21:41:15] [main/INFO] [FML]: Loading tweaker org.spongepowered.asm.launch.MixinTweaker from EditableEdibles-1.3.3.jar
[21:41:15] [main/INFO] [FML]: Loading tweaker org.spongepowered.asm.launch.MixinTweaker from fancymenu_forge_2.14.9_MC_1.12-1.12.2.jar
[21:41:15] [main/WARN] [FML]: Found FMLCorePluginContainsFMLMod marker in fermiumasm-5.28.jar. This is not recommended, @Mods should be in a separate jar from the coremod.
[21:41:15] [main/WARN] [FML]: The coremod FermiumASM (mirror.normalasm.core.NormalLoadingPlugin) is not signed!
[21:41:15] [main/INFO] [FermiumASM]: FermiumASM is on the server-side.
[21:41:15] [main/INFO] [FermiumASM]: FermiumASM is preparing and loading in mixins
[21:41:15] [main/WARN] [FermiumASM]: Replacing CA Certs with an updated one...
[21:41:15] [main/WARN] [FermiumASM]: Detaching FMLSecurityManager.
[21:41:15] [main/INFO] [FermiumASM]: Initializing StacktraceDeobfuscator...
[21:41:15] [main/INFO] [FermiumASM]: Found MCP stable-39 method mappings: methods-stable_39.csv
[21:41:15] [main/INFO] [FermiumASM]: Initialized StacktraceDeobfuscator.
[21:41:15] [main/INFO] [FermiumASM]: Installing DeobfuscatingRewritePolicy...
[21:41:15] [main/INFO] [FermiumASM]: Installed DeobfuscatingRewritePolicy.
[21:41:15] [main/INFO] [FermiumASM]: FermiumASM enqueueing early mixins
[21:41:15] [main/INFO] [FermiumRegistryAPI]: FermiumRegistryAPI supplied "mixins.devenv.json" for early mixin enqueue, adding.
[21:41:15] [main/INFO] [FermiumRegistryAPI]: FermiumRegistryAPI supplied "mixins.internal.json" for early mixin enqueue, adding.
[21:41:15] [main/INFO] [FermiumRegistryAPI]: FermiumRegistryAPI supplied "mixins.vanities.json" for early mixin enqueue, adding.
[21:41:15] [main/INFO] [FermiumRegistryAPI]: FermiumRegistryAPI supplied "mixins.registries.json" for early mixin enqueue, adding.
[21:41:15] [main/INFO] [FermiumRegistryAPI]: FermiumRegistryAPI supplied "mixins.stripitemstack.json" for early mixin enqueue, adding.
[21:41:15] [main/INFO] [FermiumRegistryAPI]: FermiumRegistryAPI supplied "mixins.lockcode.json" for early mixin enqueue, adding.
[21:41:15] [main/INFO] [FermiumRegistryAPI]: FermiumRegistryAPI supplied "mixins.recipes.json" for early mixin enqueue, adding.
[21:41:15] [main/INFO] [FermiumRegistryAPI]: FermiumRegistryAPI supplied "mixins.misc_fluidregistry.json" for early mixin enqueue, adding.
[21:41:15] [main/INFO] [FermiumRegistryAPI]: FermiumRegistryAPI supplied "mixins.forgefixes.json" for early mixin enqueue, adding.
[21:41:15] [main/INFO] [FermiumRegistryAPI]: FermiumRegistryAPI supplied "mixins.capability.json" for early mixin enqueue, adding.
[21:41:15] [main/INFO] [FermiumRegistryAPI]: FermiumRegistryAPI supplied "mixins.singletonevents.json" for early mixin enqueue, adding.
[21:41:15] [main/INFO] [FermiumRegistryAPI]: FermiumRegistryAPI supplied "mixins.efficienthashing.json" for early mixin enqueue, adding.
[21:41:15] [main/INFO] [FermiumRegistryAPI]: FermiumRegistryAPI supplied "mixins.crashes.json" for early mixin enqueue, adding.
[21:41:15] [main/INFO] [FermiumRegistryAPI]: FermiumRegistryAPI supplied "mixins.fix_mc129057.json" for early mixin enqueue, adding.
[21:41:15] [main/INFO] [FermiumRegistryAPI]: FermiumRegistryAPI supplied "mixins.priorities.json" for early mixin enqueue, adding.
[21:41:15] [main/INFO] [FermiumRegistryAPI]: FermiumRegistryAPI supplied "mixins.bucket.json" for early mixin enqueue, adding.
[21:41:15] [main/INFO] [FermiumRegistryAPI]: FermiumRegistryAPI supplied "mixins.rendering.json" for early mixin enqueue, adding.
[21:41:15] [main/INFO] [FermiumRegistryAPI]: FermiumRegistryAPI supplied "mixins.datastructures_modelmanager.json" for early mixin enqueue, adding.
[21:41:15] [main/INFO] [FermiumRegistryAPI]: FermiumRegistryAPI supplied "mixins.screenshot.json" for early mixin enqueue, adding.
[21:41:15] [main/INFO] [FermiumRegistryAPI]: FermiumRegistryAPI supplied "mixins.ondemand_sprites.json" for early mixin enqueue, adding.
[21:41:15] [main/INFO] [FermiumRegistryAPI]: FermiumRegistryAPI supplied "mixins.searchtree_vanilla.json" for early mixin enqueue, adding.
[21:41:15] [main/INFO] [FermiumRegistryAPI]: FermiumRegistryAPI supplied "mixins.resolve_mc2071.json" for early mixin enqueue, adding.
[21:41:15] [main/INFO] [FermiumRegistryAPI]: FermiumRegistryAPI supplied "mixins.fix_mc_skindownloading.json" for early mixin enqueue, adding.
[21:41:15] [main/INFO] [FermiumRegistryAPI]: FermiumRegistryAPI supplied "mixins.fix_mc186052.json" for early mixin enqueue, adding.
[21:41:15] [main/INFO] [FermiumRegistryAPI]: FermiumRegistryAPI supplied "mixins.vfix_bugfixes.json" for early mixin enqueue, adding.
[21:41:15] [main/INFO] [FermiumASM]: FermiumASM enqueueing late mixins
[21:41:15] [main/INFO] [FermiumRegistryAPI]: FermiumRegistryAPI supplied "mixins.bakedquadsquasher.json" for late mixin enqueue, adding.
[21:41:15] [main/INFO] [FermiumRegistryAPI]: FermiumRegistryAPI supplied "mixins.modfixes_immersiveengineering.json" for late mixin enqueue, adding.
[21:41:15] [main/INFO] [FermiumRegistryAPI]: FermiumRegistryAPI supplied "mixins.modfixes_evilcraftcompat.json" for late mixin enqueue, adding.
[21:41:15] [main/INFO] [FermiumRegistryAPI]: FermiumRegistryAPI supplied "mixins.modfixes_ebwizardry.json" for late mixin enqueue, adding.
[21:41:15] [main/INFO] [FermiumRegistryAPI]: FermiumRegistryAPI supplied "mixins.modfixes_xu2.json" for late mixin enqueue, adding.
[21:41:15] [main/INFO] [FermiumRegistryAPI]: FermiumRegistryAPI supplied "mixins.searchtree_mod.json" for late mixin enqueue, adding.
[21:41:15] [main/INFO] [FermiumRegistryAPI]: FermiumRegistryAPI supplied "mixins.modfixes_astralsorcery.json" for late mixin enqueue, adding.
[21:41:15] [main/INFO] [FermiumRegistryAPI]: FermiumRegistryAPI supplied "mixins.capability_astralsorcery.json" for late mixin enqueue, adding.
[21:41:15] [main/INFO] [FermiumRegistryAPI]: FermiumRegistryAPI supplied "mixins.modfixes_b3m.json" for late mixin enqueue, adding.
[21:41:15] [main/INFO] [FermiumRegistryAPI]: FermiumRegistryAPI supplied "mixins.modfixes_railcraft.json" for late mixin enqueue, adding.
[21:41:15] [main/INFO] [FermiumRegistryAPI]: FermiumRegistryAPI supplied "mixins.modfixes_disable_broken_particles.json" for late mixin enqueue, adding.
[21:41:15] [main/INFO] [FermiumASM]: FermiumASM finished mixin enqueue
[21:41:15] [main/INFO] [FML]: Loading tweaker org.spongepowered.asm.launch.MixinTweaker from FermiumMixins-1.0.10.jar
[21:41:15] [main/WARN] [FML]: Found FMLCorePluginContainsFMLMod marker in foamfix-0.10.15-1.12.2.jar. This is not recommended, @Mods should be in a separate jar from the coremod.
[21:41:15] [main/WARN] [FML]: The coremod pl.asie.foamfix.coremod.FoamFixCore does not have a MCVersion annotation, it may cause issues with this version of Minecraft
[21:41:15] [main/WARN] [FML]: The coremod Do not report to Forge! (If you haven't disabled the FoamFix coremod, try disabling it in the config! Note that this bit of text will still appear.) (pl.asie.foamfix.coremod.FoamFixCore) is not signed!
[21:41:15] [main/WARN] [FML]: Found FMLCorePluginContainsFMLMod marker in ForgeEndertech-1.12.2-4.5.6.1-build.0648.jar. This is not recommended, @Mods should be in a separate jar from the coremod.
[21:41:15] [main/WARN] [FML]: The coremod com.endertech.minecraft.forge.coremod.CorePlugin does not have a MCVersion annotation, it may cause issues with this version of Minecraft
[21:41:15] [main/WARN] [FML]: The coremod CorePlugin (com.endertech.minecraft.forge.coremod.CorePlugin) is not signed!
[21:41:15] [main/WARN] [FML]: Found FMLCorePluginContainsFMLMod marker in Forgelin-1.8.4.jar. This is not recommended, @Mods should be in a separate jar from the coremod.
[21:41:15] [main/WARN] [FML]: The coremod net.shadowfacts.forgelin.preloader.ForgelinPlugin does not have a MCVersion annotation, it may cause issues with this version of Minecraft
[21:41:15] [main/WARN] [FML]: The coremod ForgelinPlugin (net.shadowfacts.forgelin.preloader.ForgelinPlugin) is not signed!
[21:41:15] [main/INFO] [FML]: Loading tweaker org.spongepowered.asm.launch.MixinTweaker from framevoidpatch-1.0.0.jar
[21:41:15] [main/INFO] [FML]: Loading tweaker org.spongepowered.asm.launch.MixinTweaker from FurnaceXPStorage-1.1.4.jar
[21:41:15] [main/WARN] [FML]: Found FMLCorePluginContainsFMLMod marker in Ice and Fire-2.0.9.jar. This is not recommended, @Mods should be in a separate jar from the coremod.
[21:41:15] [main/WARN] [FML]: The coremod IceAndFirePlugin (com.github.alexthe666.iceandfire.asm.IceAndFirePlugin) is not signed!
[21:41:15] [main/WARN] [FML]: Found FMLCorePluginContainsFMLMod marker in InventoryTweaks-1.64+dev.151.jar. This is not recommended, @Mods should be in a separate jar from the coremod.
[21:41:15] [main/WARN] [FML]: The coremod invtweaks.forge.asm.FMLPlugin does not have a MCVersion annotation, it may cause issues with this version of Minecraft
[21:41:15] [main/WARN] [FML]: The coremod Inventory Tweaks Coremod (invtweaks.forge.asm.FMLPlugin) is not signed!
[21:41:15] [main/WARN] [FML]: The coremod com.creativemd.itemphysic.ItemPatchingLoader does not have a MCVersion annotation, it may cause issues with this version of Minecraft
[21:41:15] [main/WARN] [FML]: The coremod ItemPatchingLoader (com.creativemd.itemphysic.ItemPatchingLoader) is not signed!
[21:41:15] [main/WARN] [FML]: The coremod ivorius.ivtoolkit.IvToolkitLoadingPlugin does not have a MCVersion annotation, it may cause issues with this version of Minecraft
[21:41:15] [main/WARN] [FML]: The coremod IvToolkit (ivorius.ivtoolkit.IvToolkitLoadingPlugin) is not signed!
[21:41:15] [main/WARN] [FML]: Found FMLCorePluginContainsFMLMod marker in jmt_mcmt-1.12.2-0.23.89-PRE.jar. This is not recommended, @Mods should be in a separate jar from the coremod.
[21:41:15] [main/WARN] [FML]: The coremod MCMT Core (org.jmt.mcmt.coremod.MCMTLoadingPlugin) is not signed!
[21:41:15] [main/WARN] [FML]: Found FMLCorePluginContainsFMLMod marker in JSON-Paintings-v1.4.0-mc1.12.2.jar. This is not recommended, @Mods should be in a separate jar from the coremod.
[21:41:15] [main/WARN] [FML]: The coremod JSON Paintings Plugin (git.jbredwards.jsonpaintings.mod.asm.ASMHandler) is not signed!
[21:41:15] [main/INFO] [FML]: Loading tweaker org.spongepowered.asm.launch.MixinTweaker from konkrete_forge_1.6.1_MC_1.12-1.12.2.jar
[21:41:15] [main/WARN] [FML]: Found FMLCorePluginContainsFMLMod marker in librarianlib-1.12.2-4.22.jar. This is not recommended, @Mods should be in a separate jar from the coremod.
[21:41:15] [main/WARN] [FML]: The coremod com.teamwizardry.librarianlib.asm.LibLibCorePlugin does not have a MCVersion annotation, it may cause issues with this version of Minecraft
[21:41:15] [main/WARN] [FML]: The coremod LibrarianLib Plugin (com.teamwizardry.librarianlib.asm.LibLibCorePlugin) is not signed!
[21:41:15] [main/INFO] [FML]: Loading tweaker org.spongepowered.asm.launch.MixinTweaker from Localizator-1.12.2-1.0.14.jar
[21:41:15] [main/INFO] [FML]: Loading tweaker org.spongepowered.asm.launch.MixinTweaker from Locks-1.12.2-3.0.0.jar
[21:41:15] [main/INFO] [FML]: Loading tweaker org.spongepowered.asm.launch.MixinTweaker from MaterialTweaker-1.1.1.jar
[21:41:15] [main/WARN] [FML]: Found FMLCorePluginContainsFMLMod marker in MultiMine-1.12.2.jar. This is not recommended, @Mods should be in a separate jar from the coremod.
[21:41:15] [main/WARN] [FML]: The coremod atomicstryker.multimine.common.fmlmagic.MMFMLCorePlugin does not have a MCVersion annotation, it may cause issues with this version of Minecraft
[21:41:15] [main/WARN] [FML]: The coremod MMFMLCorePlugin (atomicstryker.multimine.common.fmlmagic.MMFMLCorePlugin) is not signed!
[21:41:15] [main/INFO] [FML]: Loading tweaker org.spongepowered.asm.launch.MixinTweaker from NoiseThreader-1.1.1.jar
[21:41:15] [main/INFO] [FML]: Loading tweaker org.spongepowered.asm.launch.MixinTweaker from OptifineCITPatch-1.0.5.jar
[21:41:15] [main/WARN] [FML]: The coremod OTGCorePlugin (com.pg85.otg.forge.asm.excluded.launch.OTGCorePlugin) is not signed!
[21:41:15] [main/INFO] [FML]: Loading tweaker org.spongepowered.asm.launch.MixinTweaker from particleculling-1.12.2-v1.4.3.jar
[21:41:15] [main/WARN] [FML]: Found FMLCorePluginContainsFMLMod marker in PhosphorCrashFix-1.12.2-1.0.0.jar. This is not recommended, @Mods should be in a separate jar from the coremod.
[21:41:15] [main/WARN] [FML]: The coremod PCF Core Mod (nathan.phosphorcrashfix.core.PCFCoreMod) is not signed!
[21:41:15] [main/WARN] [FML]: Found FMLCorePluginContainsFMLMod marker in Quark-r1.6-179.jar. This is not recommended, @Mods should be in a separate jar from the coremod.
[21:41:15] [main/WARN] [FML]: The coremod Quark Plugin (vazkii.quark.base.asm.LoadingPlugin) is not signed!
[21:41:15] [main/WARN] [FML]: Found FMLCorePluginContainsFMLMod marker in ReachFix-1.12.2-1.1.3.jar. This is not recommended, @Mods should be in a separate jar from the coremod.
[21:41:15] [main/WARN] [FML]: The coremod ReachFixPlugin (meldexun.reachfix.asm.ReachFixPlugin) is not signed!
[21:41:15] [main/WARN] [FML]: The coremod RBLoadingPlugin (pw.prok.realbench.asm.RBLoadingPlugin) is not signed!
[21:41:15] [main/WARN] [FML]: Found FMLCorePluginContainsFMLMod marker in Reskillable-1.12.2-1.13.0.jar. This is not recommended, @Mods should be in a separate jar from the coremod.
[21:41:15] [main/WARN] [FML]: The coremod codersafterdark.reskillable.base.asm.LoadingPlugin does not have a MCVersion annotation, it may cause issues with this version of Minecraft
[21:41:15] [main/WARN] [FML]: The coremod LoadingPlugin (codersafterdark.reskillable.base.asm.LoadingPlugin) is not signed!
[21:41:15] [main/WARN] [FML]: Found FMLCorePluginContainsFMLMod marker in ResourceLoader-MC1.12.1-1.5.3.jar. This is not recommended, @Mods should be in a separate jar from the coremod.
[21:41:15] [main/WARN] [FML]: The coremod lumien.resourceloader.asm.LoadingPlugin does not have a MCVersion annotation, it may cause issues with this version of Minecraft
[21:41:15] [main/INFO] [FML]: Loading tweaker org.spongepowered.asm.launch.MixinTweaker from RLCombat-1.12.2-2.2.4.jar
[21:41:15] [main/INFO] [FML]: Loading tweaker org.spongepowered.asm.launch.MixinTweaker from RLCraftLuckified-1.1.2.jar
[21:41:15] [main/WARN] [FML]: Found FMLCorePluginContainsFMLMod marker in RLFoliage-MC1.12-2.4.2.jar. This is not recommended, @Mods should be in a separate jar from the coremod.
[21:41:15] [main/WARN] [FML]: The coremod BetterFoliageLoader (mods.betterfoliage.loader.BetterFoliageLoader) is not signed!
[21:41:15] [main/INFO] [FML]: Loading tweaker org.spongepowered.asm.launch.MixinTweaker from RLMixins-1.4.6.jar
[21:41:15] [main/WARN] [FML]: Found FMLCorePluginContainsFMLMod marker in RLTweaker-1.12.2-0.7.5.jar. This is not recommended, @Mods should be in a separate jar from the coremod.
[21:41:15] [main/WARN] [FML]: The coremod RLTweaker ASM (com.charles445.rltweaker.asm.RLTweakerPlugin) is not signed!
[21:41:15] [main/WARN] [FML]: Found FMLCorePluginContainsFMLMod marker in SereneSeasons-1.12.2-1.2.18-universal.jar. This is not recommended, @Mods should be in a separate jar from the coremod.
[21:41:15] [main/WARN] [FML]: The coremod sereneseasons.asm.SSLoadingPlugin does not have a MCVersion annotation, it may cause issues with this version of Minecraft
[21:41:15] [main/WARN] [FML]: The coremod SSLoadingPlugin (sereneseasons.asm.SSLoadingPlugin) is not signed!
[21:41:15] [main/WARN] [FML]: Found FMLCorePluginContainsFMLMod marker in SimpleDifficulty-1.12.2-0.3.9.jar. This is not recommended, @Mods should be in a separate jar from the coremod.
[21:41:15] [main/WARN] [FML]: The coremod com.charles445.simpledifficulty.asm.CoreLoader does not have a MCVersion annotation, it may cause issues with this version of Minecraft
[21:41:15] [main/WARN] [FML]: The coremod SimpleDifficulty ASM (com.charles445.simpledifficulty.asm.CoreLoader) is not signed!
[21:41:15] [main/INFO] [FML]: Loading tweaker org.spongepowered.asm.launch.MixinTweaker from SnowRealMagic-1.12.2-0.7.4.jar
[21:41:15] [main/INFO] [FML]: Loading tweaker org.spongepowered.asm.launch.MixinTweaker from SoManyEnchantments-1.0.8-1.12.2.jar
[21:41:15] [main/INFO] [FML]: Loading tweaker org.spongepowered.asm.launch.MixinTweaker from spark-unforged-1.11.140-forge.jar
[21:41:15] [main/INFO] [FML]: Loading tweaker org.spongepowered.asm.launch.MixinTweaker from SpartanWeaponry-1.12.2-1.6.1.jar
[21:41:15] [main/INFO] [FML]: Loading tweaker org.spongepowered.asm.launch.MixinTweaker from SRPMixins-2.9.2.2.jar
[21:41:15] [main/INFO] [FML]: Loading tweaker org.spongepowered.asm.launch.MixinTweaker from Surge-1.12.2-2.0.79.jar
[21:41:15] [main/WARN] [FML]: Found FMLCorePluginContainsFMLMod marker in tnt_utilities-mc1.12-1.2.3.jar. This is not recommended, @Mods should be in a separate jar from the coremod.
[21:41:15] [main/WARN] [FML]: The coremod ljfa.tntutils.asm.TntuPlugin does not have a MCVersion annotation, it may cause issues with this version of Minecraft
[21:41:15] [main/INFO] [FML]: Loading tweaker org.spongepowered.asm.launch.MixinTweaker from VCFix-1.0.1.jar
[21:41:15] [main/WARN] [FML]: Found FMLCorePluginContainsFMLMod marker in VerticallyStackedDimensions-1.12.2-0.1.9.jar. This is not recommended, @Mods should be in a separate jar from the coremod.
[21:41:15] [main/WARN] [FML]: The coremod Vertically Stacked Dimensions ASM (cd4017be.dimstack.asm.CorePlugin) is not signed!
[21:41:15] [main/INFO] [FML]: Loading tweaker org.spongepowered.asm.launch.MixinTweaker from WolfArmorAndStorage-3.8.1+1.12.2.alpha.1-SNAPSHOT-signed.jar
[21:41:15] [main/INFO] [FML]: Loading tweaker org.spongepowered.asm.launch.MixinTweaker from phosphor-1.12.2-0.2.6+build50-universal.jar
[21:41:15] [main/INFO] [LaunchWrapper]: Loading tweak class name net.minecraftforge.fml.common.launcher.FMLInjectionAndSortingTweaker
[21:41:15] [main/INFO] [LaunchWrapper]: Loading tweak class name net.jan.moddirector.launchwrapper.ModDirectorTweaker
[21:41:15] [main/WARN] [ModDirector[CORE]]: Successfully replaced CA certificates with updated ones!
[21:41:15] [main/INFO] [ModDirector[CORE]]: Mod director loaded!
[21:41:15] [main/INFO] [ModDirector/Tweaker[Launchwrapper]]: ModDirector bootstrapped from Launchwrapper!
[21:41:15] [main/INFO] [LaunchWrapper]: Loading tweak class name org.spongepowered.asm.launch.MixinTweaker
[21:41:15] [main/INFO] [mixin]: SpongePowered MIXIN Subsystem Version=0.8.7 Source=file:/home/container/./mods/%60FermiumBooter-1.4.1.jar Service=LaunchWrapper Env=SERVER
[21:41:15] [main/INFO] [FermiumBooter]: FermiumBooter beginning forced mixin config handling.
[21:41:15] [main/INFO] [FermiumBooter]: FermiumBooter finished forced mixin config handling, removed 0 mixin configs.
[21:41:15] [main/WARN] [FML]: The coremod FermiumBooter (fermiumbooter.FermiumPlugin) is not signed!
[21:41:15] [main/INFO] [mixin]: Compatibility level set to JAVA_8
[21:41:15] [main/WARN] [FML]: The coremod AmphithereModPlugin (amphitheremod.AmphithereModPlugin) is not signed!
[21:41:15] [main/INFO] [FermiumRegistryAPI]: FermiumRegistryAPI supplied "mixins.amphitheremod.renderlayers.json" for late mixin enqueue, adding.
[21:41:15] [main/WARN] [FML]: The coremod AntiqueAtlasAutoMarkerPlugin (antiqueatlasautomarker.AntiqueAtlasAutoMarkerPlugin) is not signed!
[21:41:15] [main/INFO] [FermiumRegistryAPI]: FermiumRegistryAPI supplied "mixins.aaam.vanilla.json" for early mixin enqueue, adding.
[21:41:15] [main/INFO] [FermiumRegistryAPI]: FermiumRegistryAPI supplied "mixins.aaam.antiqueatlas.structuremarkers.json" for late mixin enqueue, adding.
[21:41:15] [main/INFO] [FermiumRegistryAPI]: FermiumRegistryAPI supplied "mixins.aaam.antiqueatlas.overhaul.structurewatchers.json" for late mixin enqueue, adding.
[21:41:15] [main/INFO] [FermiumRegistryAPI]: FermiumRegistryAPI supplied "mixins.aaam.antiqueatlas.tiles.customvillagetiles.json" for late mixin enqueue, adding.
[21:41:15] [main/INFO] [FermiumRegistryAPI]: FermiumRegistryAPI supplied "mixins.aaam.antiqueatlas.tiles.autobiomerules.json" for late mixin enqueue, adding.
[21:41:15] [main/INFO] [FermiumRegistryAPI]: FermiumRegistryAPI supplied "mixins.aaam.antiqueatlas.tiles.stitchtonull.json" for late mixin enqueue, adding.
[21:41:15] [main/INFO] [FermiumRegistryAPI]: FermiumRegistryAPI supplied "mixins.aaam.antiqueatlas.tiles.custom_nether_end_biomes.json" for late mixin enqueue, adding.
[21:41:15] [main/INFO] [FermiumRegistryAPI]: FermiumRegistryAPI supplied "mixins.aaam.infrotn.json" for late mixin enqueue, adding.
[21:41:15] [main/INFO] [FermiumRegistryAPI]: FermiumRegistryAPI supplied "mixins.aaam.infrl.json" for late mixin enqueue, adding.
[21:41:15] [main/INFO] [FermiumRegistryAPI]: FermiumRegistryAPI supplied "mixins.aaam.infbase.json" for late mixin enqueue, adding.
[21:41:15] [main/INFO] [FermiumRegistryAPI]: FermiumRegistryAPI supplied "mixins.aaam.infbase191.json" for late mixin enqueue, adding.
[21:41:15] [main/INFO] [FermiumRegistryAPI]: FermiumRegistryAPI supplied "mixins.aaam.inf.easter.json" for late mixin enqueue, adding.
[21:41:15] [main/WARN] [FML]: The coremod MixinLoader (bedbreakbegone.mixin.MixinLoader) is not signed!
[21:41:15] [main/WARN] [FML]: The coremod BoatDeleteBegonePlugin (boatdeletebegone.BoatDeleteBegonePlugin) is not signed!
[21:41:15] [main/INFO] [FermiumRegistryAPI]: FermiumRegistryAPI supplied "mixins.boatdeletebegone.json" for early mixin enqueue, adding.
[21:41:15] [main/WARN] [FML]: The coremod BounceablePlugin (bounceable.BounceablePlugin) is not signed!
[21:41:15] [main/INFO] [FermiumRegistryAPI]: FermiumRegistryAPI supplied "mixins.bounceable.vanilla.json" for early mixin enqueue, adding.
[21:41:15] [main/INFO] [FermiumRegistryAPI]: FermiumRegistryAPI supplied "mixins.bounceable.potioncore.json" for late mixin enqueue, adding.
[21:41:15] [main/WARN] [FML]: The coremod EagleMixinsPlugin (eaglemixins.EagleMixinsPlugin) is not signed!
[21:41:15] [main/INFO] [FermiumRegistryAPI]: FermiumRegistryAPI supplied "mixins.eaglemixins.furold.json" for late mixin enqueue, adding.
[21:41:15] [main/INFO] [FermiumRegistryAPI]: FermiumRegistryAPI supplied "mixins.eaglemixins.debug.vanilla.json" for early mixin enqueue, adding.
[21:41:15] [main/INFO] [FermiumRegistryAPI]: FermiumRegistryAPI supplied "mixins.eaglemixins.debug.otg.json" for late mixin enqueue, adding.
[21:41:15] [main/WARN] [FML]: The coremod EditableEdiblesPlugin (editableedibles.EditableEdiblesPlugin) is not signed!
[21:41:15] [main/INFO] [FermiumRegistryAPI]: FermiumRegistryAPI supplied "mixins.editableedibles.vanilla.json" for early mixin enqueue, adding.
[21:41:15] [main/INFO] [FermiumRegistryAPI]: FermiumRegistryAPI supplied "mixins.editableedibles.foodexpansion.json" for late mixin enqueue, adding.
[21:41:15] [main/WARN] [FML]: The coremod de.keksuccino.fancymenu.core.FMCore does not have a MCVersion annotation, it may cause issues with this version of Minecraft
[21:41:15] [main/WARN] [FML]: The coremod FMCore (de.keksuccino.fancymenu.core.FMCore) is not signed!
[21:41:15] [main/WARN] [FML]: The coremod FermiumMixins (fermiummixins.FermiumMixinsPlugin) is not signed!
[21:41:15] [main/WARN] [FML]: The coremod MixinLoader (framevoidpatch.mixin.MixinLoader) is not signed!
[21:41:15] [main/WARN] [FML]: The coremod FurnaceXPStoragePlugin (furnacexpstorage.FurnaceXPStoragePlugin) is not signed!
[21:41:15] [main/INFO] [FermiumRegistryAPI]: FermiumRegistryAPI supplied "mixins.furnacexpstorage.json" for early mixin enqueue, adding.
[21:41:15] [main/INFO] [FermiumRegistryAPI]: FermiumRegistryAPI supplied "mixins.furnacexpstorage.nethercraft.json" for late mixin enqueue, adding.
[21:41:15] [main/INFO] [FermiumRegistryAPI]: FermiumRegistryAPI supplied "mixins.furnacexpstorage.betternether.json" for late mixin enqueue, adding.
[21:41:15] [main/INFO] [FermiumRegistryAPI]: FermiumRegistryAPI supplied "mixins.furnacexpstorage.crafttweaker.json" for late mixin enqueue, adding.
[21:41:15] [main/INFO] [FermiumRegistryAPI]: FermiumRegistryAPI supplied "mixins.furnacexpstorage.jei.json" for late mixin enqueue, adding.
[21:41:15] [main/INFO] [FermiumRegistryAPI]: FermiumRegistryAPI supplied "mixins.furnacexpstorage.hei.json" for late mixin enqueue, adding.
[21:41:15] [main/WARN] [FML]: The coremod de.keksuccino.konkrete.core.KonkreteCore does not have a MCVersion annotation, it may cause issues with this version of Minecraft
[21:41:15] [main/WARN] [FML]: The coremod KonkreteCore (de.keksuccino.konkrete.core.KonkreteCore) is not signed!
[21:41:15] [main/INFO] [de.keksuccino.konkrete.core.KonkreteCore]: [KONKRETE] LOADING CORE PLUGIN!
[21:41:15] [main/INFO] [STDOUT]: [de.keksuccino.konkrete.core.MixinConfigLoader:loadConfigs:29]: [KONKRETE] Loading Mixin Config: fancymenu.general.mixin.json
[21:41:15] [main/WARN] [FML]: The coremod LocalizatorPlugin (kameib.localizator.LocalizatorPlugin) is not signed!
[21:41:15] [main/INFO] [kameib.localizator.Localizator]: [Localizator] Early Enqueue Start!
[21:41:15] [main/INFO] [kameib.localizator.Localizator]: [Localizator] Early Enqueue: (Minecraft) Mob Custom Names Mixin
[21:41:15] [main/INFO] [FermiumRegistryAPI]: FermiumRegistryAPI supplied "mixins.localizator.core.entityname.json" for early mixin enqueue, adding.
[21:41:15] [main/INFO] [kameib.localizator.Localizator]: [Localizator] Early Enqueue: (Minecraft) Boss Custom Names Mixin
[21:41:15] [main/INFO] [FermiumRegistryAPI]: FermiumRegistryAPI supplied "mixins.localizator.core.bossoverlay.json" for early mixin enqueue, adding.
[21:41:15] [main/INFO] [kameib.localizator.Localizator]: [Localizator] Early Enqueue: (Minecraft) Localized Lore Mixin
[21:41:15] [main/INFO] [FermiumRegistryAPI]: FermiumRegistryAPI supplied "mixins.localizator.core.loclore.json" for early mixin enqueue, adding.
[21:41:15] [main/INFO] [kameib.localizator.Localizator]: [Localizator] Early Enqueue: (Minecraft) Localized Written Book Mixin
[21:41:15] [main/INFO] [FermiumRegistryAPI]: FermiumRegistryAPI supplied "mixins.localizator.core.writtenbooks.json" for early mixin enqueue, adding.
[21:41:15] [main/INFO] [kameib.localizator.Localizator]: [Localizator] Early Enqueue: (Minecraft) Better Localized Name Mixin
[21:41:15] [main/INFO] [FermiumRegistryAPI]: FermiumRegistryAPI supplied "mixins.localizator.core.locname.json" for early mixin enqueue, adding.
[21:41:15] [main/INFO] [kameib.localizator.Localizator]: [Localizator] Early Enqueue: (Minecraft) Localized Writable Book Mixin
[21:41:15] [main/INFO] [FermiumRegistryAPI]: FermiumRegistryAPI supplied "mixins.localizator.core.writablebooks.json" for early mixin enqueue, adding.
[21:41:15] [main/INFO] [kameib.localizator.Localizator]: [Localizator] Early Enqueue: (Minecraft) Localized Container Name Mixin
[21:41:15] [main/INFO] [FermiumRegistryAPI]: FermiumRegistryAPI supplied "mixins.localizator.core.containername.json" for early mixin enqueue, adding.
[21:41:15] [main/INFO] [kameib.localizator.Localizator]: [Localizator] Early Enqueue: (Minecraft) Item Names on Kill Command Mixin
[21:41:15] [main/INFO] [FermiumRegistryAPI]: FermiumRegistryAPI supplied "mixins.localizator.core.itementitykill.json" for early mixin enqueue, adding.
[21:41:15] [main/INFO] [kameib.localizator.Localizator]: [Localizator] Early Enqueue: (Minecraft) Prevent Novelties Placement Mixin
[21:41:15] [main/INFO] [FermiumRegistryAPI]: FermiumRegistryAPI supplied "mixins.localizator.core.noveltyplacement.json" for early mixin enqueue, adding.
[21:41:15] [main/INFO] [kameib.localizator.Localizator]: [Localizator] Early Enqueue: (Minecraft) Entity.isInWeb Accessor for BountifulBaubles Mixins
[21:41:15] [main/INFO] [FermiumRegistryAPI]: FermiumRegistryAPI supplied "mixins.localizator.core.entityaccessor.json" for early mixin enqueue, adding.
[21:41:15] [main/INFO] [kameib.localizator.Localizator]: [Localizator] Late Enqueue Start!
[21:41:15] [main/INFO] [kameib.localizator.Localizator]: [Localizator] Late Enqueue: (LevelUp2) Localized Keybinds Mixin
[21:41:15] [main/INFO] [FermiumRegistryAPI]: FermiumRegistryAPI supplied "mixins.localizator.levelup2.keybinds.json" for late mixin enqueue, adding.
[21:41:15] [main/INFO] [kameib.localizator.Localizator]: [Localizator] Late Enqueue: (DSHUDs) Localized Biome Name Mixin
[21:41:15] [main/INFO] [FermiumRegistryAPI]: FermiumRegistryAPI supplied "mixins.localizator.dshuds.biomename.json" for late mixin enqueue, adding.
[21:41:15] [main/INFO] [kameib.localizator.Localizator]: [Localizator] Late Enqueue: (RoughTweaks) Localized Names and Better Tooltip Mixin
[21:41:15] [main/INFO] [FermiumRegistryAPI]: FermiumRegistryAPI supplied "mixins.localizator.roughtweaks.langkeys.json" for late mixin enqueue, adding.
[21:41:15] [main/INFO] [kameib.localizator.Localizator]: [Localizator] Late Enqueue: (BountifulBaubles) Tooltip fixes Mixin
[21:41:15] [main/INFO] [FermiumRegistryAPI]: FermiumRegistryAPI supplied "mixins.localizator.bountifulbaubles.tooltips.json" for late mixin enqueue, adding.
[21:41:15] [main/INFO] [kameib.localizator.Localizator]: [Localizator] Late Enqueue: (BountifulBaubles) Ankh Charm Web Immune Mixin
[21:41:15] [main/INFO] [FermiumRegistryAPI]: FermiumRegistryAPI supplied "mixins.localizator.bountifulbaubles.ankhcharmcobweb.json" for late mixin enqueue, adding.
[21:41:15] [main/INFO] [kameib.localizator.Localizator]: [Localizator] Late Enqueue: (BountifulBaubles) Ankh Shield Web Immune Mixin
[21:41:15] [main/INFO] [FermiumRegistryAPI]: FermiumRegistryAPI supplied "mixins.localizator.bountifulbaubles.ankhshieldcobweb.json" for late mixin enqueue, adding.
[21:41:15] [main/INFO] [kameib.localizator.Localizator]: [Localizator] Late Enqueue: (BountifulBaubles) Localized Wormhole Messages Mixin
[21:41:15] [main/INFO] [FermiumRegistryAPI]: FermiumRegistryAPI supplied "mixins.localizator.bountifulbaubles.wormholemessages.json" for late mixin enqueue, adding.
[21:41:15] [main/INFO] [kameib.localizator.Localizator]: [Localizator] Late Enqueue: (FishingMadeBetter) Localized Fishes Mixin
[21:41:15] [main/INFO] [FermiumRegistryAPI]: FermiumRegistryAPI supplied "mixins.localizator.fmb.fishes.etc.json" for late mixin enqueue, adding.
[21:41:15] [main/INFO] [kameib.localizator.Localizator]: [Localizator] Late Enqueue: (FishingMadeBetter) Instructions on Minigame Mixin
[21:41:15] [main/INFO] [FermiumRegistryAPI]: FermiumRegistryAPI supplied "mixins.localizator.fmb.minigame.json" for late mixin enqueue, adding.
[21:41:15] [main/INFO] [kameib.localizator.Localizator]: [Localizator] Late Enqueue: (BattleTowers) Golem Defeated Message Mixin
[21:41:15] [main/INFO] [FermiumRegistryAPI]: FermiumRegistryAPI supplied "mixins.localizator.battletowers.messages.json" for late mixin enqueue, adding.
[21:41:15] [main/INFO] [kameib.localizator.Localizator]: [Localizator] Late Enqueue: (RecComplex) Artifact Names Mixin
[21:41:15] [main/INFO] [FermiumRegistryAPI]: FermiumRegistryAPI supplied "mixins.localizator.reccomplex.artifacts.json" for late mixin enqueue, adding.
[21:41:15] [main/INFO] [kameib.localizator.Localizator]: [Localizator] Late Enqueue: (Callable Horses) Horse Messages Mixin
[21:41:15] [main/INFO] [FermiumRegistryAPI]: FermiumRegistryAPI supplied "mixins.localizator.callablehorses.messages.json" for late mixin enqueue, adding.
[21:41:15] [main/INFO] [kameib.localizator.Localizator]: [Localizator] Late Enqueue: (CorpseComplex) Grave Scroll Description Mixin
[21:41:15] [main/INFO] [FermiumRegistryAPI]: FermiumRegistryAPI supplied "mixins.localizator.corpsecomplex.scroll.json" for late mixin enqueue, adding.
[21:41:15] [main/INFO] [kameib.localizator.Localizator]: [Localizator] Late Enqueue: (ArmorUnder) Ozzy Liner text Mixin
[21:41:15] [main/INFO] [FermiumRegistryAPI]: FermiumRegistryAPI supplied "mixins.localizator.armorunder.ozzyliner.json" for late mixin enqueue, adding.
[21:41:15] [main/INFO] [kameib.localizator.Localizator]: [Localizator] Late Enqueue: (Lycanites) Client-side Translated Messages Mixin
[21:41:15] [main/INFO] [FermiumRegistryAPI]: FermiumRegistryAPI supplied "mixins.localizator.lycanites.messages.json" for late mixin enqueue, adding.
[21:41:15] [main/INFO] [kameib.localizator.Localizator]: [Localizator] Late Enqueue: (BetterSurvival) Potion-Imbued Weapons Tooltip Mixin
[21:41:15] [main/INFO] [FermiumRegistryAPI]: FermiumRegistryAPI supplied "mixins.localizator.bettersurvival.tooltip.json" for late mixin enqueue, adding.
[21:41:15] [main/INFO] [kameib.localizator.Localizator]: [Localizator] Late Enqueue: (Neat) Health Bar Mixin
[21:41:15] [main/INFO] [FermiumRegistryAPI]: FermiumRegistryAPI supplied "mixins.localizator.neat.healthbar.json" for late mixin enqueue, adding.
[21:41:15] [main/INFO] [kameib.localizator.Localizator]: [Localizator] Late Enqueue: (EnhancedVisuals) Localized Death Message Mixin
[21:41:15] [main/INFO] [FermiumRegistryAPI]: FermiumRegistryAPI supplied "mixins.localizator.enhancedvisuals.deathmessage.json" for late mixin enqueue, adding.
[21:41:15] [main/INFO] [kameib.localizator.Localizator]: [Localizator] Late Enqueue: (ForgottenItems) Tooltips Mixin
[21:41:15] [main/INFO] [FermiumRegistryAPI]: FermiumRegistryAPI supplied "mixins.localizator.forgottenitems.descriptions.json" for late mixin enqueue, adding.
[21:41:15] [main/INFO] [kameib.localizator.Localizator]: [Localizator] Late Enqueue: (DynaOres) Correctly Localized Ore Names
[21:41:15] [main/INFO] [FermiumRegistryAPI]: FermiumRegistryAPI supplied "mixins.localizator.dynaores.orenames.json" for late mixin enqueue, adding.
[21:41:15] [main/INFO] [kameib.localizator.Localizator]: [Localizator] Late Enqueue: (SereneSeasons) Localized Crop Fertility Tooltip Mixin
[21:41:15] [main/INFO] [FermiumRegistryAPI]: FermiumRegistryAPI supplied "mixins.localizator.sereneseasons.tooltip.json" for late mixin enqueue, adding.
[21:41:15] [main/INFO] [kameib.localizator.Localizator]: [Localizator] Late Enqueue: (FML) Localized Mod List GUI Mixin
[21:41:15] [main/INFO] [FermiumRegistryAPI]: FermiumRegistryAPI supplied "mixins.localizator.forge.modlist.json" for late mixin enqueue, adding.
[21:41:15] [main/INFO] [kameib.localizator.Localizator]: [Localizator] Late Enqueue: (SRParasites) Armor Tooltips Mixin
[21:41:15] [main/INFO] [FermiumRegistryAPI]: FermiumRegistryAPI supplied "mixins.localizator.srparasites.armortooltip.json" for late mixin enqueue, adding.
[21:41:15] [main/INFO] [kameib.localizator.Localizator]: [Localizator] Late Enqueue: (SRParasites) Localized Messages Mixin
[21:41:15] [main/INFO] [FermiumRegistryAPI]: FermiumRegistryAPI supplied "mixins.localizator.srparasites.messages.json" for late mixin enqueue, adding.
[21:41:15] [main/INFO] [kameib.localizator.Localizator]: [Localizator] Late Enqueue: (SpartanWeaponry) Localized Material Bonus Tooltip Mixin
[21:41:15] [main/INFO] [FermiumRegistryAPI]: FermiumRegistryAPI supplied "mixins.localizator.spartanweaponry.tooltip.json" for late mixin enqueue, adding.
[21:41:15] [main/INFO] [kameib.localizator.Localizator]: [Localizator] Late Enqueue: (T&B) Localized Ender Queen messages Mixin
[21:41:15] [main/INFO] [FermiumRegistryAPI]: FermiumRegistryAPI supplied "mixins.localizator.xat.messages.json" for late mixin enqueue, adding.
[21:41:15] [main/INFO] [kameib.localizator.Localizator]: [Localizator] Late Enqueue: (T&B) Localized Armor Weight Tooltip Mixin
[21:41:15] [main/INFO] [FermiumRegistryAPI]: FermiumRegistryAPI supplied "mixins.localizator.xat.weighttooltip.json" for late mixin enqueue, adding.
[21:41:15] [main/INFO] [kameib.localizator.Localizator]: [Localizator] Late Enqueue: (Morpheus) Localized Messages Mixin
[21:41:15] [main/INFO] [FermiumRegistryAPI]: FermiumRegistryAPI supplied "mixins.localizator.morpheus.messages.json" for late mixin enqueue, adding.
[21:41:15] [main/INFO] [kameib.localizator.Localizator]: [Localizator] Late Enqueue: (WAILA) Entity Name Mixin
[21:41:15] [main/INFO] [FermiumRegistryAPI]: FermiumRegistryAPI supplied "mixins.localizator.waila.entityname.json" for late mixin enqueue, adding.
[21:41:15] [main/INFO] [kameib.localizator.Localizator]: [Localizator] Late Enqueue: (ItemPhysic) Power: Status Message Mixin
[21:41:15] [main/INFO] [FermiumRegistryAPI]: FermiumRegistryAPI supplied "mixins.localizator.itemphysic.message.json" for late mixin enqueue, adding.
[21:41:15] [main/INFO] [kameib.localizator.Localizator]: [Localizator] Late Enqueue: (ItemPhysic) ERRORED patch Mixin
[21:41:15] [main/INFO] [FermiumRegistryAPI]: FermiumRegistryAPI supplied "mixins.localizator.itemphysic.erroredpatch.json" for late mixin enqueue, adding.
[21:41:15] [main/INFO] [kameib.localizator.Localizator]: [Localizator] Late Enqueue: (ItemPhysic) Reverse Description Mixin
[21:41:15] [main/INFO] [FermiumRegistryAPI]: FermiumRegistryAPI supplied "mixins.localizator.itemphysic.reversedescription.json" for late mixin enqueue, adding.
[21:41:15] [main/INFO] [kameib.localizator.Localizator]: [Localizator] Late Enqueue: (iChunUtil) Fix Patrons and Version URL Mixin
[21:41:15] [main/INFO] [FermiumRegistryAPI]: FermiumRegistryAPI supplied "mixins.localizator.ichunutil.urls.json" for late mixin enqueue, adding.
[21:41:15] [main/INFO] [kameib.localizator.Localizator]: [Localizator] Late Enqueue: (Charm) Localized Cake Name Mixin
[21:41:15] [main/INFO] [FermiumRegistryAPI]: FermiumRegistryAPI supplied "mixins.localizator.charm.cakename.json" for late mixin enqueue, adding.
[21:41:15] [main/INFO] [kameib.localizator.Localizator]: [Localizator] Late Enqueue: (Charm) Localized Composter JEI Mixin
[21:41:15] [main/INFO] [FermiumRegistryAPI]: FermiumRegistryAPI supplied "mixins.localizator.charm.compostergui.json" for late mixin enqueue, adding.
[21:41:15] [main/INFO] [kameib.localizator.Localizator]: [Localizator] Late Enqueue: (Charm) Localized Container Name Mixin
[21:41:15] [main/INFO] [FermiumRegistryAPI]: FermiumRegistryAPI supplied "mixins.localizator.charm.containername.json" for late mixin enqueue, adding.
[21:41:15] [main/INFO] [kameib.localizator.Localizator]: [Localizator] Late Enqueue: (Charm) Localized World Crates Name Mixin
[21:41:15] [main/INFO] [FermiumRegistryAPI]: FermiumRegistryAPI supplied "mixins.localizator.charm.worldcratesname.json" for late mixin enqueue, adding.
[21:41:15] [main/INFO] [kameib.localizator.Localizator]: [Localizator] Late Enqueue: (FBP) Localized Keybinds Mixin
[21:41:15] [main/INFO] [FermiumRegistryAPI]: FermiumRegistryAPI supplied "mixins.localizator.fbp.keybinds.json" for late mixin enqueue, adding.
[21:41:15] [main/INFO] [kameib.localizator.Localizator]: [Localizator] Late Enqueue: (ScalingHealth) Localized Keybinds Mixin
[21:41:15] [main/INFO] [FermiumRegistryAPI]: FermiumRegistryAPI supplied "mixins.localizator.scalinghealth.keybinds.json" for late mixin enqueue, adding.
[21:41:15] [main/INFO] [kameib.localizator.Localizator]: [Localizator] Late Enqueue: (ScalingHealth) Localized Messages Mixin
[21:41:15] [main/INFO] [FermiumRegistryAPI]: FermiumRegistryAPI supplied "mixins.localizator.scalinghealth.messages.json" for late mixin enqueue, adding.
[21:41:15] [main/INFO] [kameib.localizator.Localizator]: [Localizator] Late Enqueue: (DyamicTrees) Staff Mixin
[21:41:15] [main/INFO] [FermiumRegistryAPI]: FermiumRegistryAPI supplied "mixins.localizator.dynamictrees.staff.json" for late mixin enqueue, adding.
[21:41:15] [main/INFO] [kameib.localizator.Localizator]: [Localizator] Late Enqueue: (SetBonus) Tooltip Mixin
[21:41:15] [main/INFO] [FermiumRegistryAPI]: FermiumRegistryAPI supplied "mixins.localizator.setbonus.tooltip.json" for late mixin enqueue, adding.
[21:41:15] [main/INFO] [kameib.localizator.Localizator]: [Localizator] Late Enqueue: (VariedCommodities) Localized Book Mixin
[21:41:15] [main/INFO] [FermiumRegistryAPI]: FermiumRegistryAPI supplied "mixins.localizator.variedcommodities.book.json" for late mixin enqueue, adding.
[21:41:15] [main/INFO] [kameib.localizator.Localizator]: [Localizator] Late Enqueue: (Mo'Bends) Localized Keybinds Mixin
[21:41:15] [main/INFO] [FermiumRegistryAPI]: FermiumRegistryAPI supplied "mixins.localizator.mobends.keybinds.json" for late mixin enqueue, adding.
[21:41:15] [main/WARN] [FML]: The coremod MixinLoader (melonslise.locks.mixin.MixinLoader) is not signed!
[21:41:15] [main/WARN] [FML]: The coremod MaterialTweakerPlugin (materialtweaker.MaterialTweakerPlugin) is not signed!
[21:41:15] [main/WARN] [FML]: The coremod NoiseThreaderPlugin (noisethreader.NoiseThreaderPlugin) is not signed!
[21:41:15] [main/INFO] [FermiumRegistryAPI]: FermiumRegistryAPI supplied "mixins.noisethreader.vanilla.json" for early mixin enqueue, adding.
[21:41:15] [main/INFO] [FermiumRegistryAPI]: FermiumRegistryAPI supplied "mixins.noisethreader.otg.json" for late mixin enqueue, adding.
[21:41:15] [main/INFO] [FermiumRegistryAPI]: FermiumRegistryAPI supplied "mixins.noisethreader.bettercaves.json" for late mixin enqueue, adding.
[21:41:15] [main/WARN] [FML]: The coremod OptiFineCITPatchPlugin (citpatch.OptiFineCITPatchPlugin) is not signed!
[21:41:15] [main/WARN] [FML]: The coremod ParticleCullingLoadingPlugin (bl4ckscor3.mod.particleculling.ParticleCullingLoadingPlugin) is not signed!
[21:41:15] [main/WARN] [FML]: The coremod BetterCombat (bettercombat.mod.util.BetterCombatPlugin) is not signed!
[21:41:15] [main/INFO] [FermiumRegistryAPI]: FermiumRegistryAPI supplied "mixins.bettercombatmod.json" for early mixin enqueue, adding.
[21:41:15] [main/WARN] [FML]: The coremod LuckifiedPlugin (luckified.LuckifiedPlugin) is not signed!
[21:41:15] [main/INFO] [FermiumRegistryAPI]: FermiumRegistryAPI supplied "mixins.luckified.vanilla.json" for early mixin enqueue, adding.
[21:41:15] [main/INFO] [FermiumRegistryAPI]: FermiumRegistryAPI supplied "mixins.luckified.vanilla.librarians.json" for early mixin enqueue, adding.
[21:41:15] [main/INFO] [FermiumRegistryAPI]: FermiumRegistryAPI supplied "mixins.luckified.bountifulbaubles.json" for late mixin enqueue, adding.
[21:41:15] [main/INFO] [FermiumRegistryAPI]: FermiumRegistryAPI supplied "mixins.luckified.qualitytools.json" for late mixin enqueue, adding.
[21:41:15] [main/INFO] [FermiumRegistryAPI]: FermiumRegistryAPI supplied "mixins.luckified.rlartifacts.json" for late mixin enqueue, adding.
[21:41:15] [main/INFO] [FermiumRegistryAPI]: FermiumRegistryAPI supplied "mixins.luckified.defiledlands.json" for late mixin enqueue, adding.
[21:41:15] [main/WARN] [FML]: The coremod RLMixins (rlmixins.RLMixinsPlugin) is not signed!
[21:41:15] [main/WARN] [FML]: The coremod snownee.snow.core.CoreMod does not have a MCVersion annotation, it may cause issues with this version of Minecraft
[21:41:15] [main/WARN] [FML]: The coremod Snow! Real Magic! (snownee.snow.core.CoreMod) is not signed!
[21:41:15] [main/WARN] [FML]: The coremod SoManyEnchantmentsPlugin (com.shultrea.rin.SoManyEnchantmentsPlugin) is not signed!
[21:41:15] [main/INFO] [FermiumRegistryAPI]: FermiumRegistryAPI supplied "mixins.somanyenchantments.vanilla.json" for early mixin enqueue, adding.
[21:41:15] [main/INFO] [FermiumRegistryAPI]: FermiumRegistryAPI supplied "mixins.somanyenchantments.bettercombat.json" for late mixin enqueue, adding.
[21:41:15] [main/WARN] [FML]: The coremod Spark (me.lucko.spark.forge.mixin.SparkMixinPlugin) is not signed!
[21:41:15] [main/WARN] [FML]: The coremod SpartanWeaponry-MixinLoader (com.oblivioussp.spartanweaponry.mixin.MixinLoader) is not signed!
[21:41:15] [main/WARN] [FML]: The coremod SRPMixinsPlugin (srpmixins.SRPMixinsPlugin) is not signed!
[21:41:15] [main/INFO] [FermiumRegistryAPI]: FermiumRegistryAPI supplied "mixins.srpmixins.srp.scentperformance.json" for late mixin enqueue, adding.
[21:41:15] [main/INFO] [FermiumRegistryAPI]: FermiumRegistryAPI supplied "mixins.srpmixins.oe.json" for late mixin enqueue, adding.
[21:41:15] [main/INFO] [FermiumRegistryAPI]: FermiumRegistryAPI supplied "mixins.srpmixins.srp.biomespawnblacklist.json" for late mixin enqueue, adding.
[21:41:15] [main/INFO] [FermiumRegistryAPI]: FermiumRegistryAPI supplied "mixins.srpmixins.srp.deterrentlowphasedmg.json" for late mixin enqueue, adding.
[21:41:15] [main/INFO] [FermiumRegistryAPI]: FermiumRegistryAPI supplied "mixins.srpmixins.srp.infestedgrassrarity.json" for late mixin enqueue, adding.
[21:41:15] [main/INFO] [FermiumRegistryAPI]: FermiumRegistryAPI supplied "mixins.srpmixins.srp.simmermantp.json" for late mixin enqueue, adding.
[21:41:15] [main/INFO] [FermiumRegistryAPI]: FermiumRegistryAPI supplied "mixins.srpmixins.minmaxphasedays.json" for late mixin enqueue, adding.
[21:41:15] [main/INFO] [FermiumRegistryAPI]: FermiumRegistryAPI supplied "mixins.srpmixins.conversionpathways.json" for late mixin enqueue, adding.
[21:41:15] [main/INFO] [FermiumRegistryAPI]: FermiumRegistryAPI supplied "mixins.srpmixins.variantrules.json" for late mixin enqueue, adding.
[21:41:15] [main/INFO] [FermiumRegistryAPI]: FermiumRegistryAPI supplied "mixins.srpmixins.despawntimer.json" for late mixin enqueue, adding.
[21:41:15] [main/INFO] [FermiumRegistryAPI]: FermiumRegistryAPI supplied "mixins.srpmixins.srp.blockbreakblacklist.json" for late mixin enqueue, adding.
[21:41:15] [main/INFO] [FermiumRegistryAPI]: FermiumRegistryAPI supplied "mixins.srpmixins.srp.foodstealblacklist.json" for late mixin enqueue, adding.
[21:41:15] [main/INFO] [FermiumRegistryAPI]: FermiumRegistryAPI supplied "mixins.srpmixins.srp.minferalisations.json" for late mixin enqueue, adding.
[21:41:15] [main/INFO] [FermiumRegistryAPI]: FermiumRegistryAPI supplied "mixins.srpmixins.srp.nodecompassfix.json" for late mixin enqueue, adding.
[21:41:15] [main/INFO] [FermiumRegistryAPI]: FermiumRegistryAPI supplied "mixins.srpmixins.srp.summoningoverhaul.json" for late mixin enqueue, adding.
[21:41:15] [main/INFO] [FermiumRegistryAPI]: FermiumRegistryAPI supplied "mixins.srpmixins.srp.adapteddespawnlock.json" for late mixin enqueue, adding.
[21:41:15] [main/INFO] [FermiumRegistryAPI]: FermiumRegistryAPI supplied "mixins.srpmixins.srp.stackcollidingviralslower.json" for late mixin enqueue, adding.
[21:41:15] [main/INFO] [FermiumRegistryAPI]: FermiumRegistryAPI supplied "mixins.srpmixins.srp.infsquidcap.json" for late mixin enqueue, adding.
[21:41:15] [main/INFO] [FermiumRegistryAPI]: FermiumRegistryAPI supplied "mixins.srpmixins.srp.nexuscap.json" for late mixin enqueue, adding.
[21:41:15] [main/INFO] [FermiumRegistryAPI]: FermiumRegistryAPI supplied "mixins.srpmixins.srp.nodecolonyreset.json" for late mixin enqueue, adding.
[21:41:15] [main/INFO] [FermiumRegistryAPI]: FermiumRegistryAPI supplied "mixins.srpmixins.srp.simbigspiderassimfix.json" for late mixin enqueue, adding.
[21:41:15] [main/INFO] [FermiumRegistryAPI]: FermiumRegistryAPI supplied "mixins.srpmixins.srp.simmermancap.json" for late mixin enqueue, adding.
[21:41:15] [main/INFO] [FermiumRegistryAPI]: FermiumRegistryAPI supplied "mixins.srpmixins.srp.spawninglight.json" for late mixin enqueue, adding.
[21:41:15] [main/INFO] [FermiumRegistryAPI]: FermiumRegistryAPI supplied "mixins.srpmixins.overlast.json" for late mixin enqueue, adding.
[21:41:15] [main/INFO] [FermiumRegistryAPI]: FermiumRegistryAPI supplied "mixins.srpmixins.overlast_customphases.json" for late mixin enqueue, adding.
[21:41:15] [main/INFO] [FermiumRegistryAPI]: FermiumRegistryAPI supplied "mixins.srpmixins.overlastlite_customphases.json" for late mixin enqueue, adding.
[21:41:15] [main/INFO] [FermiumRegistryAPI]: FermiumRegistryAPI supplied "mixins.srpmixins.deepseadanger_customphases.json" for late mixin enqueue, adding.
[21:41:15] [main/INFO] [FermiumRegistryAPI]: FermiumRegistryAPI supplied "mixins.srpmixins.srpextra_customphases.json" for late mixin enqueue, adding.
[21:41:15] [main/INFO] [FermiumRegistryAPI]: FermiumRegistryAPI supplied "mixins.srpmixins.bloodmoon.entirespawnfix.json" for late mixin enqueue, adding.
[21:41:15] [main/INFO] [FermiumRegistryAPI]: FermiumRegistryAPI supplied "mixins.srpmixins.srp.mobcapmulti.json" for late mixin enqueue, adding.
[21:41:15] [main/INFO] [FermiumRegistryAPI]: FermiumRegistryAPI supplied "mixins.srpmixins.srp.infestationpenalty.json" for late mixin enqueue, adding.
[21:41:15] [main/INFO] [FermiumRegistryAPI]: FermiumRegistryAPI supplied "mixins.srpmixins.srp.beckoninfestationlimit.json" for late mixin enqueue, adding.
[21:41:15] [main/INFO] [FermiumRegistryAPI]: FermiumRegistryAPI supplied "mixins.srpmixins.srp.circularinfestationarea.json" for late mixin enqueue, adding.
[21:41:15] [main/INFO] [FermiumRegistryAPI]: FermiumRegistryAPI supplied "mixins.srpmixins.customphasesnoinfestationoverhaul.json" for late mixin enqueue, adding.
[21:41:15] [main/INFO] [FermiumRegistryAPI]: FermiumRegistryAPI supplied "mixins.srpmixins.srp.biomespreadpenalty.json" for late mixin enqueue, adding.
[21:41:15] [main/INFO] [FermiumRegistryAPI]: FermiumRegistryAPI supplied "mixins.srpmixins.srp.biomespreadlimit.json" for late mixin enqueue, adding.
[21:41:15] [main/INFO] [FermiumRegistryAPI]: FermiumRegistryAPI supplied "mixins.srpmixins.customphasesnobiomespreadoverhaul.json" for late mixin enqueue, adding.
[21:41:15] [main/WARN] [FML]: The coremod VCFixPlugin (vcfix.VCFixPlugin) is not signed!
[21:41:15] [main/WARN] [LaunchWrapper]: Tweak class name org.spongepowered.asm.launch.MixinTweaker has already been visited -- skipping
[21:41:15] [main/WARN] [LaunchWrapper]: Tweak class name org.spongepowered.asm.launch.MixinTweaker has already been visited -- skipping
[21:41:15] [main/WARN] [LaunchWrapper]: Tweak class name org.spongepowered.asm.launch.MixinTweaker has already been visited -- skipping
[21:41:15] [main/WARN] [LaunchWrapper]: Tweak class name org.spongepowered.asm.launch.MixinTweaker has already been visited -- skipping
[21:41:15] [main/WARN] [LaunchWrapper]: Tweak class name org.spongepowered.asm.launch.MixinTweaker has already been visited -- skipping
[21:41:15] [main/WARN] [LaunchWrapper]: Tweak class name org.spongepowered.asm.launch.MixinTweaker has already been visited -- skipping
[21:41:15] [main/WARN] [LaunchWrapper]: Tweak class name org.spongepowered.asm.launch.MixinTweaker has already been visited -- skipping
[21:41:15] [main/WARN] [LaunchWrapper]: Tweak class name org.spongepowered.asm.launch.MixinTweaker has already been visited -- skipping
[21:41:15] [main/WARN] [LaunchWrapper]: Tweak class name org.spongepowered.asm.launch.MixinTweaker has already been visited -- skipping
[21:41:15] [main/WARN] [LaunchWrapper]: Tweak class name org.spongepowered.asm.launch.MixinTweaker has already been visited -- skipping
[21:41:15] [main/WARN] [LaunchWrapper]: Tweak class name org.spongepowered.asm.launch.MixinTweaker has already been visited -- skipping
[21:41:15] [main/WARN] [LaunchWrapper]: Tweak class name org.spongepowered.asm.launch.MixinTweaker has already been visited -- skipping
[21:41:15] [main/WARN] [LaunchWrapper]: Tweak class name org.spongepowered.asm.launch.MixinTweaker has already been visited -- skipping
[21:41:15] [main/WARN] [LaunchWrapper]: Tweak class name org.spongepowered.asm.launch.MixinTweaker has already been visited -- skipping
[21:41:15] [main/WARN] [LaunchWrapper]: Tweak class name org.spongepowered.asm.launch.MixinTweaker has already been visited -- skipping
[21:41:15] [main/WARN] [LaunchWrapper]: Tweak class name org.spongepowered.asm.launch.MixinTweaker has already been visited -- skipping
[21:41:15] [main/WARN] [LaunchWrapper]: Tweak class name org.spongepowered.asm.launch.MixinTweaker has already been visited -- skipping
[21:41:15] [main/WARN] [LaunchWrapper]: Tweak class name org.spongepowered.asm.launch.MixinTweaker has already been visited -- skipping
[21:41:15] [main/WARN] [LaunchWrapper]: Tweak class name org.spongepowered.asm.launch.MixinTweaker has already been visited -- skipping
[21:41:15] [main/WARN] [LaunchWrapper]: Tweak class name org.spongepowered.asm.launch.MixinTweaker has already been visited -- skipping
[21:41:15] [main/WARN] [LaunchWrapper]: Tweak class name org.spongepowered.asm.launch.MixinTweaker has already been visited -- skipping
[21:41:15] [main/WARN] [LaunchWrapper]: Tweak class name org.spongepowered.asm.launch.MixinTweaker has already been visited -- skipping
[21:41:15] [main/WARN] [LaunchWrapper]: Tweak class name org.spongepowered.asm.launch.MixinTweaker has already been visited -- skipping
[21:41:15] [main/WARN] [LaunchWrapper]: Tweak class name org.spongepowered.asm.launch.MixinTweaker has already been visited -- skipping
[21:41:15] [main/WARN] [LaunchWrapper]: Tweak class name org.spongepowered.asm.launch.MixinTweaker has already been visited -- skipping
[21:41:15] [main/WARN] [LaunchWrapper]: Tweak class name org.spongepowered.asm.launch.MixinTweaker has already been visited -- skipping
[21:41:15] [main/WARN] [LaunchWrapper]: Tweak class name org.spongepowered.asm.launch.MixinTweaker has already been visited -- skipping
[21:41:15] [main/WARN] [LaunchWrapper]: Tweak class name org.spongepowered.asm.launch.MixinTweaker has already been visited -- skipping
[21:41:15] [main/WARN] [LaunchWrapper]: Tweak class name org.spongepowered.asm.launch.MixinTweaker has already been visited -- skipping
[21:41:15] [main/WARN] [LaunchWrapper]: Tweak class name org.spongepowered.asm.launch.MixinTweaker has already been visited -- skipping
[21:41:15] [main/WARN] [LaunchWrapper]: Tweak class name org.spongepowered.asm.launch.MixinTweaker has already been visited -- skipping
[21:41:15] [main/WARN] [LaunchWrapper]: Tweak class name org.spongepowered.asm.launch.MixinTweaker has already been visited -- skipping
[21:41:15] [main/INFO] [LaunchWrapper]: Loading tweak class name net.minecraftforge.fml.common.launcher.FMLDeobfTweaker
[21:41:15] [main/INFO] [LaunchWrapper]: Calling tweak class net.minecraftforge.fml.common.launcher.FMLInjectionAndSortingTweaker
[21:41:15] [main/INFO] [LaunchWrapper]: Calling tweak class net.minecraftforge.fml.common.launcher.FMLInjectionAndSortingTweaker
[21:41:15] [main/INFO] [LaunchWrapper]: Calling tweak class net.jan.moddirector.launchwrapper.ModDirectorTweaker
[21:41:15] [main/INFO] [ModDirector/ConfigurationController[CORE]]: Loading config config/mod-director/optifine.url.json
[21:41:15] [main/INFO] [ModDirector/ForgeLateLoader[Launchwrapper]]: Found new CoreModManager at net.minecraftforge.fml.relauncher.CoreModManager!
[21:41:15] [main/INFO] [ModDirector/ForgeLateLoader[Launchwrapper]]: Found new ModAccessTransformer at net.minecraftforge.fml.common.asm.transformers.ModAccessTransformer!
[21:41:15] [main/INFO] [ModDirector/ForgeLateLoader[Launchwrapper]]: Trying to late load 0 mods
[21:41:15] [main/WARN] [ModDirector/ForgeLateLoader[Launchwrapper]]: Failed to find deobf tweaker, injecting after deobf tweaker at first place
[21:41:15] [main/INFO] [LaunchWrapper]: Calling tweak class net.minecraftforge.fml.relauncher.CoreModManager$FMLPluginWrapper
[21:41:16] [main/INFO] [FML]: Found valid fingerprint for Minecraft Forge. Certificate fingerprint e3c3d50c7c986df74c645c0ac54639741c90a557
[21:41:16] [main/INFO] [LaunchWrapper]: Calling tweak class net.minecraftforge.fml.relauncher.CoreModManager$FMLPluginWrapper
[21:41:16] [main/INFO] [LaunchWrapper]: Calling tweak class net.minecraftforge.fml.relauncher.CoreModManager$FMLPluginWrapper
[21:41:16] [main/INFO] [betterbiomeblend]: Found valid Mixin framework! Proceeding to load.
[21:41:16] [main/INFO] [LaunchWrapper]: Calling tweak class net.minecraftforge.fml.relauncher.CoreModManager$FMLPluginWrapper
[21:41:16] [main/INFO] [LaunchWrapper]: Calling tweak class net.minecraftforge.fml.relauncher.CoreModManager$FMLPluginWrapper
[21:41:16] [main/INFO] [LaunchWrapper]: Calling tweak class net.minecraftforge.fml.relauncher.CoreModManager$FMLPluginWrapper
[21:41:16] [main/INFO] [LaunchWrapper]: Calling tweak class net.minecraftforge.fml.relauncher.CoreModManager$FMLPluginWrapper
[21:41:16] [main/INFO] [LaunchWrapper]: Calling tweak class net.minecraftforge.fml.relauncher.CoreModManager$FMLPluginWrapper
[21:41:16] [main/INFO] [LaunchWrapper]: Calling tweak class net.minecraftforge.fml.relauncher.CoreModManager$FMLPluginWrapper
[21:41:16] [main/INFO] [LaunchWrapper]: Calling tweak class net.minecraftforge.fml.relauncher.CoreModManager$FMLPluginWrapper
[21:41:16] [main/INFO] [LaunchWrapper]: Calling tweak class net.minecraftforge.fml.relauncher.CoreModManager$FMLPluginWrapper
[21:41:16] [main/INFO] [LaunchWrapper]: Calling tweak class net.minecraftforge.fml.relauncher.CoreModManager$FMLPluginWrapper
[21:41:16] [main/INFO] [LaunchWrapper]: Calling tweak class net.minecraftforge.fml.relauncher.CoreModManager$FMLPluginWrapper
[21:41:16] [main/INFO] [LaunchWrapper]: Calling tweak class net.minecraftforge.fml.relauncher.CoreModManager$FMLPluginWrapper
[21:41:16] [main/INFO] [LaunchWrapper]: Calling tweak class net.minecraftforge.fml.relauncher.CoreModManager$FMLPluginWrapper
[21:41:16] [main/INFO] [LaunchWrapper]: Calling tweak class net.minecraftforge.fml.relauncher.CoreModManager$FMLPluginWrapper
[21:41:16] [main/INFO] [LaunchWrapper]: Calling tweak class net.minecraftforge.fml.relauncher.CoreModManager$FMLPluginWrapper
[21:41:16] [main/INFO] [LaunchWrapper]: Calling tweak class org.spongepowered.asm.launch.MixinTweaker
[21:41:16] [main/INFO] [mixin]: Initialised Mixin FML Remapper Adapter with net.minecraftforge.fml.common.asm.transformers.deobf.FMLDeobfuscatingRemapper@22cb3d59
[21:41:16] [main/INFO] [FermiumJarScanner]: FermiumJarScanner beginning jar searching.
[21:41:16] [main/INFO] [FML]: Searching /home/container/./mods for mods
[21:41:16] [main/INFO] [FML]: Searching /home/container/./mods/1.12.2 for mods
[21:41:18] [main/INFO] [FermiumJarScanner]: FermiumJarScanner finished jar searching, found 229 ModIDs.
[21:41:18] [main/INFO] [FermiumJarScanner]: FermiumMixinConfig beginning MixinConfig parsing.
[21:41:18] [main/INFO] [FermiumJarScanner]: FermiumMixinConfig enqueueing mixin(s) parsed from annotated config Append General Mixin Exceptions To Crash Reports from fermiumbooter.
[21:41:18] [main/INFO] [FermiumRegistryAPI]: FermiumRegistryAPI supplied "mixins.fermiumbooter.crashreport.json" for early mixin enqueue, adding.
[21:41:18] [main/INFO] [FermiumJarScanner]: FermiumMixinConfig enqueueing mixin(s) parsed from annotated config Enable New Variants from amphitheremod.
[21:41:18] [main/INFO] [FermiumRegistryAPI]: FermiumRegistryAPI supplied "mixins.amphitheremod.newvariants.json" for late mixin enqueue, adding.
[21:41:18] [main/INFO] [FermiumJarScanner]: FermiumMixinConfig enqueueing mixin(s) parsed from annotated config Only send to all holding the atlas from antiqueatlasautomarker.
[21:41:18] [main/INFO] [FermiumRegistryAPI]: FermiumRegistryAPI supplied "mixins.aaam.antiqueatlas.overhaul.sendtoallholding.json" for late mixin enqueue, adding.
[21:41:18] [main/INFO] [FermiumJarScanner]: FermiumMixinConfig enqueueing mixin(s) parsed from annotated config Fix Crash with Short/IntDimensionUpdatePacket from antiqueatlasautomarker.
[21:41:18] [main/INFO] [FermiumRegistryAPI]: FermiumRegistryAPI supplied "mixins.aaam.antiqueatlas.overhaul.bytebufcrashfix.json" for late mixin enqueue, adding.
[21:41:18] [main/INFO] [FermiumJarScanner]: FermiumMixinConfig enqueueing mixin(s) parsed from annotated config Also check player offhand for atlases from antiqueatlasautomarker.
[21:41:18] [main/INFO] [FermiumRegistryAPI]: FermiumRegistryAPI supplied "mixins.aaam.antiqueatlas.overhaul.offhand.json" for late mixin enqueue, adding.
[21:41:18] [main/INFO] [FermiumJarScanner]: FermiumMixinConfig enqueueing mixin(s) parsed from annotated config Fix Atlas Marker Lang Keys from antiqueatlasautomarker.
[21:41:18] [main/INFO] [FermiumRegistryAPI]: FermiumRegistryAPI supplied "mixins.aaam.antiqueatlas.overhaul.langkey.json" for late mixin enqueue, adding.
[21:41:18] [main/INFO] [FermiumJarScanner]: FermiumMixinConfig enqueueing mixin(s) parsed from annotated config Fix Atlas Combining Recipe Dupe from antiqueatlasautomarker.
[21:41:18] [main/INFO] [FermiumRegistryAPI]: FermiumRegistryAPI supplied "mixins.aaam.antiqueatlas.overhaul.recipedupe.json" for late mixin enqueue, adding.
[21:41:18] [main/INFO] [FermiumJarScanner]: FermiumMixinConfig enqueueing mixin(s) parsed from annotated config Marker data in smaller packets from antiqueatlasautomarker.
[21:41:18] [main/INFO] [FermiumRegistryAPI]: FermiumRegistryAPI supplied "mixins.aaam.antiqueatlas.overhaul.markerpacketchunking.json" for late mixin enqueue, adding.
[21:41:18] [main/INFO] [FermiumJarScanner]: FermiumMixinConfig enqueueing mixin(s) parsed from annotated config Allow hiding specific markers from antiqueatlasautomarker.
[21:41:18] [main/INFO] [FermiumRegistryAPI]: FermiumRegistryAPI supplied "mixins.aaam.antiqueatlas.displaydisablemarkertypes.json" for late mixin enqueue, adding.
[21:41:18] [main/INFO] [FermiumJarScanner]: FermiumMixinConfig enqueueing mixin(s) parsed from annotated config Scroll Marker Types Vertically from antiqueatlasautomarker.
[21:41:18] [main/INFO] [FermiumRegistryAPI]: FermiumRegistryAPI supplied "mixins.aaam.antiqueatlas.selectmarkersvertically.json" for late mixin enqueue, adding.
[21:41:18] [main/INFO] [FermiumJarScanner]: FermiumMixinConfig enqueueing mixin(s) parsed from annotated config AARC Enabled from antiqueatlasautomarker.
[21:41:18] [main/INFO] [FermiumRegistryAPI]: FermiumRegistryAPI supplied "mixins.aaam.aarc.json" for late mixin enqueue, adding.
[21:41:18] [main/INFO] [FermiumJarScanner]: FermiumMixinConfig enqueueing mixin(s) parsed from annotated config Activated - Enabled from antiqueatlasautomarker.
[21:41:18] [main/INFO] [FermiumRegistryAPI]: FermiumRegistryAPI supplied "mixins.aaam.waystones.activated.json" for late mixin enqueue, adding.
[21:41:18] [main/INFO] [FermiumJarScanner]: FermiumMixinConfig enqueueing mixin(s) parsed from annotated config Allow selecting waystone on map from antiqueatlasautomarker.
[21:41:18] [main/INFO] [FermiumRegistryAPI]: FermiumRegistryAPI supplied "mixins.aaam.mapselect.json" for late mixin enqueue, adding.
[21:41:18] [main/INFO] [FermiumJarScanner]: FermiumMixinConfig enqueueing mixin(s) parsed from annotated config Stop disarming some gear (BS/SME/RLCombat) from eaglemixins.
[21:41:18] [main/INFO] [FermiumRegistryAPI]: FermiumRegistryAPI supplied "mixins.eaglemixins.various.stopdisarming.json" for late mixin enqueue, adding.
[21:41:18] [main/INFO] [FermiumJarScanner]: FermiumMixinConfig enqueueing mixin(s) parsed from annotated config Rename Ruby (VC) from eaglemixins.
[21:41:18] [main/INFO] [FermiumRegistryAPI]: FermiumRegistryAPI supplied "mixins.eaglemixins.vc.rubyrename.json" for late mixin enqueue, adding.
[21:41:18] [main/INFO] [FermiumJarScanner]: FermiumMixinConfig enqueueing mixin(s) parsed from annotated config Abyssal Player Bosses (Giant Player Boss) from eaglemixins.
[21:41:18] [main/INFO] [FermiumRegistryAPI]: FermiumRegistryAPI supplied "mixins.eaglemixins.playerbosses.abyssalriftspawn.json" for late mixin enqueue, adding.
[21:41:18] [main/INFO] [FermiumJarScanner]: FermiumMixinConfig enqueueing mixin(s) parsed from annotated config Cycle Screens (Loading Screens) from eaglemixins.
[21:41:18] [main/INFO] [FermiumRegistryAPI]: FermiumRegistryAPI supplied "mixins.eaglemixins.loadingscreens.cyclescreens.json" for late mixin enqueue, adding.
[21:41:18] [main/INFO] [FermiumJarScanner]: FermiumMixinConfig enqueueing mixin(s) parsed from annotated config First Time Setup Progress (DregoraRL) from eaglemixins.
[21:41:18] [main/INFO] [FermiumRegistryAPI]: FermiumRegistryAPI supplied "mixins.eaglemixins.dregorarl.firsttimesetup.json" for late mixin enqueue, adding.
[21:41:18] [main/INFO] [FermiumJarScanner]: FermiumMixinConfig enqueueing mixin(s) parsed from annotated config Underground Mimics (RLArtifacts) from eaglemixins.
[21:41:18] [main/INFO] [FermiumRegistryAPI]: FermiumRegistryAPI supplied "mixins.eaglemixins.rlartifacts.undergroundmimics.json" for late mixin enqueue, adding.
[21:41:18] [main/INFO] [FermiumJarScanner]: FermiumMixinConfig enqueueing mixin(s) parsed from annotated config Extend Drinkable Blocks (SimpleDifficulty) from eaglemixins.
[21:41:18] [main/INFO] [FermiumRegistryAPI]: FermiumRegistryAPI supplied "mixins.eaglemixins.simpledifficulty.drinkableblocks.json" for late mixin enqueue, adding.
[21:41:18] [main/INFO] [FermiumJarScanner]: FermiumMixinConfig enqueueing mixin(s) parsed from annotated config Prevent Abyssal Teleportation (Vanilla/Trinkets) from eaglemixins.
[21:41:18] [main/INFO] [FermiumRegistryAPI]: FermiumRegistryAPI supplied "mixins.eaglemixins.vanilla.randomtp.json" for early mixin enqueue, adding.
[21:41:18] [main/INFO] [FermiumRegistryAPI]: FermiumRegistryAPI supplied "mixins.eaglemixins.xat.randomtp.json" for late mixin enqueue, adding.
[21:41:18] [main/INFO] [FermiumJarScanner]: FermiumMixinConfig enqueueing mixin(s) parsed from annotated config Custom Living Gear Evolution (SRP) from eaglemixins.
[21:41:18] [main/INFO] [FermiumRegistryAPI]: FermiumRegistryAPI supplied "mixins.eaglemixins.srparasites.disabledefaultgearevo.json" for late mixin enqueue, adding.
[21:41:18] [main/INFO] [FermiumJarScanner]: FermiumMixinConfig enqueueing mixin(s) parsed from annotated config Override Block Interaction Lock (Reskillable) from eaglemixins.
[21:41:18] [main/INFO] [FermiumRegistryAPI]: FermiumRegistryAPI supplied "mixins.eaglemixins.reskillable.rightclickblockoverride.json" for late mixin enqueue, adding.
[21:41:18] [main/INFO] [FermiumJarScanner]: FermiumMixinConfig enqueueing mixin(s) parsed from annotated config SubChunk Radiation (NuclearCraft) from eaglemixins.
[21:41:18] [main/INFO] [FermiumRegistryAPI]: FermiumRegistryAPI supplied "mixins.eaglemixins.nuclearcraft.subchunkradiation.json" for late mixin enqueue, adding.
[21:41:18] [main/INFO] [FermiumJarScanner]: FermiumMixinConfig enqueueing mixin(s) parsed from annotated config Change Rads Scale (NuclearCraft) from eaglemixins.
[21:41:18] [main/INFO] [FermiumRegistryAPI]: FermiumRegistryAPI supplied "mixins.eaglemixins.nuclearcraft.radiationscalechange.json" for late mixin enqueue, adding.
[21:41:18] [main/INFO] [FermiumJarScanner]: FermiumMixinConfig enqueueing mixin(s) parsed from annotated config Radiating Fluids (NuclearCraft) from eaglemixins.
[21:41:18] [main/INFO] [FermiumRegistryAPI]: FermiumRegistryAPI supplied "mixins.eaglemixins.nuclearcraft.radiatingfluids.json" for late mixin enqueue, adding.
[21:41:18] [main/INFO] [FermiumJarScanner]: FermiumMixinConfig enqueueing mixin(s) parsed from annotated config Fix Hazmat Dmg (NuclearCraft) from eaglemixins.
[21:41:18] [main/INFO] [FermiumRegistryAPI]: FermiumRegistryAPI supplied "mixins.eaglemixins.nuclearcraft.fixhazmatdmg.json" for late mixin enqueue, adding.
[21:41:18] [main/INFO] [FermiumJarScanner]: FermiumMixinConfig enqueueing mixin(s) parsed from annotated config Rad Resistance Attribute (NuclearCraft) from eaglemixins.
[21:41:18] [main/INFO] [FermiumRegistryAPI]: FermiumRegistryAPI supplied "mixins.eaglemixins.nuclearcraft.radresistanceattribute.json" for late mixin enqueue, adding.
[21:41:18] [main/INFO] [FermiumJarScanner]: FermiumMixinConfig enqueueing mixin(s) parsed from annotated config Fix Radiation Effects (NuclearCraft) from eaglemixins.
[21:41:18] [main/INFO] [FermiumRegistryAPI]: FermiumRegistryAPI supplied "mixins.eaglemixins.nuclearcraft.radiationeffects.json" for late mixin enqueue, adding.
[21:41:18] [main/INFO] [FermiumJarScanner]: FermiumMixinConfig enqueueing mixin(s) parsed from annotated config Fix Shielding Recipe (NuclearCraft) from eaglemixins.
[21:41:18] [main/INFO] [FermiumRegistryAPI]: FermiumRegistryAPI supplied "mixins.eaglemixins.nuclearcraft.shieldingrecipe.json" for late mixin enqueue, adding.
[21:41:18] [main/INFO] [FermiumJarScanner]: FermiumMixinConfig enqueueing mixin(s) parsed from annotated config Loot Table Radiation (NuclearCraft) from eaglemixins.
[21:41:18] [main/INFO] [FermiumRegistryAPI]: FermiumRegistryAPI supplied "mixins.eaglemixins.nuclearcraft.loottableradiation.json" for late mixin enqueue, adding.
[21:41:18] [main/INFO] [FermiumJarScanner]: FermiumMixinConfig enqueueing mixin(s) parsed from annotated config Inventory Radiation (NuclearCraft/Charm/WearableBackpacks) from eaglemixins.
[21:41:18] [main/INFO] [FermiumRegistryAPI]: FermiumRegistryAPI supplied "mixins.eaglemixins.nuclearcraft.inventoryradiation.json" for late mixin enqueue, adding.
[21:41:18] [main/INFO] [FermiumJarScanner]: FermiumMixinConfig enqueueing mixin(s) parsed from annotated config Slow Air Refill (Vanilla) from eaglemixins.
[21:41:18] [main/INFO] [FermiumRegistryAPI]: FermiumRegistryAPI supplied "mixins.eaglemixins.vanilla.slowairrefill.json" for early mixin enqueue, adding.
[21:41:18] [main/INFO] [FermiumJarScanner]: FermiumMixinConfig enqueueing mixin(s) parsed from annotated config Fix Eagle Math (Vanilla) from eaglemixins.
[21:41:18] [main/INFO] [FermiumRegistryAPI]: FermiumRegistryAPI supplied "mixins.eaglemixins.vanilla.randomvaluerange_eaglemath.json" for early mixin enqueue, adding.
[21:41:18] [main/INFO] [FermiumJarScanner]: FermiumMixinConfig enqueueing mixin(s) parsed from annotated config Zombie Berians (Vanilla) from eaglemixins.
[21:41:18] [main/INFO] [FermiumRegistryAPI]: FermiumRegistryAPI supplied "mixins.eaglemixins.vanilla.zombieberians.json" for early mixin enqueue, adding.
[21:41:18] [main/INFO] [FermiumJarScanner]: FermiumMixinConfig enqueueing mixin(s) parsed from annotated config Climbable Trapdoors (Vanilla) from eaglemixins.
[21:41:18] [main/INFO] [FermiumRegistryAPI]: FermiumRegistryAPI supplied "mixins.eaglemixins.vanilla.climbabletrapdoors.json" for early mixin enqueue, adding.
[21:41:18] [main/INFO] [FermiumJarScanner]: FermiumMixinConfig enqueueing mixin(s) parsed from annotated config Radiation Hearts (Vanilla) from eaglemixins.
[21:41:18] [main/INFO] [FermiumRegistryAPI]: FermiumRegistryAPI supplied "mixins.eaglemixins.vanilla.customradiationhearts.json" for early mixin enqueue, adding.
[21:41:18] [main/INFO] [FermiumJarScanner]: FermiumMixinConfig enqueueing mixin(s) parsed from annotated config Item Attributes (Vanilla) from eaglemixins.
[21:41:18] [main/INFO] [FermiumRegistryAPI]: FermiumRegistryAPI supplied "mixins.eaglemixins.vanilla.itemattributes.json" for early mixin enqueue, adding.
[21:41:18] [main/INFO] [FermiumJarScanner]: FermiumMixinConfig enqueueing mixin(s) parsed from annotated config More Ice in Fridge (CookingForBlockheads) from eaglemixins.
[21:41:18] [main/INFO] [FermiumRegistryAPI]: FermiumRegistryAPI supplied "mixins.eaglemixins.cookingforblockheads.moreice.json" for late mixin enqueue, adding.
[21:41:18] [main/INFO] [FermiumJarScanner]: FermiumMixinConfig enqueueing mixin(s) parsed from annotated config Counters allow Loot Tables (CookingForBlockheads) from eaglemixins.
[21:41:18] [main/INFO] [FermiumRegistryAPI]: FermiumRegistryAPI supplied "mixins.eaglemixins.cookingforblockheads.loottables.json" for late mixin enqueue, adding.
[21:41:18] [main/INFO] [FermiumJarScanner]: FermiumMixinConfig enqueueing mixin(s) parsed from annotated config Custom Inventory Names (CookingForBlockheads) from eaglemixins.
[21:41:18] [main/INFO] [FermiumRegistryAPI]: FermiumRegistryAPI supplied "mixins.eaglemixins.cookingforblockheads.custominventorynames.json" for late mixin enqueue, adding.
[21:41:18] [main/INFO] [FermiumJarScanner]: FermiumMixinConfig enqueueing mixin(s) parsed from annotated config BO3 Material Performance (OTG) from eaglemixins.
[21:41:18] [main/INFO] [FermiumRegistryAPI]: FermiumRegistryAPI supplied "mixins.eaglemixins.otg.bo3materialperformance.json" for late mixin enqueue, adding.
[21:41:18] [main/INFO] [FermiumJarScanner]: FermiumMixinConfig enqueueing mixin(s) parsed from annotated config BO3 BlockFunction Cache (OTG) from eaglemixins.
[21:41:18] [main/INFO] [FermiumRegistryAPI]: FermiumRegistryAPI supplied "mixins.eaglemixins.otg.bo3blockfunctioncache.json" for late mixin enqueue, adding.
[21:41:18] [main/INFO] [FermiumJarScanner]: FermiumMixinConfig enqueueing mixin(s) parsed from annotated config Create World Simplification (OTG) from eaglemixins.
[21:41:18] [main/INFO] [FermiumRegistryAPI]: FermiumRegistryAPI supplied "mixins.eaglemixins.otg.createworldsimplify.json" for late mixin enqueue, adding.
[21:41:18] [main/INFO] [FermiumJarScanner]: FermiumMixinConfig enqueueing mixin(s) parsed from annotated config Old world compatibility (OTG) from eaglemixins.
[21:41:18] [main/INFO] [FermiumRegistryAPI]: FermiumRegistryAPI supplied "mixins.eaglemixins.otg.fixmissingbiomecrash.json" for late mixin enqueue, adding.
[21:41:18] [main/INFO] [FermiumJarScanner]: FermiumMixinConfig enqueueing mixin(s) parsed from annotated config Cancel Summon Loot & XP (FUR) from eaglemixins.
[21:41:18] [main/INFO] [FermiumRegistryAPI]: FermiumRegistryAPI supplied "mixins.eaglemixins.fishsundeadrising.nolootforsummons.json" for late mixin enqueue, adding.
[21:41:18] [main/INFO] [FermiumJarScanner]: FermiumMixinConfig enqueueing mixin(s) parsed from annotated config Modify Skeleton King (FUR) from eaglemixins.
[21:41:18] [main/INFO] [FermiumRegistryAPI]: FermiumRegistryAPI supplied "mixins.eaglemixins.fishsundeadrising.modifyskeletonking.json" for late mixin enqueue, adding.
[21:41:18] [main/INFO] [FermiumJarScanner]: FermiumMixinConfig enqueueing mixin(s) parsed from annotated config Cancel Reaper Scythe Custom Sweep (FUR) from eaglemixins.
[21:41:18] [main/INFO] [FermiumRegistryAPI]: FermiumRegistryAPI supplied "mixins.eaglemixins.fishsundeadrising.cancelcustomsweep.json" for late mixin enqueue, adding.
[21:41:18] [main/INFO] [FermiumJarScanner]: FermiumMixinConfig enqueueing mixin(s) parsed from annotated config Limit Infested Effect (FUR) from eaglemixins.
[21:41:18] [main/INFO] [FermiumRegistryAPI]: FermiumRegistryAPI supplied "mixins.eaglemixins.fishsundeadrising.limitparasiteinfestation.json" for late mixin enqueue, adding.
[21:41:18] [main/INFO] [FermiumJarScanner]: FermiumMixinConfig enqueueing mixin(s) parsed from annotated config More Frames (LegendaryTooltips) from eaglemixins.
[21:41:18] [main/INFO] [FermiumRegistryAPI]: FermiumRegistryAPI supplied "mixins.eaglemixins.legendarytooltips.moreframes.json" for late mixin enqueue, adding.
[21:41:18] [main/INFO] [FermiumJarScanner]: FermiumMixinConfig enqueueing mixin(s) parsed from annotated config Anvil Too Expensive Fix (AnvilPatch) from fermiummixins.
[21:41:18] [main/INFO] [FermiumRegistryAPI]: FermiumRegistryAPI supplied "mixins.fermiummixins.early.anvilpatch.tooexpensivefix.json" for early mixin enqueue, adding.
[21:41:18] [main/INFO] [FermiumJarScanner]: FermiumMixinConfig enqueueing mixin(s) parsed from annotated config Cart Distance Fix (AstikorCarts) from fermiummixins.
[21:41:18] [main/INFO] [FermiumRegistryAPI]: FermiumRegistryAPI supplied "mixins.fermiummixins.late.astikorcarts.cartdistance.json" for late mixin enqueue, adding.
[21:41:18] [main/INFO] [FermiumJarScanner]: FermiumMixinConfig enqueueing mixin(s) parsed from annotated config Boss Cart Prevention (AstikorCarts) from fermiummixins.
[21:41:18] [main/INFO] [FermiumRegistryAPI]: FermiumRegistryAPI supplied "mixins.fermiummixins.late.astikorcarts.bosscart.json" for late mixin enqueue, adding.
[21:41:18] [main/INFO] [FermiumJarScanner]: FermiumMixinConfig enqueueing mixin(s) parsed from annotated config Config Load Spam Fix (Battletowers) from fermiummixins.
[21:41:18] [main/INFO] [FermiumRegistryAPI]: FermiumRegistryAPI supplied "mixins.fermiummixins.late.battletowers.configperformance.json" for late mixin enqueue, adding.
[21:41:18] [main/INFO] [FermiumJarScanner]: FermiumMixinConfig enqueueing mixin(s) parsed from annotated config BetterFoliage Whitelist/Blacklist Cache (BetterFoliage) from fermiummixins.
[21:41:18] [main/INFO] [FermiumRegistryAPI]: FermiumRegistryAPI supplied "mixins.fermiummixins.late.betterfoliage.cache.json" for late mixin enqueue, adding.
[21:41:18] [main/INFO] [FermiumJarScanner]: FermiumMixinConfig enqueueing mixin(s) parsed from annotated config BetterFoliage Geometry Offset (BetterFoliage) from fermiummixins.
[21:41:18] [main/INFO] [FermiumRegistryAPI]: FermiumRegistryAPI supplied "mixins.fermiummixins.late.betterfoliage.offset.json" for late mixin enqueue, adding.
[21:41:18] [main/INFO] [FermiumJarScanner]: FermiumMixinConfig enqueueing mixin(s) parsed from annotated config Excess Mineshaft Chunk Generation Fix (BetterMineshafts) from fermiummixins.
[21:41:18] [main/INFO] [FermiumRegistryAPI]: FermiumRegistryAPI supplied "mixins.fermiummixins.late.bettermineshafts.performance.json" for late mixin enqueue, adding.
[21:41:18] [main/INFO] [FermiumJarScanner]: FermiumMixinConfig enqueueing mixin(s) parsed from annotated config Mineshaft Biome Blacklist Patch (BetterMineshafts) from fermiummixins.
[21:41:18] [main/INFO] [FermiumRegistryAPI]: FermiumRegistryAPI supplied "mixins.fermiummixins.late.bettermineshafts.blacklist.json" for late mixin enqueue, adding.
[21:41:18] [main/INFO] [FermiumJarScanner]: FermiumMixinConfig enqueueing mixin(s) parsed from annotated config BetterNether Memory Leak Fix (BetterNether) from fermiummixins.
[21:41:18] [main/INFO] [FermiumRegistryAPI]: FermiumRegistryAPI supplied "mixins.fermiummixins.late.betternether.memoryleak.json" for late mixin enqueue, adding.
[21:41:18] [main/INFO] [FermiumJarScanner]: FermiumMixinConfig enqueueing mixin(s) parsed from annotated config BetterNether Double Slab Drop Fix (BetterNether) from fermiummixins.
[21:41:18] [main/INFO] [FermiumRegistryAPI]: FermiumRegistryAPI supplied "mixins.fermiummixins.late.betternether.slabdrop.json" for late mixin enqueue, adding.
[21:41:18] [main/INFO] [FermiumJarScanner]: FermiumMixinConfig enqueueing mixin(s) parsed from annotated config BetterNether Door Dupe Fix (BetterNether) from fermiummixins.
[21:41:18] [main/INFO] [FermiumRegistryAPI]: FermiumRegistryAPI supplied "mixins.fermiummixins.late.betternether.doordupe.json" for late mixin enqueue, adding.
[21:41:18] [main/INFO] [FermiumJarScanner]: FermiumMixinConfig enqueueing mixin(s) parsed from annotated config Stalagnate Bowl Fix (BetterNether) from fermiummixins.
[21:41:18] [main/INFO] [FermiumRegistryAPI]: FermiumRegistryAPI supplied "mixins.fermiummixins.late.betternether.soupbowl.json" for late mixin enqueue, adding.
[21:41:18] [main/INFO] [FermiumJarScanner]: FermiumMixinConfig enqueueing mixin(s) parsed from annotated config BetterQuesting Memory Leak Fix (BetterQuestingStandardExpansion) from fermiummixins.
[21:41:18] [main/INFO] [FermiumRegistryAPI]: FermiumRegistryAPI supplied "mixins.fermiummixins.late.betterquesting.memoryleak.json" for late mixin enqueue, adding.
[21:41:18] [main/INFO] [FermiumJarScanner]: FermiumMixinConfig enqueueing mixin(s) parsed from annotated config Prevent Nether Wasp Farming (BiomesOPlenty) from fermiummixins.
[21:41:18] [main/INFO] [FermiumRegistryAPI]: FermiumRegistryAPI supplied "mixins.fermiummixins.early.biomesoplenty.waspfarm.json" for early mixin enqueue, adding.
[21:41:18] [main/INFO] [FermiumJarScanner]: FermiumMixinConfig enqueueing mixin(s) parsed from annotated config Bloodmoon Loot Pickup Fix (Bloodmoon) from fermiummixins.
[21:41:18] [main/INFO] [FermiumRegistryAPI]: FermiumRegistryAPI supplied "mixins.fermiummixins.early.bloodmoon.lootpickup.json" for early mixin enqueue, adding.
[21:41:18] [main/INFO] [FermiumJarScanner]: FermiumMixinConfig enqueueing mixin(s) parsed from annotated config Bloodmoon Spawner Performance (Bloodmoon) from fermiummixins.
[21:41:18] [main/INFO] [FermiumRegistryAPI]: FermiumRegistryAPI supplied "mixins.fermiummixins.late.bloodmoon.spawnerperformance.json" for late mixin enqueue, adding.
[21:41:18] [main/INFO] [FermiumJarScanner]: FermiumMixinConfig enqueueing mixin(s) parsed from annotated config Bloodmoon Optifine Compat Patch (Bloodmoon) from fermiummixins.
[21:41:18] [main/INFO] [FermiumRegistryAPI]: FermiumRegistryAPI supplied "mixins.fermiummixins.early.bloodmoon.optifinerender.json" for early mixin enqueue, adding.
[21:41:18] [main/INFO] [FermiumJarScanner]: FermiumMixinConfig enqueueing mixin(s) parsed from annotated config Flare Gun Rework (BountifulBaubles) from fermiummixins.
[21:41:18] [main/INFO] [FermiumRegistryAPI]: FermiumRegistryAPI supplied "mixins.fermiummixins.early.bountifulbaubles.flaregun.json" for early mixin enqueue, adding.
[21:41:18] [main/INFO] [FermiumRegistryAPI]: FermiumRegistryAPI supplied "mixins.fermiummixins.late.bountifulbaubles.flaregun.json" for late mixin enqueue, adding.
[21:41:18] [main/INFO] [FermiumJarScanner]: FermiumMixinConfig enqueueing mixin(s) parsed from annotated config Enchantment isShield Fix (BountifulBaubles) from fermiummixins.
[21:41:18] [main/INFO] [FermiumRegistryAPI]: FermiumRegistryAPI supplied "mixins.fermiummixins.late.bountifulbaubles.isshield.json" for late mixin enqueue, adding.
[21:41:18] [main/INFO] [FermiumJarScanner]: FermiumMixinConfig enqueueing mixin(s) parsed from annotated config Cobalt Shield Increased Resistance (BountifulBaubles) from fermiummixins.
[21:41:18] [main/INFO] [FermiumRegistryAPI]: FermiumRegistryAPI supplied "mixins.fermiummixins.late.bountifulbaubles.knockback.json" for late mixin enqueue, adding.
[21:41:18] [main/INFO] [FermiumJarScanner]: FermiumMixinConfig enqueueing mixin(s) parsed from annotated config Reforging Binding Fix (BountifulBaubles) from fermiummixins.
[21:41:18] [main/INFO] [FermiumRegistryAPI]: FermiumRegistryAPI supplied "mixins.fermiummixins.late.bountifulbaubles.binding.json" for late mixin enqueue, adding.
[21:41:18] [main/INFO] [FermiumJarScanner]: FermiumMixinConfig enqueueing mixin(s) parsed from annotated config Fire Resistance Baubles Rework (BountifulBaubles) from fermiummixins.
[21:41:18] [main/INFO] [FermiumRegistryAPI]: FermiumRegistryAPI supplied "mixins.fermiummixins.late.bountifulbaubles.fireresistance.json" for late mixin enqueue, adding.
[21:41:18] [main/INFO] [FermiumJarScanner]: FermiumMixinConfig enqueueing mixin(s) parsed from annotated config Gluttony Eating Speed Only (BountifulBaubles) from fermiummixins.
[21:41:18] [main/INFO] [FermiumRegistryAPI]: FermiumRegistryAPI supplied "mixins.fermiummixins.late.bountifulbaubles.drink.json" for late mixin enqueue, adding.
[21:41:18] [main/INFO] [FermiumJarScanner]: FermiumMixinConfig enqueueing mixin(s) parsed from annotated config Gluttony Ignore Trumpet Fix (BountifulBaubles/TrumpetSkeleton) from fermiummixins.
[21:41:18] [main/INFO] [FermiumRegistryAPI]: FermiumRegistryAPI supplied "mixins.fermiummixins.late.bountifulbaubles.trumpet.json" for late mixin enqueue, adding.
[21:41:18] [main/INFO] [FermiumJarScanner]: FermiumMixinConfig enqueueing mixin(s) parsed from annotated config Broken Heart First Aid Fix (BountifulBaubles/FirstAid) from fermiummixins.
[21:41:18] [main/INFO] [FermiumRegistryAPI]: FermiumRegistryAPI supplied "mixins.fermiummixins.late.bountifulbaubles.brokenheart.json" for late mixin enqueue, adding.
[21:41:18] [main/INFO] [FermiumJarScanner]: FermiumMixinConfig enqueueing mixin(s) parsed from annotated config Ungenerated Chest Patch (CarryOn) from fermiummixins.
[21:41:18] [main/INFO] [FermiumRegistryAPI]: FermiumRegistryAPI supplied "mixins.fermiummixins.late.carryon.chest.json" for late mixin enqueue, adding.
[21:41:18] [main/INFO] [FermiumJarScanner]: FermiumMixinConfig enqueueing mixin(s) parsed from annotated config Passenger Rider Death Fix (CarryOn) from fermiummixins.
[21:41:18] [main/INFO] [FermiumRegistryAPI]: FermiumRegistryAPI supplied "mixins.fermiummixins.late.carryon.position.json" for late mixin enqueue, adding.
[21:41:18] [main/INFO] [FermiumJarScanner]: FermiumMixinConfig enqueueing mixin(s) parsed from annotated config Saddled Pig Fix (CarryOn) from fermiummixins.
[21:41:18] [main/INFO] [FermiumRegistryAPI]: FermiumRegistryAPI supplied "mixins.fermiummixins.late.carryon.pig.json" for late mixin enqueue, adding.
[21:41:18] [main/INFO] [FermiumJarScanner]: FermiumMixinConfig enqueueing mixin(s) parsed from annotated config Pack Animal Inventory Fix (CarryOn) from fermiummixins.
[21:41:18] [main/INFO] [FermiumRegistryAPI]: FermiumRegistryAPI supplied "mixins.fermiummixins.late.carryon.chesthorse.json" for late mixin enqueue, adding.
[21:41:18] [main/INFO] [FermiumJarScanner]: FermiumMixinConfig enqueueing mixin(s) parsed from annotated config Prevent Infested Farming (Champions) from fermiummixins.
[21:41:18] [main/INFO] [FermiumRegistryAPI]: FermiumRegistryAPI supplied "mixins.fermiummixins.late.champions.infested.json" for late mixin enqueue, adding.
[21:41:18] [main/INFO] [FermiumJarScanner]: FermiumMixinConfig enqueueing mixin(s) parsed from annotated config Jailer Time Fix (Champions) from fermiummixins.
[21:41:18] [main/INFO] [FermiumRegistryAPI]: FermiumRegistryAPI supplied "mixins.fermiummixins.late.champions.jailer.json" for late mixin enqueue, adding.
[21:41:18] [main/INFO] [FermiumJarScanner]: FermiumMixinConfig enqueueing mixin(s) parsed from annotated config Death Message Tweak (Champions) from fermiummixins.
[21:41:18] [main/INFO] [FermiumRegistryAPI]: FermiumRegistryAPI supplied "mixins.fermiummixins.late.champions.deathmessage.json" for late mixin enqueue, adding.
[21:41:18] [main/INFO] [FermiumJarScanner]: FermiumMixinConfig enqueueing mixin(s) parsed from annotated config Potion Particle Visibility (Champions) from fermiummixins.
[21:41:18] [main/INFO] [FermiumRegistryAPI]: FermiumRegistryAPI supplied "mixins.fermiummixins.late.champions.particle.json" for late mixin enqueue, adding.
[21:41:18] [main/INFO] [FermiumJarScanner]: FermiumMixinConfig enqueueing mixin(s) parsed from annotated config Reflecting Damage Fix (Champions) from fermiummixins.
[21:41:18] [main/INFO] [FermiumRegistryAPI]: FermiumRegistryAPI supplied "mixins.fermiummixins.late.champions.reflecting.json" for late mixin enqueue, adding.
[21:41:18] [main/INFO] [FermiumJarScanner]: FermiumMixinConfig enqueueing mixin(s) parsed from annotated config Prevent Ownable Champions (Champions) from fermiummixins.
[21:41:18] [main/INFO] [FermiumRegistryAPI]: FermiumRegistryAPI supplied "mixins.fermiummixins.late.champions.ownable.json" for late mixin enqueue, adding.
[21:41:18] [main/INFO] [FermiumJarScanner]: FermiumMixinConfig enqueueing mixin(s) parsed from annotated config Prevent Infernal Champions (Champions/InfernalMobs) from fermiummixins.
[21:41:18] [main/INFO] [FermiumRegistryAPI]: FermiumRegistryAPI supplied "mixins.fermiummixins.late.champions.infernals.json" for late mixin enqueue, adding.
[21:41:18] [main/INFO] [FermiumJarScanner]: FermiumMixinConfig enqueueing mixin(s) parsed from annotated config XP Drop Fix (Champions) from fermiummixins.
[21:41:18] [main/INFO] [FermiumRegistryAPI]: FermiumRegistryAPI supplied "mixins.fermiummixins.late.champions.droppedxp.json" for late mixin enqueue, adding.
[21:41:18] [main/INFO] [FermiumJarScanner]: FermiumMixinConfig enqueueing mixin(s) parsed from annotated config Prevent Shulker Crate Insertion (Charm) from fermiummixins.
[21:41:18] [main/INFO] [FermiumRegistryAPI]: FermiumRegistryAPI supplied "mixins.fermiummixins.early.charm.shulkerinsertion.json" for early mixin enqueue, adding.
[21:41:18] [main/INFO] [FermiumJarScanner]: FermiumMixinConfig enqueueing mixin(s) parsed from annotated config Magnetic Enchant Dupe Patch (Charm) from fermiummixins.
[21:41:18] [main/INFO] [FermiumRegistryAPI]: FermiumRegistryAPI supplied "mixins.fermiummixins.late.charm.magneticdupe.json" for late mixin enqueue, adding.
[21:41:18] [main/INFO] [FermiumJarScanner]: FermiumMixinConfig enqueueing mixin(s) parsed from annotated config Rusting Curse Negative Durability Patch (Charm) from fermiummixins.
[21:41:18] [main/INFO] [FermiumRegistryAPI]: FermiumRegistryAPI supplied "mixins.fermiummixins.late.charm.rustingdurability.json" for late mixin enqueue, adding.
[21:41:18] [main/INFO] [FermiumJarScanner]: FermiumMixinConfig enqueueing mixin(s) parsed from annotated config Colored Rune Portal Player Only (Charm) from fermiummixins.
[21:41:18] [main/INFO] [FermiumRegistryAPI]: FermiumRegistryAPI supplied "mixins.fermiummixins.late.charm.runeportalplayeronly.json" for late mixin enqueue, adding.
[21:41:18] [main/INFO] [FermiumJarScanner]: FermiumMixinConfig enqueueing mixin(s) parsed from annotated config Hat Stand Crash (ClassyHats) from fermiummixins.
[21:41:18] [main/INFO] [FermiumRegistryAPI]: FermiumRegistryAPI supplied "mixins.fermiummixins.late.classyhats.pickblock.json" for late mixin enqueue, adding.
[21:41:18] [main/INFO] [FermiumJarScanner]: FermiumMixinConfig enqueueing mixin(s) parsed from annotated config XP Return Fix (CorpseComplex) from fermiummixins.
[21:41:18] [main/INFO] [FermiumRegistryAPI]: FermiumRegistryAPI supplied "mixins.fermiummixins.late.corpsecomplex.xpreturn.json" for late mixin enqueue, adding.
[21:41:18] [main/INFO] [FermiumJarScanner]: FermiumMixinConfig enqueueing mixin(s) parsed from annotated config Corruption Performance Improvements (DefiledLands) from fermiummixins.
[21:41:18] [main/INFO] [FermiumRegistryAPI]: FermiumRegistryAPI supplied "mixins.fermiummixins.late.defiledlands.corruption.json" for late mixin enqueue, adding.
[21:41:18] [main/INFO] [FermiumJarScanner]: FermiumMixinConfig enqueueing mixin(s) parsed from annotated config Modify BookWyrm Max Level (DefiledLands) from fermiummixins.
[21:41:18] [main/INFO] [FermiumRegistryAPI]: FermiumRegistryAPI supplied "mixins.fermiummixins.late.defiledlands.bookwyrms.json" for late mixin enqueue, adding.
[21:41:18] [main/INFO] [FermiumJarScanner]: FermiumMixinConfig enqueueing mixin(s) parsed from annotated config Table GUI Crash Fix (Disenchanter) from fermiummixins.
[21:41:18] [main/INFO] [FermiumRegistryAPI]: FermiumRegistryAPI supplied "mixins.fermiummixins.late.disenchanter.crash.json" for late mixin enqueue, adding.
[21:41:18] [main/INFO] [FermiumJarScanner]: FermiumMixinConfig enqueueing mixin(s) parsed from annotated config Dungeon Theme Error (DoomlikeDungeons) from fermiummixins.
[21:41:18] [main/INFO] [FermiumRegistryAPI]: FermiumRegistryAPI supplied "mixins.fermiummixins.late.doomlikedungeons.themeerror.json" for late mixin enqueue, adding.
[21:41:18] [main/INFO] [FermiumJarScanner]: FermiumMixinConfig enqueueing mixin(s) parsed from annotated config WorldGen Leaves Lighting Lag Fix (DramaticTrees) from fermiummixins.
[21:41:18] [main/INFO] [FermiumRegistryAPI]: FermiumRegistryAPI supplied "mixins.fermiummixins.late.dramatictrees.lighting.json" for late mixin enqueue, adding.
[21:41:18] [main/INFO] [FermiumJarScanner]: FermiumMixinConfig enqueueing mixin(s) parsed from annotated config Collision Box Cache (DramaticTrees) from fermiummixins.
[21:41:18] [main/INFO] [FermiumRegistryAPI]: FermiumRegistryAPI supplied "mixins.fermiummixins.late.dramatictrees.aabbcache.json" for late mixin enqueue, adding.
[21:41:18] [main/INFO] [FermiumJarScanner]: FermiumMixinConfig enqueueing mixin(s) parsed from annotated config Custom Entity Chat Bubbles (DynamicSurroundings) from fermiummixins.
[21:41:18] [main/INFO] [FermiumRegistryAPI]: FermiumRegistryAPI supplied "mixins.fermiummixins.late.dynamicsurroundings.customchat.json" for late mixin enqueue, adding.
[21:41:18] [main/INFO] [FermiumJarScanner]: FermiumMixinConfig enqueueing mixin(s) parsed from annotated config Entity Chat Bubble Shaders Patch (DynamicSurroundings/Optifine) from fermiummixins.
[21:41:18] [main/INFO] [FermiumRegistryAPI]: FermiumRegistryAPI supplied "mixins.fermiummixins.late.dynamicsurroundings.chatrender.json" for late mixin enqueue, adding.
[21:41:18] [main/INFO] [FermiumJarScanner]: FermiumMixinConfig enqueueing mixin(s) parsed from annotated config Potion Amplifier Visibility (DynamicSurroundings/DSHuds) from fermiummixins.
[21:41:18] [main/INFO] [FermiumRegistryAPI]: FermiumRegistryAPI supplied "mixins.fermiummixins.late.dynamicsurroundings.potionamplifier.json" for late mixin enqueue, adding.
[21:41:18] [main/INFO] [FermiumJarScanner]: FermiumMixinConfig enqueueing mixin(s) parsed from annotated config Display Barometer/Photometer Information (DynamicSurroundings/DSHuds/Inspirations) from fermiummixins.
[21:41:18] [main/INFO] [FermiumRegistryAPI]: FermiumRegistryAPI supplied "mixins.fermiummixins.late.dynamicsurroundings.barophotometer.json" for late mixin enqueue, adding.
[21:41:18] [main/INFO] [FermiumJarScanner]: FermiumMixinConfig enqueueing mixin(s) parsed from annotated config Tick Performance Improvement (ElenaiDodge) from fermiummixins.
[21:41:18] [main/INFO] [FermiumRegistryAPI]: FermiumRegistryAPI supplied "mixins.fermiummixins.late.elenaidodge.performance.json" for late mixin enqueue, adding.
[21:41:18] [main/INFO] [FermiumJarScanner]: FermiumMixinConfig enqueueing mixin(s) parsed from annotated config FancyMenu Server Crash (FancyMenu) from fermiummixins.
[21:41:18] [main/INFO] [FermiumRegistryAPI]: FermiumRegistryAPI supplied "mixins.fermiummixins.early.fancymenu.servercrash.json" for early mixin enqueue, adding.
[21:41:18] [main/INFO] [FermiumJarScanner]: FermiumMixinConfig enqueueing mixin(s) parsed from annotated config Fix Health Display (FirstAid) from fermiummixins.
[21:41:18] [main/INFO] [FermiumRegistryAPI]: FermiumRegistryAPI supplied "mixins.fermiummixins.late.firstaid.heartrender.json" for late mixin enqueue, adding.
[21:41:18] [main/INFO] [FermiumJarScanner]: FermiumMixinConfig enqueueing mixin(s) parsed from annotated config Horse Meat From Llamas Fix (FoodExpansion) from fermiummixins.
[21:41:18] [main/INFO] [FermiumRegistryAPI]: FermiumRegistryAPI supplied "mixins.fermiummixins.late.foodexpansion.llama.json" for late mixin enqueue, adding.
[21:41:18] [main/INFO] [FermiumJarScanner]: FermiumMixinConfig enqueueing mixin(s) parsed from annotated config Vein Pickaxe Abuse Patch (ForgottenItems) from fermiummixins.
[21:41:18] [main/INFO] [FermiumRegistryAPI]: FermiumRegistryAPI supplied "mixins.fermiummixins.late.forgottenitems.veinpick.json" for late mixin enqueue, adding.
[21:41:18] [main/INFO] [FermiumJarScanner]: FermiumMixinConfig enqueueing mixin(s) parsed from annotated config Broken Rune Fix (ForgottenItems) from fermiummixins.
[21:41:18] [main/INFO] [FermiumRegistryAPI]: FermiumRegistryAPI supplied "mixins.fermiummixins.late.forgottenitems.rune.json" for late mixin enqueue, adding.
[21:41:18] [main/INFO] [FermiumJarScanner]: FermiumMixinConfig enqueueing mixin(s) parsed from annotated config Bound Tools Lost NBT Fix (ForgottenItems) from fermiummixins.
[21:41:18] [main/INFO] [FermiumRegistryAPI]: FermiumRegistryAPI supplied "mixins.fermiummixins.late.forgottenitems.bound.json" for late mixin enqueue, adding.
[21:41:18] [main/INFO] [FermiumJarScanner]: FermiumMixinConfig enqueueing mixin(s) parsed from annotated config Fix Spawn Rule Repetition (InControl/Optifine) from fermiummixins.
[21:41:18] [main/INFO] [FermiumRegistryAPI]: FermiumRegistryAPI supplied "mixins.fermiummixins.late.incontrol.spawnrulefix.json" for late mixin enqueue, adding.
[21:41:18] [main/INFO] [FermiumJarScanner]: FermiumMixinConfig enqueueing mixin(s) parsed from annotated config Infernal Particle Spam (InfernalMobs) from fermiummixins.
[21:41:18] [main/INFO] [FermiumRegistryAPI]: FermiumRegistryAPI supplied "mixins.fermiummixins.late.infernalmobs.particle.json" for late mixin enqueue, adding.
[21:41:18] [main/INFO] [FermiumJarScanner]: FermiumMixinConfig enqueueing mixin(s) parsed from annotated config Config Load Spam Fix (InfernalMobs) from fermiummixins.
[21:41:18] [main/INFO] [FermiumRegistryAPI]: FermiumRegistryAPI supplied "mixins.fermiummixins.late.infernalmobs.configperformance.json" for late mixin enqueue, adding.
[21:41:18] [main/INFO] [FermiumJarScanner]: FermiumMixinConfig enqueueing mixin(s) parsed from annotated config Remove Shield Protection Enchants (Inspirations) from fermiummixins.
[21:41:18] [main/INFO] [FermiumRegistryAPI]: FermiumRegistryAPI supplied "mixins.fermiummixins.late.inspirations.protection.json" for late mixin enqueue, adding.
[21:41:18] [main/INFO] [FermiumJarScanner]: FermiumMixinConfig enqueueing mixin(s) parsed from annotated config Bookshelf Color Crash Fix (Inspirations) from fermiummixins.
[21:41:18] [main/INFO] [FermiumRegistryAPI]: FermiumRegistryAPI supplied "mixins.fermiummixins.late.inspirations.colorcrash.json" for late mixin enqueue, adding.
[21:41:18] [main/INFO] [FermiumJarScanner]: FermiumMixinConfig enqueueing mixin(s) parsed from annotated config Server Crash Fix (ItemPhysics) from fermiummixins.
[21:41:18] [main/INFO] [FermiumRegistryAPI]: FermiumRegistryAPI supplied "mixins.fermiummixins.early.itemphysics.servercrash.json" for early mixin enqueue, adding.
[21:41:18] [main/INFO] [FermiumRegistryAPI]: FermiumRegistryAPI supplied "mixins.fermiummixins.late.itemphysics.servercrash.json" for late mixin enqueue, adding.
[21:41:18] [main/INFO] [FermiumJarScanner]: FermiumMixinConfig enqueueing mixin(s) parsed from annotated config Item Pickup Reach Attribute (ItemPhysics/ReachFix) from fermiummixins.
[21:41:18] [main/INFO] [FermiumRegistryAPI]: FermiumRegistryAPI supplied "mixins.fermiummixins.late.itemphysics.reach.json" for late mixin enqueue, adding.
[21:41:18] [main/INFO] [FermiumJarScanner]: FermiumMixinConfig enqueueing mixin(s) parsed from annotated config CarryOn Q Fix (ItemPhysics/CarryOn) from fermiummixins.
[21:41:18] [main/INFO] [FermiumRegistryAPI]: FermiumRegistryAPI supplied "mixins.fermiummixins.late.itemphysics.carryonq.json" for late mixin enqueue, adding.
[21:41:18] [main/INFO] [FermiumJarScanner]: FermiumMixinConfig enqueueing mixin(s) parsed from annotated config Ignore Anvil Enchantment Recipes (JEI) from fermiummixins.
[21:41:18] [main/INFO] [FermiumRegistryAPI]: FermiumRegistryAPI supplied "mixins.fermiummixins.late.jei.enchant.json" for late mixin enqueue, adding.
[21:41:18] [main/INFO] [FermiumJarScanner]: FermiumMixinConfig enqueueing mixin(s) parsed from annotated config Keyring Dupe Patch (Locks) from fermiummixins.
[21:41:18] [main/INFO] [FermiumRegistryAPI]: FermiumRegistryAPI supplied "mixins.fermiummixins.late.locks.dupe.json" for late mixin enqueue, adding.
[21:41:18] [main/INFO] [FermiumJarScanner]: FermiumMixinConfig enqueueing mixin(s) parsed from annotated config Render Box Resize (LycanitesMobs) from fermiummixins.
[21:41:18] [main/INFO] [FermiumRegistryAPI]: FermiumRegistryAPI supplied "mixins.fermiummixins.late.lycanitesmobs.render.json" for late mixin enqueue, adding.
[21:41:18] [main/INFO] [FermiumJarScanner]: FermiumMixinConfig enqueueing mixin(s) parsed from annotated config Spriggan Growth Rate Override Patch (LycanitesMobs) from fermiummixins.
[21:41:18] [main/INFO] [FermiumRegistryAPI]: FermiumRegistryAPI supplied "mixins.fermiummixins.late.lycanitesmobs.spriggan.json" for late mixin enqueue, adding.
[21:41:18] [main/INFO] [FermiumJarScanner]: FermiumMixinConfig enqueueing mixin(s) parsed from annotated config Asmodeus Minion Patch (LycanitesMobs) from fermiummixins.
[21:41:18] [main/INFO] [FermiumRegistryAPI]: FermiumRegistryAPI supplied "mixins.fermiummixins.late.lycanitesmobs.minion.json" for late mixin enqueue, adding.
[21:41:18] [main/INFO] [FermiumJarScanner]: FermiumMixinConfig enqueueing mixin(s) parsed from annotated config Allow Charges In Item Frames (LycanitesMobs) from fermiummixins.
[21:41:18] [main/INFO] [FermiumRegistryAPI]: FermiumRegistryAPI supplied "mixins.fermiummixins.late.lycanitesmobs.itemframe.json" for late mixin enqueue, adding.
[21:41:18] [main/INFO] [FermiumJarScanner]: FermiumMixinConfig enqueueing mixin(s) parsed from annotated config Fix Duplicate Render ID Crash (MoBends) from fermiummixins.
[21:41:18] [main/INFO] [FermiumRegistryAPI]: FermiumRegistryAPI supplied "mixins.fermiummixins.early.mobends.idcrash.json" for early mixin enqueue, adding.
[21:41:18] [main/INFO] [FermiumRegistryAPI]: FermiumRegistryAPI supplied "mixins.fermiummixins.late.mobends.idcrash.json" for late mixin enqueue, adding.
[21:41:18] [main/INFO] [FermiumJarScanner]: FermiumMixinConfig enqueueing mixin(s) parsed from annotated config MoBends Memory Leak Patches (MoBends) from fermiummixins.
[21:41:18] [main/INFO] [FermiumRegistryAPI]: FermiumRegistryAPI supplied "mixins.fermiummixins.early.mobends.memleak.json" for early mixin enqueue, adding.
[21:41:18] [main/INFO] [FermiumRegistryAPI]: FermiumRegistryAPI supplied "mixins.fermiummixins.late.mobends.memleak.json" for late mixin enqueue, adding.
[21:41:18] [main/INFO] [FermiumJarScanner]: FermiumMixinConfig enqueueing mixin(s) parsed from annotated config Health Bar Shaders Patch (Neat) from fermiummixins.
[21:41:18] [main/INFO] [FermiumRegistryAPI]: FermiumRegistryAPI supplied "mixins.fermiummixins.late.neat.optifinerender.json" for late mixin enqueue, adding.
[21:41:18] [main/INFO] [FermiumJarScanner]: FermiumMixinConfig enqueueing mixin(s) parsed from annotated config Clay Tool Enchant Patch (NoTreePunching) from fermiummixins.
[21:41:18] [main/INFO] [FermiumRegistryAPI]: FermiumRegistryAPI supplied "mixins.fermiummixins.late.notreepunching.claytool.json" for late mixin enqueue, adding.
[21:41:18] [main/INFO] [FermiumJarScanner]: FermiumMixinConfig enqueueing mixin(s) parsed from annotated config Mattock Durability Patch (NoTreePunching) from fermiummixins.
[21:41:18] [main/INFO] [FermiumRegistryAPI]: FermiumRegistryAPI supplied "mixins.fermiummixins.late.notreepunching.mattock.json" for late mixin enqueue, adding.
[21:41:18] [main/INFO] [FermiumJarScanner]: FermiumMixinConfig enqueueing mixin(s) parsed from annotated config Force Vanilla Spawning (OpenTerrainGenerator) from fermiummixins.
[21:41:18] [main/INFO] [FermiumRegistryAPI]: FermiumRegistryAPI supplied "mixins.fermiummixins.late.openterraingenerator.respawn.json" for late mixin enqueue, adding.
[21:41:18] [main/INFO] [FermiumJarScanner]: FermiumMixinConfig enqueueing mixin(s) parsed from annotated config Force Disable Pregenerator (OpenTerrainGenerator) from fermiummixins.
[21:41:18] [main/INFO] [FermiumRegistryAPI]: FermiumRegistryAPI supplied "mixins.fermiummixins.late.openterraingenerator.pregen.json" for late mixin enqueue, adding.
[21:41:18] [main/INFO] [FermiumJarScanner]: FermiumMixinConfig enqueueing mixin(s) parsed from annotated config Save To Disk Crash Improvement (OpenTerrainGenerator) from fermiummixins.
[21:41:18] [main/INFO] [FermiumRegistryAPI]: FermiumRegistryAPI supplied "mixins.fermiummixins.late.openterraingenerator.savetodiskcrash.json" for late mixin enqueue, adding.
[21:41:18] [main/INFO] [FermiumJarScanner]: FermiumMixinConfig enqueueing mixin(s) parsed from annotated config World Gen Crash Improvement (OpenTerrainGenerator) from fermiummixins.
[21:41:18] [main/INFO] [FermiumRegistryAPI]: FermiumRegistryAPI supplied "mixins.fermiummixins.late.openterraingenerator.worldgencrash.json" for late mixin enqueue, adding.
[21:41:18] [main/INFO] [FermiumJarScanner]: FermiumMixinConfig enqueueing mixin(s) parsed from annotated config CustomStructureCache Improve Load Speed (OpenTerrainGenerator) from fermiummixins.
[21:41:18] [main/INFO] [FermiumRegistryAPI]: FermiumRegistryAPI supplied "mixins.fermiummixins.late.openterraingenerator.cacheloadspeed.json" for late mixin enqueue, adding.
[21:41:18] [main/INFO] [FermiumJarScanner]: FermiumMixinConfig enqueueing mixin(s) parsed from annotated config Invert Debuff Only (PotionCore) from fermiummixins.
[21:41:18] [main/INFO] [FermiumRegistryAPI]: FermiumRegistryAPI supplied "mixins.fermiummixins.late.potioncore.invert.json" for late mixin enqueue, adding.
[21:41:18] [main/INFO] [FermiumJarScanner]: FermiumMixinConfig enqueueing mixin(s) parsed from annotated config Revival Player Only (PotionCore) from fermiummixins.
[21:41:18] [main/INFO] [FermiumRegistryAPI]: FermiumRegistryAPI supplied "mixins.fermiummixins.late.potioncore.revival.json" for late mixin enqueue, adding.
[21:41:18] [main/INFO] [FermiumJarScanner]: FermiumMixinConfig enqueueing mixin(s) parsed from annotated config Limit Modifier Checks (QualityTools) from fermiummixins.
[21:41:18] [main/INFO] [FermiumRegistryAPI]: FermiumRegistryAPI supplied "mixins.fermiummixins.late.qualitytools.performance.json" for late mixin enqueue, adding.
[21:41:18] [main/INFO] [FermiumJarScanner]: FermiumMixinConfig enqueueing mixin(s) parsed from annotated config Optifine Rune Render Fix (Quark) from fermiummixins.
[21:41:18] [main/INFO] [FermiumRegistryAPI]: FermiumRegistryAPI supplied "mixins.fermiummixins.early.quark.runeoptifine.json" for early mixin enqueue, adding.
[21:41:18] [main/INFO] [FermiumJarScanner]: FermiumMixinConfig enqueueing mixin(s) parsed from annotated config Stoneling Dupe Patch (Quark) from fermiummixins.
[21:41:18] [main/INFO] [FermiumRegistryAPI]: FermiumRegistryAPI supplied "mixins.fermiummixins.late.quark.stonelingdupe.json" for late mixin enqueue, adding.
[21:41:18] [main/INFO] [FermiumJarScanner]: FermiumMixinConfig enqueueing mixin(s) parsed from annotated config Sync Sign Edit Config (Quark) from fermiummixins.
[21:41:18] [main/INFO] [FermiumRegistryAPI]: FermiumRegistryAPI supplied "mixins.fermiummixins.late.quark.signeditsync.json" for late mixin enqueue, adding.
[21:41:18] [main/INFO] [FermiumJarScanner]: FermiumMixinConfig enqueueing mixin(s) parsed from annotated config Chest Boat Dupe (Quark) from fermiummixins.
[21:41:18] [main/INFO] [FermiumRegistryAPI]: FermiumRegistryAPI supplied "mixins.fermiummixins.late.quark.chestboatdupe.json" for late mixin enqueue, adding.
[21:41:18] [main/INFO] [FermiumJarScanner]: FermiumMixinConfig enqueueing mixin(s) parsed from annotated config Chat Link NBT Crash (Quark) from fermiummixins.
[21:41:18] [main/INFO] [FermiumRegistryAPI]: FermiumRegistryAPI supplied "mixins.fermiummixins.late.quark.chatlinkcrash.json" for late mixin enqueue, adding.
[21:41:18] [main/INFO] [FermiumJarScanner]: FermiumMixinConfig enqueueing mixin(s) parsed from annotated config Ender Watcher Performance Patch (Quark) from fermiummixins.
[21:41:18] [main/INFO] [FermiumRegistryAPI]: FermiumRegistryAPI supplied "mixins.fermiummixins.late.quark.enderwatcher.json" for late mixin enqueue, adding.
[21:41:18] [main/INFO] [FermiumJarScanner]: FermiumMixinConfig enqueueing mixin(s) parsed from annotated config Springy Slime Force Disable (Quark) from fermiummixins.
[21:41:18] [main/INFO] [FermiumRegistryAPI]: FermiumRegistryAPI supplied "mixins.fermiummixins.late.quark.disablespringyslime.json" for late mixin enqueue, adding.
[21:41:18] [main/INFO] [FermiumJarScanner]: FermiumMixinConfig enqueueing mixin(s) parsed from annotated config Emotes Force Disable (Quark) from fermiummixins.
[21:41:18] [main/INFO] [FermiumRegistryAPI]: FermiumRegistryAPI supplied "mixins.fermiummixins.late.quark.disableemotes.json" for late mixin enqueue, adding.
[21:41:18] [main/INFO] [FermiumJarScanner]: FermiumMixinConfig enqueueing mixin(s) parsed from annotated config Potion Colorizer Force Disable (Quark) from fermiummixins.
[21:41:18] [main/INFO] [FermiumRegistryAPI]: FermiumRegistryAPI supplied "mixins.fermiummixins.late.quark.disablecolorizer.json" for late mixin enqueue, adding.
[21:41:18] [main/INFO] [FermiumJarScanner]: FermiumMixinConfig enqueueing mixin(s) parsed from annotated config Reduced Villager Double Door AI Checks (Quark) from fermiummixins.
[21:41:18] [main/INFO] [FermiumRegistryAPI]: FermiumRegistryAPI supplied "mixins.fermiummixins.late.quark.villagerdoorai.json" for late mixin enqueue, adding.
[21:41:18] [main/INFO] [FermiumJarScanner]: FermiumMixinConfig enqueueing mixin(s) parsed from annotated config Stoneling Eyeheight Stall Patch (Quark) from fermiummixins.
[21:41:18] [main/INFO] [FermiumRegistryAPI]: FermiumRegistryAPI supplied "mixins.fermiummixins.late.quark.stonelingstall.json" for late mixin enqueue, adding.
[21:41:18] [main/INFO] [FermiumJarScanner]: FermiumMixinConfig enqueueing mixin(s) parsed from annotated config Stoneling Spawn Patch (Quark) from fermiummixins.
[21:41:18] [main/INFO] [FermiumRegistryAPI]: FermiumRegistryAPI supplied "mixins.fermiummixins.late.quark.stonelingspawn.json" for late mixin enqueue, adding.
[21:41:18] [main/INFO] [FermiumJarScanner]: FermiumMixinConfig enqueueing mixin(s) parsed from annotated config Enchanted Book Tooltip Rendering Patch (Quark) from fermiummixins.
[21:41:18] [main/INFO] [FermiumRegistryAPI]: FermiumRegistryAPI supplied "mixins.fermiummixins.late.quark.enchanttooltip.json" for late mixin enqueue, adding.
[21:41:18] [main/INFO] [FermiumJarScanner]: FermiumMixinConfig enqueueing mixin(s) parsed from annotated config Usage Ticker Forced Visible (Quark) from fermiummixins.
[21:41:18] [main/INFO] [FermiumRegistryAPI]: FermiumRegistryAPI supplied "mixins.fermiummixins.late.quark.usagetickervisible.json" for late mixin enqueue, adding.
[21:41:18] [main/INFO] [FermiumJarScanner]: FermiumMixinConfig enqueueing mixin(s) parsed from annotated config Monster Box Check Player Performance (Quark) from fermiummixins.
[21:41:18] [main/INFO] [FermiumRegistryAPI]: FermiumRegistryAPI supplied "mixins.fermiummixins.late.quark.monsterboxperformance.json" for late mixin enqueue, adding.
[21:41:18] [main/INFO] [FermiumJarScanner]: FermiumMixinConfig enqueueing mixin(s) parsed from annotated config Underground Gen Performance Fix (Quark) from fermiummixins.
[21:41:18] [main/INFO] [FermiumRegistryAPI]: FermiumRegistryAPI supplied "mixins.fermiummixins.late.quark.worldgenlag.json" for late mixin enqueue, adding.
[21:41:18] [main/INFO] [FermiumJarScanner]: FermiumMixinConfig enqueueing mixin(s) parsed from annotated config Player Tracking Patch (Reskillable) from fermiummixins.
[21:41:18] [main/INFO] [FermiumRegistryAPI]: FermiumRegistryAPI supplied "mixins.fermiummixins.late.reskillable.tracking.json" for late mixin enqueue, adding.
[21:41:18] [main/INFO] [FermiumJarScanner]: FermiumMixinConfig enqueueing mixin(s) parsed from annotated config SeedFood Bypass Lock (Reskillable) from fermiummixins.
[21:41:18] [main/INFO] [FermiumRegistryAPI]: FermiumRegistryAPI supplied "mixins.fermiummixins.late.reskillable.seedfood.json" for late mixin enqueue, adding.
[21:41:18] [main/INFO] [FermiumJarScanner]: FermiumMixinConfig enqueueing mixin(s) parsed from annotated config HungryFarmer Rework (Reskillable) from fermiummixins.
[21:41:18] [main/INFO] [FermiumRegistryAPI]: FermiumRegistryAPI supplied "mixins.fermiummixins.late.reskillable.hungryfarmer.json" for late mixin enqueue, adding.
[21:41:18] [main/INFO] [FermiumJarScanner]: FermiumMixinConfig enqueueing mixin(s) parsed from annotated config Indirect Self Damage Patch (Reskillable) from fermiummixins.
[21:41:18] [main/INFO] [FermiumRegistryAPI]: FermiumRegistryAPI supplied "mixins.fermiummixins.late.reskillable.selfdamage.json" for late mixin enqueue, adding.
[21:41:18] [main/INFO] [FermiumJarScanner]: FermiumMixinConfig enqueueing mixin(s) parsed from annotated config RoadWalk Rework (Reskillable) from fermiummixins.
[21:41:18] [main/INFO] [FermiumRegistryAPI]: FermiumRegistryAPI supplied "mixins.fermiummixins.late.reskillable.roadwalk.json" for late mixin enqueue, adding.
[21:41:18] [main/INFO] [FermiumJarScanner]: FermiumMixinConfig enqueueing mixin(s) parsed from annotated config Golden BookWyrm Osmosis (Reskillable/DefiledLands) from fermiummixins.
[21:41:18] [main/INFO] [FermiumRegistryAPI]: FermiumRegistryAPI supplied "mixins.fermiummixins.late.reskillable.goldenbookwyrm.json" for late mixin enqueue, adding.
[21:41:18] [main/INFO] [FermiumJarScanner]: FermiumMixinConfig enqueueing mixin(s) parsed from annotated config Undershirt Compat (Reskillable/FirstAid) from fermiummixins.
[21:41:18] [main/INFO] [FermiumRegistryAPI]: FermiumRegistryAPI supplied "mixins.fermiummixins.late.reskillable.undershirt.json" for late mixin enqueue, adding.
[21:41:18] [main/INFO] [FermiumJarScanner]: FermiumMixinConfig enqueueing mixin(s) parsed from annotated config Healing Salve Bowl Fix (RoughTweaks) from fermiummixins.
[21:41:18] [main/INFO] [FermiumRegistryAPI]: FermiumRegistryAPI supplied "mixins.fermiummixins.late.roughtweaks.salve.json" for late mixin enqueue, adding.
[21:41:18] [main/INFO] [FermiumJarScanner]: FermiumMixinConfig enqueueing mixin(s) parsed from annotated config Reflection Caching Fix (SereneSeasons) from fermiummixins.
[21:41:18] [main/INFO] [FermiumRegistryAPI]: FermiumRegistryAPI supplied "mixins.fermiummixins.late.sereneseasons.performance.json" for late mixin enqueue, adding.
[21:41:18] [main/INFO] [FermiumJarScanner]: FermiumMixinConfig enqueueing mixin(s) parsed from annotated config Purified Rain Water (SimpleDifficulty) from fermiummixins.
[21:41:18] [main/INFO] [FermiumRegistryAPI]: FermiumRegistryAPI supplied "mixins.fermiummixins.late.simpledifficulty.raincanteen.json" for late mixin enqueue, adding.
[21:41:18] [main/INFO] [FermiumJarScanner]: FermiumMixinConfig enqueueing mixin(s) parsed from annotated config Rain Collector Canteen Fix (SimpleDifficulty) from fermiummixins.
[21:41:18] [main/INFO] [FermiumRegistryAPI]: FermiumRegistryAPI supplied "mixins.fermiummixins.late.simpledifficulty.collectorcanteen.json" for late mixin enqueue, adding.
[21:41:18] [main/INFO] [FermiumJarScanner]: FermiumMixinConfig enqueueing mixin(s) parsed from annotated config Command Permissions Fix (SimpleDifficulty) from fermiummixins.
[21:41:18] [main/INFO] [FermiumRegistryAPI]: FermiumRegistryAPI supplied "mixins.fermiummixins.late.simpledifficulty.commands.json" for late mixin enqueue, adding.
[21:41:18] [main/INFO] [FermiumJarScanner]: FermiumMixinConfig enqueueing mixin(s) parsed from annotated config Curing/Conversion Ticks Spawners (MobSpawnerControl) from fermiummixins.
[21:41:18] [main/INFO] [FermiumRegistryAPI]: FermiumRegistryAPI supplied "mixins.fermiummixins.early.spawnercontrol.curing.json" for early mixin enqueue, adding.
[21:41:18] [main/INFO] [FermiumJarScanner]: FermiumMixinConfig enqueueing mixin(s) parsed from annotated config Lycanites Transforming Ticks Spawners (MobSpawnerControl/LycanitesMobs) from fermiummixins.
[21:41:18] [main/INFO] [FermiumRegistryAPI]: FermiumRegistryAPI supplied "mixins.fermiummixins.late.spawnercontrol.lycanitesmobs.json" for late mixin enqueue, adding.
[21:41:18] [main/INFO] [FermiumJarScanner]: FermiumMixinConfig enqueueing mixin(s) parsed from annotated config Quiver Dupe Fix (Switchbow) from fermiummixins.
[21:41:18] [main/INFO] [FermiumRegistryAPI]: FermiumRegistryAPI supplied "mixins.fermiummixins.late.switchbow.quiver.json" for late mixin enqueue, adding.
[21:41:18] [main/INFO] [FermiumJarScanner]: FermiumMixinConfig enqueueing mixin(s) parsed from annotated config Love Arrow Dupe Fix (Switchbow) from fermiummixins.
[21:41:18] [main/INFO] [FermiumRegistryAPI]: FermiumRegistryAPI supplied "mixins.fermiummixins.late.switchbow.lovearrow.json" for late mixin enqueue, adding.
[21:41:18] [main/INFO] [FermiumJarScanner]: FermiumMixinConfig enqueueing mixin(s) parsed from annotated config Luck Arrow Looting Fix (Switchbow) from fermiummixins.
[21:41:18] [main/INFO] [FermiumRegistryAPI]: FermiumRegistryAPI supplied "mixins.fermiummixins.late.switchbow.luckarrow.json" for late mixin enqueue, adding.
[21:41:18] [main/INFO] [FermiumJarScanner]: FermiumMixinConfig enqueueing mixin(s) parsed from annotated config Arrow Launcher Null Stack Fix (Switchbow) from fermiummixins.
[21:41:18] [main/INFO] [FermiumRegistryAPI]: FermiumRegistryAPI supplied "mixins.fermiummixins.late.switchbow.arrowlaunchernullstacks.json" for late mixin enqueue, adding.
[21:41:18] [main/INFO] [FermiumJarScanner]: FermiumMixinConfig enqueueing mixin(s) parsed from annotated config Belt GUI Dupe Fix (ToolBelt) from fermiummixins.
[21:41:18] [main/INFO] [FermiumRegistryAPI]: FermiumRegistryAPI supplied "mixins.fermiummixins.late.toolbelt.dupe.json" for late mixin enqueue, adding.
[21:41:18] [main/INFO] [FermiumJarScanner]: FermiumMixinConfig enqueueing mixin(s) parsed from annotated config MC-119971 Outdated Chunk Data Patch (Vanilla) from fermiummixins.
[21:41:18] [main/INFO] [FermiumRegistryAPI]: FermiumRegistryAPI supplied "mixins.fermiummixins.early.vanilla.outdatedchunkdata.json" for early mixin enqueue, adding.
[21:41:18] [main/INFO] [FermiumJarScanner]: FermiumMixinConfig enqueueing mixin(s) parsed from annotated config Lowered Crouch Eye Height (Vanilla) from fermiummixins.
[21:41:18] [main/INFO] [FermiumRegistryAPI]: FermiumRegistryAPI supplied "mixins.fermiummixins.early.vanilla.lowercroucheyeheight.json" for early mixin enqueue, adding.
[21:41:18] [main/INFO] [FermiumJarScanner]: FermiumMixinConfig enqueueing mixin(s) parsed from annotated config Health Desync Patch (Vanilla) from fermiummixins.
[21:41:18] [main/INFO] [FermiumRegistryAPI]: FermiumRegistryAPI supplied "mixins.fermiummixins.early.vanilla.healthdesyncpatch.json" for early mixin enqueue, adding.
[21:41:18] [main/INFO] [FermiumJarScanner]: FermiumMixinConfig enqueueing mixin(s) parsed from annotated config Smooth Crouching (Vanilla) from fermiummixins.
[21:41:18] [main/INFO] [FermiumRegistryAPI]: FermiumRegistryAPI supplied "mixins.fermiummixins.early.vanilla.smoothcrouching.json" for early mixin enqueue, adding.
[21:41:18] [main/INFO] [FermiumJarScanner]: FermiumMixinConfig enqueueing mixin(s) parsed from annotated config Mending Priorities (Vanilla) from fermiummixins.
[21:41:18] [main/INFO] [FermiumRegistryAPI]: FermiumRegistryAPI supplied "mixins.fermiummixins.early.vanilla.mendingpriorities.json" for early mixin enqueue, adding.
[21:41:18] [main/INFO] [FermiumJarScanner]: FermiumMixinConfig enqueueing mixin(s) parsed from annotated config MC-92916 Entity Tracker Desync Patch (Vanilla) from fermiummixins.
[21:41:18] [main/INFO] [FermiumRegistryAPI]: FermiumRegistryAPI supplied "mixins.fermiummixins.early.vanilla.entitytrackerdesync.json" for early mixin enqueue, adding.
[21:41:18] [main/INFO] [FermiumJarScanner]: FermiumMixinConfig enqueueing mixin(s) parsed from annotated config Particle Render Patch (Vanilla) from fermiummixins.
[21:41:18] [main/INFO] [FermiumRegistryAPI]: FermiumRegistryAPI supplied "mixins.fermiummixins.early.vanilla.particlerenderpatch.json" for early mixin enqueue, adding.
[21:41:18] [main/INFO] [FermiumJarScanner]: FermiumMixinConfig enqueueing mixin(s) parsed from annotated config MC-108469 Chunk Entity List Patch (Vanilla) from fermiummixins.
[21:41:18] [main/INFO] [FermiumRegistryAPI]: FermiumRegistryAPI supplied "mixins.fermiummixins.early.vanilla.chunkentitylistpatch.json" for early mixin enqueue, adding.
[21:41:18] [main/INFO] [FermiumJarScanner]: FermiumMixinConfig enqueueing mixin(s) parsed from annotated config Giant Zombie Spawn Fix (Vanilla) from fermiummixins.
[21:41:18] [main/INFO] [FermiumRegistryAPI]: FermiumRegistryAPI supplied "mixins.fermiummixins.early.vanilla.giantzombiespawnfix.json" for early mixin enqueue, adding.
[21:41:18] [main/INFO] [FermiumJarScanner]: FermiumMixinConfig enqueueing mixin(s) parsed from annotated config Stop Pigmen Portal Spawns (Vanilla) from fermiummixins.
[21:41:18] [main/INFO] [FermiumRegistryAPI]: FermiumRegistryAPI supplied "mixins.fermiummixins.early.vanilla.stoppigmenportalspawns.json" for early mixin enqueue, adding.
[21:41:18] [main/INFO] [FermiumJarScanner]: FermiumMixinConfig enqueueing mixin(s) parsed from annotated config Allow Tipped Arrow Blacklist (Vanilla) from fermiummixins.
[21:41:18] [main/INFO] [FermiumRegistryAPI]: FermiumRegistryAPI supplied "mixins.fermiummixins.early.vanilla.tippedarrowblacklist.json" for early mixin enqueue, adding.
[21:41:18] [main/INFO] [FermiumJarScanner]: FermiumMixinConfig enqueueing mixin(s) parsed from annotated config Teleporting Lag Patch (Vanilla) from fermiummixins.
[21:41:18] [main/INFO] [FermiumRegistryAPI]: FermiumRegistryAPI supplied "mixins.fermiummixins.early.vanilla.teleportinglagpatch.json" for early mixin enqueue, adding.
[21:41:18] [main/INFO] [FermiumJarScanner]: FermiumMixinConfig enqueueing mixin(s) parsed from annotated config Stray/Husk Spawning Fix (Vanilla) from fermiummixins.
[21:41:18] [main/INFO] [FermiumRegistryAPI]: FermiumRegistryAPI supplied "mixins.fermiummixins.early.vanilla.strayhuskspawningfix.json" for early mixin enqueue, adding.
[21:41:18] [main/INFO] [FermiumJarScanner]: FermiumMixinConfig enqueueing mixin(s) parsed from annotated config Prevent Idle Guardian Sinking (Vanilla) from fermiummixins.
[21:41:18] [main/INFO] [FermiumRegistryAPI]: FermiumRegistryAPI supplied "mixins.fermiummixins.early.vanilla.idleguardiansinking.json" for early mixin enqueue, adding.
[21:41:18] [main/INFO] [FermiumJarScanner]: FermiumMixinConfig enqueueing mixin(s) parsed from annotated config Potion Amplifier Visibility (Vanilla) from fermiummixins.
[21:41:18] [main/INFO] [FermiumRegistryAPI]: FermiumRegistryAPI supplied "mixins.fermiummixins.early.vanilla.potionamplifiervisibility.json" for early mixin enqueue, adding.
[21:41:18] [main/INFO] [FermiumJarScanner]: FermiumMixinConfig enqueueing mixin(s) parsed from annotated config MC-63340 Stop Sleep Resetting Weather (Vanilla) from fermiummixins.
[21:41:18] [main/INFO] [FermiumRegistryAPI]: FermiumRegistryAPI supplied "mixins.fermiummixins.early.vanilla.stopsleepresettingweather.json" for early mixin enqueue, adding.
[21:41:18] [main/INFO] [FermiumJarScanner]: FermiumMixinConfig enqueueing mixin(s) parsed from annotated config World Border Time Cache (Vanilla) from fermiummixins.
[21:41:18] [main/INFO] [FermiumRegistryAPI]: FermiumRegistryAPI supplied "mixins.fermiummixins.early.vanilla.worldbordertimecache.json" for early mixin enqueue, adding.
[21:41:18] [main/INFO] [FermiumJarScanner]: FermiumMixinConfig enqueueing mixin(s) parsed from annotated config Water Chunk Gen Ticking Fix (Vanilla) from fermiummixins.
[21:41:18] [main/INFO] [FermiumRegistryAPI]: FermiumRegistryAPI supplied "mixins.fermiummixins.early.vanilla.waterchunkgenticking.json" for early mixin enqueue, adding.
[21:41:18] [main/INFO] [FermiumJarScanner]: FermiumMixinConfig enqueueing mixin(s) parsed from annotated config Random Respawn Placement Protection (Vanilla) from fermiummixins.
[21:41:18] [main/INFO] [FermiumRegistryAPI]: FermiumRegistryAPI supplied "mixins.fermiummixins.early.vanilla.respawnprotection.json" for early mixin enqueue, adding.
[21:41:18] [main/INFO] [FermiumJarScanner]: FermiumMixinConfig enqueueing mixin(s) parsed from annotated config Nuke Advancements (Vanilla) from fermiummixins.
[21:41:18] [main/INFO] [FermiumRegistryAPI]: FermiumRegistryAPI supplied "mixins.fermiummixins.early.vanilla.nukeadvancements.json" for early mixin enqueue, adding.
[21:41:18] [main/INFO] [FermiumJarScanner]: FermiumMixinConfig enqueueing mixin(s) parsed from annotated config Spawn Chunk Radius Patch (Vanilla) from fermiummixins.
[21:41:18] [main/INFO] [FermiumRegistryAPI]: FermiumRegistryAPI supplied "mixins.fermiummixins.early.vanilla.spawnchunkradiuspatch.json" for early mixin enqueue, adding.
[21:41:18] [main/INFO] [FermiumJarScanner]: FermiumMixinConfig enqueueing mixin(s) parsed from annotated config Chunk Visibility Cache (Vanilla) from fermiummixins.
[21:41:18] [main/INFO] [FermiumRegistryAPI]: FermiumRegistryAPI supplied "mixins.fermiummixins.early.vanilla.chunkvisibilitycache.json" for early mixin enqueue, adding.
[21:41:18] [main/INFO] [FermiumJarScanner]: FermiumMixinConfig enqueueing mixin(s) parsed from annotated config World Flammable BlockPos Patch (Vanilla) from fermiummixins.
[21:41:18] [main/INFO] [FermiumRegistryAPI]: FermiumRegistryAPI supplied "mixins.fermiummixins.early.vanilla.worldflammablepos.json" for early mixin enqueue, adding.
[21:41:18] [main/INFO] [FermiumJarScanner]: FermiumMixinConfig enqueueing mixin(s) parsed from annotated config Untipped Arrow Particles Fix (Vanilla) from fermiummixins.
[21:41:18] [main/INFO] [FermiumRegistryAPI]: FermiumRegistryAPI supplied "mixins.fermiummixins.early.vanilla.untippedarrowparticles.json" for early mixin enqueue, adding.
[21:41:18] [main/INFO] [FermiumJarScanner]: FermiumMixinConfig enqueueing mixin(s) parsed from annotated config Player Death Shake Fix (Vanilla) from fermiummixins.
[21:41:18] [main/INFO] [FermiumRegistryAPI]: FermiumRegistryAPI supplied "mixins.fermiummixins.early.vanilla.playerdeathshakefix.json" for early mixin enqueue, adding.
[21:41:18] [main/INFO] [FermiumJarScanner]: FermiumMixinConfig enqueueing mixin(s) parsed from annotated config Allow Hoe Repairing (Vanilla) from fermiummixins.
[21:41:18] [main/INFO] [FermiumRegistryAPI]: FermiumRegistryAPI supplied "mixins.fermiummixins.early.vanilla.hoerepair.json" for early mixin enqueue, adding.
[21:41:18] [main/INFO] [FermiumJarScanner]: FermiumMixinConfig enqueueing mixin(s) parsed from annotated config Weather Timing Config (Vanilla) from fermiummixins.
[21:41:18] [main/INFO] [FermiumRegistryAPI]: FermiumRegistryAPI supplied "mixins.fermiummixins.early.vanilla.weathertiming.json" for early mixin enqueue, adding.
[21:41:18] [main/INFO] [FermiumJarScanner]: FermiumMixinConfig enqueueing mixin(s) parsed from annotated config Furnace XP Limit Fix (Vanilla) from fermiummixins.
[21:41:18] [main/INFO] [FermiumRegistryAPI]: FermiumRegistryAPI supplied "mixins.fermiummixins.early.vanilla.furnacexplimitfix.json" for early mixin enqueue, adding.
[21:41:18] [main/INFO] [FermiumJarScanner]: FermiumMixinConfig enqueueing mixin(s) parsed from annotated config Suppress AddPacket For Removed Entity Warnings (Vanilla) from fermiummixins.
[21:41:18] [main/INFO] [FermiumRegistryAPI]: FermiumRegistryAPI supplied "mixins.fermiummixins.early.vanilla.suppressaddpacket.json" for early mixin enqueue, adding.
[21:41:18] [main/INFO] [FermiumJarScanner]: FermiumMixinConfig enqueueing mixin(s) parsed from annotated config Suppress Received Passengers For Unknown Entity Warnings (Vanilla) from fermiummixins.
[21:41:18] [main/INFO] [FermiumRegistryAPI]: FermiumRegistryAPI supplied "mixins.fermiummixins.early.vanilla.suppressreceivedpassengers.json" for early mixin enqueue, adding.
[21:41:18] [main/INFO] [FermiumJarScanner]: FermiumMixinConfig enqueueing mixin(s) parsed from annotated config Hardcore Game Over Unloading Fix (Vanilla) from fermiummixins.
[21:41:18] [main/INFO] [FermiumRegistryAPI]: FermiumRegistryAPI supplied "mixins.fermiummixins.early.vanilla.hardcoregameoverfix.json" for early mixin enqueue, adding.
[21:41:18] [main/INFO] [FermiumJarScanner]: FermiumMixinConfig enqueueing mixin(s) parsed from annotated config Fix Delayed Packet Errors (Vanilla) from fermiummixins.
[21:41:18] [main/INFO] [FermiumRegistryAPI]: FermiumRegistryAPI supplied "mixins.fermiummixins.early.vanilla.delayedpacketerrors.json" for early mixin enqueue, adding.
[21:41:18] [main/INFO] [FermiumJarScanner]: FermiumMixinConfig enqueueing mixin(s) parsed from annotated config Prevent Mob Spawns in Lazy Chunks (Vanilla) from fermiummixins.
[21:41:18] [main/INFO] [FermiumRegistryAPI]: FermiumRegistryAPI supplied "mixins.fermiummixins.early.vanilla.lazychunkmobspawns.json" for early mixin enqueue, adding.
[21:41:18] [main/INFO] [FermiumJarScanner]: FermiumMixinConfig enqueueing mixin(s) parsed from annotated config Merge XP Orbs (Vanilla) from fermiummixins.
[21:41:18] [main/INFO] [FermiumRegistryAPI]: FermiumRegistryAPI supplied "mixins.fermiummixins.early.vanilla.mergexporbs.json" for early mixin enqueue, adding.
[21:41:18] [main/INFO] [FermiumJarScanner]: FermiumMixinConfig enqueueing mixin(s) parsed from annotated config Stackable Soup Return Bowls Fix (Vanilla) from fermiummixins.
[21:41:18] [main/INFO] [FermiumRegistryAPI]: FermiumRegistryAPI supplied "mixins.fermiummixins.early.vanilla.stackablesoupbowlfix.json" for early mixin enqueue, adding.
[21:41:18] [main/INFO] [FermiumJarScanner]: FermiumMixinConfig enqueueing mixin(s) parsed from annotated config Suppress Dangerous Prefix Errors (Vanilla) from fermiummixins.
[21:41:18] [main/INFO] [FermiumRegistryAPI]: FermiumRegistryAPI supplied "mixins.fermiummixins.early.vanilla.suppressdangerousprefix.json" for early mixin enqueue, adding.
[21:41:18] [main/INFO] [FermiumJarScanner]: FermiumMixinConfig enqueueing mixin(s) parsed from annotated config Suppress Broken Ore Dictionary Errors (Vanilla) from fermiummixins.
[21:41:18] [main/INFO] [FermiumRegistryAPI]: FermiumRegistryAPI supplied "mixins.fermiummixins.early.vanilla.suppressbrokenoredict.json" for early mixin enqueue, adding.
[21:41:18] [main/INFO] [FermiumJarScanner]: FermiumMixinConfig enqueueing mixin(s) parsed from annotated config Mineshaft Biome Blacklist Patch (Vanilla) from fermiummixins.
[21:41:18] [main/INFO] [FermiumRegistryAPI]: FermiumRegistryAPI supplied "mixins.fermiummixins.early.vanilla.mineshaftbiomeblacklist.json" for early mixin enqueue, adding.
[21:41:18] [main/INFO] [FermiumJarScanner]: FermiumMixinConfig enqueueing mixin(s) parsed from annotated config Boss Vehicle Prevention (Vanilla) from fermiummixins.
[21:41:18] [main/INFO] [FermiumRegistryAPI]: FermiumRegistryAPI supplied "mixins.fermiummixins.early.vanilla.bossvehicle.json" for early mixin enqueue, adding.
[21:41:18] [main/INFO] [FermiumJarScanner]: FermiumMixinConfig enqueueing mixin(s) parsed from annotated config Beacon/Merchant GUI Item Drop Fix (Vanilla) from fermiummixins.
[21:41:18] [main/INFO] [FermiumRegistryAPI]: FermiumRegistryAPI supplied "mixins.fermiummixins.early.vanilla.containerdropfix.json" for early mixin enqueue, adding.
[21:41:18] [main/INFO] [FermiumJarScanner]: FermiumMixinConfig enqueueing mixin(s) parsed from annotated config Prevent Pathfinding Chunk Loading (Vanilla) from fermiummixins.
[21:41:18] [main/INFO] [FermiumRegistryAPI]: FermiumRegistryAPI supplied "mixins.fermiummixins.early.vanilla.pathfindingloading.json" for early mixin enqueue, adding.
[21:41:18] [main/INFO] [FermiumJarScanner]: FermiumMixinConfig enqueueing mixin(s) parsed from annotated config World Gen Material Check Fix (Vanilla) from fermiummixins.
[21:41:18] [main/INFO] [FermiumRegistryAPI]: FermiumRegistryAPI supplied "mixins.fermiummixins.early.vanilla.materialcheck.json" for early mixin enqueue, adding.
[21:41:18] [main/INFO] [FermiumJarScanner]: FermiumMixinConfig enqueueing mixin(s) parsed from annotated config Falling Block Tick Performance (Vanilla) from fermiummixins.
[21:41:18] [main/INFO] [FermiumRegistryAPI]: FermiumRegistryAPI supplied "mixins.fermiummixins.early.vanilla.fallblocktick.json" for early mixin enqueue, adding.
[21:41:18] [main/INFO] [FermiumJarScanner]: FermiumMixinConfig enqueueing mixin(s) parsed from annotated config Suppress OpenGL Error Checking (Vanilla) from fermiummixins.
[21:41:18] [main/INFO] [FermiumRegistryAPI]: FermiumRegistryAPI supplied "mixins.fermiummixins.early.vanilla.glerror.json" for early mixin enqueue, adding.
[21:41:18] [main/INFO] [FermiumJarScanner]: FermiumMixinConfig enqueueing mixin(s) parsed from annotated config Block Storage Optifine Lag Fix (Vanilla) from fermiummixins.
[21:41:18] [main/INFO] [FermiumRegistryAPI]: FermiumRegistryAPI supplied "mixins.fermiummixins.early.vanilla.blockstorageoptifine.json" for early mixin enqueue, adding.
[21:41:18] [main/INFO] [FermiumJarScanner]: FermiumMixinConfig enqueueing mixin(s) parsed from annotated config Entity Velocity Limit Fix (Vanilla) from fermiummixins.
[21:41:18] [main/INFO] [FermiumRegistryAPI]: FermiumRegistryAPI supplied "mixins.fermiummixins.early.vanilla.entityvelocitysync.json" for early mixin enqueue, adding.
[21:41:18] [main/INFO] [FermiumJarScanner]: FermiumMixinConfig enqueueing mixin(s) parsed from annotated config Server Thread Priority Tweak (Vanilla) from fermiummixins.
[21:41:18] [main/INFO] [FermiumRegistryAPI]: FermiumRegistryAPI supplied "mixins.fermiummixins.early.vanilla.serverpriority.json" for early mixin enqueue, adding.
[21:41:18] [main/INFO] [FermiumJarScanner]: FermiumMixinConfig enqueueing mixin(s) parsed from annotated config Client Thread Priority Tweak (Vanilla) from fermiummixins.
[21:41:18] [main/INFO] [FermiumRegistryAPI]: FermiumRegistryAPI supplied "mixins.fermiummixins.early.vanilla.clientpriority.json" for early mixin enqueue, adding.
[21:41:18] [main/INFO] [FermiumJarScanner]: FermiumMixinConfig enqueueing mixin(s) parsed from annotated config Rework Waystone Used Name Check (Waystones) from fermiummixins.
[21:41:18] [main/INFO] [FermiumRegistryAPI]: FermiumRegistryAPI supplied "mixins.fermiummixins.early.waystones.naming.json" for early mixin enqueue, adding.
[21:41:18] [main/INFO] [FermiumRegistryAPI]: FermiumRegistryAPI supplied "mixins.fermiummixins.late.waystones.naming.json" for late mixin enqueue, adding.
[21:41:18] [main/INFO] [FermiumJarScanner]: FermiumMixinConfig enqueueing mixin(s) parsed from annotated config Remove Log Spam from optifinecitpatch.
[21:41:18] [main/INFO] [FermiumRegistryAPI]: FermiumRegistryAPI supplied "mixins.optifinecitpatch.logspam.json" for late mixin enqueue, adding.
[21:41:18] [main/INFO] [FermiumJarScanner]: FermiumMixinConfig enqueueing mixin(s) parsed from annotated config Only First Enchant from optifinecitpatch.
[21:41:18] [main/INFO] [FermiumRegistryAPI]: FermiumRegistryAPI supplied "mixins.optifinecitpatch.firstenchant.json" for late mixin enqueue, adding.
[21:41:18] [main/INFO] [FermiumJarScanner]: FermiumMixinConfig enqueueing mixin(s) parsed from annotated config Fix Missing Enchantment from optifinecitpatch.
[21:41:18] [main/INFO] [FermiumRegistryAPI]: FermiumRegistryAPI supplied "mixins.optifinecitpatch.fixmissing.json" for late mixin enqueue, adding.
[21:41:18] [main/INFO] [FermiumJarScanner]: FermiumMixinConfig enqueueing mixin(s) parsed from annotated config Reload CITs on Login from optifinecitpatch.
[21:41:18] [main/INFO] [FermiumRegistryAPI]: FermiumRegistryAPI supplied "mixins.optifinecitpatch.reloadonlogin.json" for late mixin enqueue, adding.
[21:41:18] [main/INFO] [FermiumJarScanner]: FermiumMixinConfig enqueueing mixin(s) parsed from annotated config InfernalMobs Fix Loot Enchantability from luckified.
[21:41:18] [main/INFO] [FermiumRegistryAPI]: FermiumRegistryAPI supplied "mixins.luckified.infernalmobs.json" for late mixin enqueue, adding.
[21:41:18] [main/INFO] [FermiumJarScanner]: FermiumMixinConfig enqueueing mixin(s) parsed from annotated config Loot: Changed Item Colors from luckified.
[21:41:18] [main/INFO] [FermiumRegistryAPI]: FermiumRegistryAPI supplied "mixins.luckified.vanilla.coloreditems.json" for early mixin enqueue, adding.
[21:41:18] [main/INFO] [FermiumJarScanner]: FermiumMixinConfig enqueueing mixin(s) parsed from annotated config BetterFoliage Chunk Animation XRay Patch (BetterFoliage/ChunkAnimator) from rlmixins.
[21:41:18] [main/INFO] [FermiumRegistryAPI]: FermiumRegistryAPI supplied "mixins.rlmixins.late.betterfoliage.chunkanimator.json" for late mixin enqueue, adding.
[21:41:18] [main/INFO] [FermiumJarScanner]: FermiumMixinConfig enqueueing mixin(s) parsed from annotated config Advancement Tab Quest Replacement (BetterQuesting) from rlmixins.
[21:41:18] [main/INFO] [FermiumRegistryAPI]: FermiumRegistryAPI supplied "mixins.rlmixins.early.betterquesting.button.json" for early mixin enqueue, adding.
[21:41:18] [main/INFO] [FermiumJarScanner]: FermiumMixinConfig enqueueing mixin(s) parsed from annotated config AntiWarp Handling (BetterSurvival) from rlmixins.
[21:41:18] [main/INFO] [FermiumRegistryAPI]: FermiumRegistryAPI supplied "mixins.rlmixins.early.bettersurvival.antiwarp.json" for early mixin enqueue, adding.
[21:41:18] [main/INFO] [FermiumJarScanner]: FermiumMixinConfig enqueueing mixin(s) parsed from annotated config Handler Optimizations (BetterSurvival) from rlmixins.
[21:41:18] [main/INFO] [FermiumRegistryAPI]: FermiumRegistryAPI supplied "mixins.rlmixins.early.bettersurvival.optimization.json" for early mixin enqueue, adding.
[21:41:18] [main/INFO] [FermiumRegistryAPI]: FermiumRegistryAPI supplied "mixins.rlmixins.late.bettersurvival.optimization.json" for late mixin enqueue, adding.
[21:41:18] [main/INFO] [FermiumJarScanner]: FermiumMixinConfig enqueueing mixin(s) parsed from annotated config Education Balance (BetterSurvival/ScalingHealth) from rlmixins.
[21:41:18] [main/INFO] [FermiumRegistryAPI]: FermiumRegistryAPI supplied "mixins.rlmixins.late.bettersurvival.education.json" for late mixin enqueue, adding.
[21:41:18] [main/INFO] [FermiumJarScanner]: FermiumMixinConfig enqueueing mixin(s) parsed from annotated config Modifiable Nunchaku Combo (BetterSurvival) from rlmixins.
[21:41:18] [main/INFO] [FermiumRegistryAPI]: FermiumRegistryAPI supplied "mixins.rlmixins.late.bettersurvival.combo.json" for late mixin enqueue, adding.
[21:41:18] [main/INFO] [FermiumJarScanner]: FermiumMixinConfig enqueueing mixin(s) parsed from annotated config Vampirism Fix (BetterSurvival) from rlmixins.
[21:41:18] [main/INFO] [FermiumRegistryAPI]: FermiumRegistryAPI supplied "mixins.rlmixins.late.bettersurvival.vampirism.json" for late mixin enqueue, adding.
[21:41:18] [main/INFO] [FermiumJarScanner]: FermiumMixinConfig enqueueing mixin(s) parsed from annotated config DragonBone Bow Multishot Patch (BetterSurvival/InFRLCraft) from rlmixins.
[21:41:18] [main/INFO] [FermiumRegistryAPI]: FermiumRegistryAPI supplied "mixins.rlmixins.late.bettersurvival.multishot.json" for late mixin enqueue, adding.
[21:41:18] [main/INFO] [FermiumJarScanner]: FermiumMixinConfig enqueueing mixin(s) parsed from annotated config Penetration Damage Fix (BetterSurvival/SpartanWeaponry/RLCombat) from rlmixins.
[21:41:18] [main/INFO] [FermiumRegistryAPI]: FermiumRegistryAPI supplied "mixins.rlmixins.late.bettersurvival.penetration.json" for late mixin enqueue, adding.
[21:41:18] [main/INFO] [FermiumJarScanner]: FermiumMixinConfig enqueueing mixin(s) parsed from annotated config Ender Sight Render Fix (Charm) from rlmixins.
[21:41:18] [main/INFO] [FermiumRegistryAPI]: FermiumRegistryAPI supplied "mixins.rlmixins.late.charm.endersight.json" for late mixin enqueue, adding.
[21:41:18] [main/INFO] [FermiumJarScanner]: FermiumMixinConfig enqueueing mixin(s) parsed from annotated config Chunk Animation XRay Patch (ChunkAnimator) from rlmixins.
[21:41:18] [main/INFO] [FermiumRegistryAPI]: FermiumRegistryAPI supplied "mixins.rlmixins.early.chunkanimator.xray.json" for early mixin enqueue, adding.
[21:41:18] [main/INFO] [FermiumRegistryAPI]: FermiumRegistryAPI supplied "mixins.rlmixins.late.chunkanimator.xray.json" for late mixin enqueue, adding.
[21:41:18] [main/INFO] [FermiumJarScanner]: FermiumMixinConfig enqueueing mixin(s) parsed from annotated config Scarlite Sword Config Effect (DefiledLands) from rlmixins.
[21:41:18] [main/INFO] [FermiumRegistryAPI]: FermiumRegistryAPI supplied "mixins.rlmixins.late.defiledlands.swordconfig.json" for late mixin enqueue, adding.
[21:41:18] [main/INFO] [FermiumJarScanner]: FermiumMixinConfig enqueueing mixin(s) parsed from annotated config Digging AI Patch (EpicSiegeMod) from rlmixins.
[21:41:18] [main/INFO] [FermiumRegistryAPI]: FermiumRegistryAPI supplied "mixins.rlmixins.late.epicsiegemod.digging.json" for late mixin enqueue, adding.
[21:41:18] [main/INFO] [FermiumJarScanner]: FermiumMixinConfig enqueueing mixin(s) parsed from annotated config Dragon Ticking Abuse Fix (InFRLCraft) from rlmixins.
[21:41:18] [main/INFO] [FermiumRegistryAPI]: FermiumRegistryAPI supplied "mixins.rlmixins.late.infrlcraft.dragontick.json" for late mixin enqueue, adding.
[21:41:18] [main/INFO] [FermiumJarScanner]: FermiumMixinConfig enqueueing mixin(s) parsed from annotated config Horse Death On Stoning (InFRLCraft/CallableHorses) from rlmixins.
[21:41:18] [main/INFO] [FermiumRegistryAPI]: FermiumRegistryAPI supplied "mixins.rlmixins.late.infrlcraft.horse.json" for late mixin enqueue, adding.
[21:41:18] [main/INFO] [FermiumJarScanner]: FermiumMixinConfig enqueueing mixin(s) parsed from annotated config Cauldron Failure Mundane (Inspirations) from rlmixins.
[21:41:18] [main/INFO] [FermiumRegistryAPI]: FermiumRegistryAPI supplied "mixins.rlmixins.late.inspirations.mundane.json" for late mixin enqueue, adding.
[21:41:18] [main/INFO] [FermiumJarScanner]: FermiumMixinConfig enqueueing mixin(s) parsed from annotated config Revert Bookmark Location Change (JEI) from rlmixins.
[21:41:18] [main/INFO] [FermiumRegistryAPI]: FermiumRegistryAPI supplied "mixins.rlmixins.late.jei.bookmark.json" for late mixin enqueue, adding.
[21:41:18] [main/INFO] [FermiumJarScanner]: FermiumMixinConfig enqueueing mixin(s) parsed from annotated config Suppress VariedCommodities Errors (JEI/VariedCommodities) from rlmixins.
[21:41:18] [main/INFO] [FermiumRegistryAPI]: FermiumRegistryAPI supplied "mixins.rlmixins.late.jei.vcerror.json" for late mixin enqueue, adding.
[21:41:18] [main/INFO] [FermiumJarScanner]: FermiumMixinConfig enqueueing mixin(s) parsed from annotated config Mob Targeting Fix (LycanitesMobs/InFRLCraft) from rlmixins.
[21:41:18] [main/INFO] [FermiumRegistryAPI]: FermiumRegistryAPI supplied "mixins.rlmixins.late.lycanitesmobs.stonetarget.json" for late mixin enqueue, adding.
[21:41:18] [main/INFO] [FermiumJarScanner]: FermiumMixinConfig enqueueing mixin(s) parsed from annotated config Disable Online Checks (MoBends) from rlmixins.
[21:41:18] [main/INFO] [FermiumRegistryAPI]: FermiumRegistryAPI supplied "mixins.rlmixins.late.mobends.offline.json" for late mixin enqueue, adding.
[21:41:18] [main/INFO] [FermiumJarScanner]: FermiumMixinConfig enqueueing mixin(s) parsed from annotated config Delayed Launch (PotionCore) from rlmixins.
[21:41:18] [main/INFO] [FermiumRegistryAPI]: FermiumRegistryAPI supplied "mixins.rlmixins.late.potioncore.launch.json" for late mixin enqueue, adding.
[21:41:18] [main/INFO] [FermiumJarScanner]: FermiumMixinConfig enqueueing mixin(s) parsed from annotated config Half Reach (PotionCore) from rlmixins.
[21:41:18] [main/INFO] [FermiumRegistryAPI]: FermiumRegistryAPI supplied "mixins.rlmixins.late.potioncore.reach.json" for late mixin enqueue, adding.
[21:41:18] [main/INFO] [FermiumJarScanner]: FermiumMixinConfig enqueueing mixin(s) parsed from annotated config Stone Statue Chicken Feather Fix (Quark/InFRLCraft) from rlmixins.
[21:41:18] [main/INFO] [FermiumRegistryAPI]: FermiumRegistryAPI supplied "mixins.rlmixins.late.quark.stonechicken.json" for late mixin enqueue, adding.
[21:41:18] [main/INFO] [FermiumJarScanner]: FermiumMixinConfig enqueueing mixin(s) parsed from annotated config Hat Baubles (Quark/Baubles) from rlmixins.
[21:41:18] [main/INFO] [FermiumRegistryAPI]: FermiumRegistryAPI supplied "mixins.rlmixins.late.quark.hatbaubles.json" for late mixin enqueue, adding.
[21:41:18] [main/INFO] [FermiumJarScanner]: FermiumMixinConfig enqueueing mixin(s) parsed from annotated config Hat MoBends Compat (Quark/MoBends) from rlmixins.
[21:41:18] [main/INFO] [FermiumRegistryAPI]: FermiumRegistryAPI supplied "mixins.rlmixins.late.quark.hatmobends.json" for late mixin enqueue, adding.
[21:41:18] [main/INFO] [FermiumJarScanner]: FermiumMixinConfig enqueueing mixin(s) parsed from annotated config Mob Nausea Movement Effects from rlmixins.
[21:41:18] [main/INFO] [FermiumRegistryAPI]: FermiumRegistryAPI supplied "mixins.rlmixins.early.rlmixins.mobnausea.json" for early mixin enqueue, adding.
[21:41:18] [main/INFO] [FermiumJarScanner]: FermiumMixinConfig enqueueing mixin(s) parsed from annotated config Slime Block Bouncy Sides from rlmixins.
[21:41:18] [main/INFO] [FermiumRegistryAPI]: FermiumRegistryAPI supplied "mixins.rlmixins.early.rlmixins.slimebouncysides.json" for early mixin enqueue, adding.
[21:41:18] [main/INFO] [FermiumJarScanner]: FermiumMixinConfig enqueueing mixin(s) parsed from annotated config Coffee Cures Inebriation (Rustic/Charm) from rlmixins.
[21:41:18] [main/INFO] [FermiumRegistryAPI]: FermiumRegistryAPI supplied "mixins.rlmixins.late.rustic.coffee.json" for late mixin enqueue, adding.
[21:41:18] [main/INFO] [FermiumJarScanner]: FermiumMixinConfig enqueueing mixin(s) parsed from annotated config Config Alcohol Effects (Rustic) from rlmixins.
[21:41:18] [main/INFO] [FermiumRegistryAPI]: FermiumRegistryAPI supplied "mixins.rlmixins.late.rustic.alcohol.json" for late mixin enqueue, adding.
[21:41:18] [main/INFO] [FermiumJarScanner]: FermiumMixinConfig enqueueing mixin(s) parsed from annotated config Change Subject Enchants (SME) from rlmixins.
[21:41:18] [main/INFO] [FermiumRegistryAPI]: FermiumRegistryAPI supplied "mixins.rlmixins.late.sme.subjectenchants.json" for late mixin enqueue, adding.
[21:41:18] [main/INFO] [FermiumJarScanner]: FermiumMixinConfig enqueueing mixin(s) parsed from annotated config Replace Parasite Armor Models (SRParasites) from rlmixins.
[21:41:18] [main/INFO] [FermiumRegistryAPI]: FermiumRegistryAPI supplied "mixins.rlmixins.late.srparasites.armormodel.json" for late mixin enqueue, adding.
[21:41:18] [main/INFO] [FermiumJarScanner]: FermiumMixinConfig enqueueing mixin(s) parsed from annotated config Horse Death On Conversion (SRParasites/CallableHorses) from rlmixins.
[21:41:18] [main/INFO] [FermiumRegistryAPI]: FermiumRegistryAPI supplied "mixins.rlmixins.late.srparasites.horse.json" for late mixin enqueue, adding.
[21:41:18] [main/INFO] [FermiumJarScanner]: FermiumMixinConfig enqueueing mixin(s) parsed from annotated config Rehandle AOE Weapons (SRParasites/RLCombat) from rlmixins.
[21:41:18] [main/INFO] [FermiumRegistryAPI]: FermiumRegistryAPI supplied "mixins.rlmixins.late.srparasites.aoeweapon.json" for late mixin enqueue, adding.
[21:41:18] [main/INFO] [FermiumJarScanner]: FermiumMixinConfig enqueueing mixin(s) parsed from annotated config Modify Cleaver Effect (SRParasites) from rlmixins.
[21:41:18] [main/INFO] [FermiumRegistryAPI]: FermiumRegistryAPI supplied "mixins.rlmixins.late.srparasites.cleaver.json" for late mixin enqueue, adding.
[21:41:18] [main/INFO] [FermiumJarScanner]: FermiumMixinConfig enqueueing mixin(s) parsed from annotated config Death Health Desync (ScalingHealth) from rlmixins.
[21:41:18] [main/INFO] [FermiumRegistryAPI]: FermiumRegistryAPI supplied "mixins.rlmixins.late.scalinghealth.desync.json" for late mixin enqueue, adding.
[21:41:18] [main/INFO] [FermiumJarScanner]: FermiumMixinConfig enqueueing mixin(s) parsed from annotated config Bandaged Icon Fix (ScalingHealth) from rlmixins.
[21:41:18] [main/INFO] [FermiumRegistryAPI]: FermiumRegistryAPI supplied "mixins.rlmixins.late.scalinghealth.icon.json" for late mixin enqueue, adding.
[21:41:18] [main/INFO] [FermiumJarScanner]: FermiumMixinConfig enqueueing mixin(s) parsed from annotated config Additional Blight Potion Effects (ScalingHealth) from rlmixins.
[21:41:18] [main/INFO] [FermiumRegistryAPI]: FermiumRegistryAPI supplied "mixins.rlmixins.late.scalinghealth.blighteffects.json" for late mixin enqueue, adding.
[21:41:18] [main/INFO] [FermiumJarScanner]: FermiumMixinConfig enqueueing mixin(s) parsed from annotated config Deny Self Heal On Dummy (MmmMmmMmmMmm/SoManyEnchantments/BetterSurvival/LycanitesMobs) from rlmixins.
[21:41:18] [main/INFO] [FermiumRegistryAPI]: FermiumRegistryAPI supplied "mixins.rlmixins.late.testdummy.nohealondummy.json" for late mixin enqueue, adding.
[21:41:18] [main/INFO] [FermiumJarScanner]: FermiumMixinConfig enqueueing mixin(s) parsed from annotated config ConcretePowder Skip OnBlockAdded (Vanilla) from rlmixins.
[21:41:18] [main/INFO] [FermiumRegistryAPI]: FermiumRegistryAPI supplied "mixins.rlmixins.early.vanilla.concrete.json" for early mixin enqueue, adding.
[21:41:18] [main/INFO] [FermiumJarScanner]: FermiumMixinConfig enqueueing mixin(s) parsed from annotated config BetterSurvival Forced Compatibility from somanyenchantments.
[21:41:18] [main/INFO] [FermiumRegistryAPI]: FermiumRegistryAPI supplied "mixins.somanyenchantments.compatcancel_bs.json" for late mixin enqueue, adding.
[21:41:18] [main/INFO] [FermiumJarScanner]: FermiumMixinConfig enqueueing mixin(s) parsed from annotated config InfernalMobs Random Enchants Compatibility from somanyenchantments.
[21:41:18] [main/INFO] [FermiumRegistryAPI]: FermiumRegistryAPI supplied "mixins.somanyenchantments.infernalmobs_randomenchants.json" for late mixin enqueue, adding.
[21:41:18] [main/INFO] [FermiumJarScanner]: FermiumMixinConfig enqueueing mixin(s) parsed from annotated config .Enable Upgrading Mechanic from somanyenchantments.
[21:41:18] [main/INFO] [FermiumRegistryAPI]: FermiumRegistryAPI supplied "mixins.somanyenchantments.upgrading.json" for early mixin enqueue, adding.
[21:41:18] [main/INFO] [FermiumJarScanner]: FermiumMixinConfig enqueueing mixin(s) parsed from annotated config Overhaul Adaptation from srpmixins.
[21:41:18] [main/INFO] [FermiumRegistryAPI]: FermiumRegistryAPI supplied "mixins.srpmixins.vanilla.adaptationoverhaul.json" for early mixin enqueue, adding.
[21:41:18] [main/INFO] [FermiumRegistryAPI]: FermiumRegistryAPI supplied "mixins.srpmixins.srp.adaptationoverhaul.json" for late mixin enqueue, adding.
[21:41:18] [main/INFO] [FermiumJarScanner]: FermiumMixinConfig enqueueing mixin(s) parsed from annotated config Fix Adaptation While Burning from srpmixins.
[21:41:18] [main/INFO] [FermiumRegistryAPI]: FermiumRegistryAPI supplied "mixins.srpmixins.srp.adaptwhileburningfix.json" for late mixin enqueue, adding.
[21:41:18] [main/INFO] [FermiumJarScanner]: FermiumMixinConfig enqueueing mixin(s) parsed from annotated config Fix Adaptation Bonus Config from srpmixins.
[21:41:18] [main/INFO] [FermiumRegistryAPI]: FermiumRegistryAPI supplied "mixins.srpmixins.srp.adaptationbonusfix.json" for late mixin enqueue, adding.
[21:41:18] [main/INFO] [FermiumJarScanner]: FermiumMixinConfig enqueueing mixin(s) parsed from annotated config Fix Adaptation to Indirect Damages from srpmixins.
[21:41:18] [main/INFO] [FermiumRegistryAPI]: FermiumRegistryAPI supplied "mixins.srpmixins.srp.adapttoindirect.json" for late mixin enqueue, adding.
[21:41:18] [main/INFO] [FermiumJarScanner]: FermiumMixinConfig enqueueing mixin(s) parsed from annotated config Use Chunk Phases from srpmixins.
[21:41:18] [main/INFO] [FermiumRegistryAPI]: FermiumRegistryAPI supplied "mixins.srpmixins.customphasemechanics.json" for late mixin enqueue, adding.
[21:41:18] [main/INFO] [FermiumJarScanner]: FermiumMixinConfig enqueueing mixin(s) parsed from annotated config Fix srpcothimmunity tag from srpmixins.
[21:41:18] [main/INFO] [FermiumRegistryAPI]: FermiumRegistryAPI supplied "mixins.srpmixins.srp.cothimmunityfix.json" for late mixin enqueue, adding.
[21:41:18] [main/INFO] [FermiumJarScanner]: FermiumMixinConfig enqueueing mixin(s) parsed from annotated config Fix Min Assimilations Zero from srpmixins.
[21:41:18] [main/INFO] [FermiumRegistryAPI]: FermiumRegistryAPI supplied "mixins.srpmixins.srp.minassimilations.json" for late mixin enqueue, adding.
[21:41:18] [main/INFO] [FermiumJarScanner]: FermiumMixinConfig enqueueing mixin(s) parsed from annotated config Fix Feral Bear Creation from srpmixins.
[21:41:18] [main/INFO] [FermiumRegistryAPI]: FermiumRegistryAPI supplied "mixins.srpmixins.srp.feraliseferbears.json" for late mixin enqueue, adding.
[21:41:18] [main/INFO] [FermiumJarScanner]: FermiumMixinConfig enqueueing mixin(s) parsed from annotated config Fix Infect Nearby Visibility from srpmixins.
[21:41:18] [main/INFO] [FermiumRegistryAPI]: FermiumRegistryAPI supplied "mixins.srpmixins.srp.infectnearbyfix.json" for late mixin enqueue, adding.
[21:41:18] [main/INFO] [FermiumJarScanner]: FermiumMixinConfig enqueueing mixin(s) parsed from annotated config Call OnDeath when converting from srpmixins.
[21:41:18] [main/INFO] [FermiumRegistryAPI]: FermiumRegistryAPI supplied "mixins.srpmixins.srp.cothondeath.json" for late mixin enqueue, adding.
[21:41:18] [main/INFO] [FermiumJarScanner]: FermiumMixinConfig enqueueing mixin(s) parsed from annotated config Fix Camouflage from srpmixins.
[21:41:18] [main/INFO] [FermiumRegistryAPI]: FermiumRegistryAPI supplied "mixins.srpmixins.srp.camouflagefix.json" for late mixin enqueue, adding.
[21:41:18] [main/INFO] [FermiumJarScanner]: FermiumMixinConfig enqueueing mixin(s) parsed from annotated config Fix Assim turn to Feral from srpmixins.
[21:41:18] [main/INFO] [FermiumRegistryAPI]: FermiumRegistryAPI supplied "mixins.srpmixins.srp.simturntoferalfix.json" for late mixin enqueue, adding.
[21:41:18] [main/INFO] [FermiumJarScanner]: FermiumMixinConfig enqueueing mixin(s) parsed from annotated config Damage Fix: Global switch from srpmixins.
[21:41:18] [main/INFO] [FermiumRegistryAPI]: FermiumRegistryAPI supplied "mixins.srpmixins.srp.damagefix.json" for late mixin enqueue, adding.
[21:41:18] [main/INFO] [FermiumJarScanner]: FermiumMixinConfig enqueueing mixin(s) parsed from annotated config Fix Arachnida Pull from srpmixins.
[21:41:18] [main/INFO] [FermiumRegistryAPI]: FermiumRegistryAPI supplied "mixins.srpmixins.srp.arachnidapullballhit.json" for late mixin enqueue, adding.
[21:41:18] [main/INFO] [FermiumJarScanner]: FermiumMixinConfig enqueueing mixin(s) parsed from annotated config Limit Stage 4 Beckons from srpmixins.
[21:41:18] [main/INFO] [FermiumRegistryAPI]: FermiumRegistryAPI supplied "mixins.srpmixins.srp.beckonupgradedeny.json" for late mixin enqueue, adding.
[21:41:18] [main/INFO] [FermiumJarScanner]: FermiumMixinConfig enqueueing mixin(s) parsed from annotated config Fix Infested Block Reversion from srpmixins.
[21:41:18] [main/INFO] [FermiumRegistryAPI]: FermiumRegistryAPI supplied "mixins.srpmixins.srp.beckoninfestationfix.json" for late mixin enqueue, adding.
[21:41:18] [main/INFO] [FermiumJarScanner]: FermiumMixinConfig enqueueing mixin(s) parsed from annotated config Fix Block Infestation Beckon Upgrade from srpmixins.
[21:41:18] [main/INFO] [FermiumRegistryAPI]: FermiumRegistryAPI supplied "mixins.srpmixins.srp.aiblockinfestfix.json" for late mixin enqueue, adding.
[21:41:18] [main/INFO] [FermiumJarScanner]: FermiumMixinConfig enqueueing mixin(s) parsed from annotated config Disable Infestation Reversion from srpmixins.
[21:41:18] [main/INFO] [FermiumRegistryAPI]: FermiumRegistryAPI supplied "mixins.srpmixins.srp.infestationreversiontoggle.json" for late mixin enqueue, adding.
[21:41:18] [main/INFO] [FermiumJarScanner]: FermiumMixinConfig enqueueing mixin(s) parsed from annotated config Infestation Performance Overhaul from srpmixins.
[21:41:18] [main/INFO] [FermiumRegistryAPI]: FermiumRegistryAPI supplied "mixins.srpmixins.srp.infestationoverhaul.json" for late mixin enqueue, adding.
[21:41:18] [main/INFO] [FermiumJarScanner]: FermiumMixinConfig enqueueing mixin(s) parsed from annotated config Quenchs Remove Remains from srpmixins.
[21:41:18] [main/INFO] [FermiumRegistryAPI]: FermiumRegistryAPI supplied "mixins.srpmixins.srp.quenchremovesremains.json" for late mixin enqueue, adding.
[21:41:18] [main/INFO] [FermiumJarScanner]: FermiumMixinConfig enqueueing mixin(s) parsed from annotated config Parasite Stat+Drop Multiplier: Global switch from srpmixins.
[21:41:18] [main/INFO] [FermiumRegistryAPI]: FermiumRegistryAPI supplied "mixins.srpmixins.srp.dimensionmultis.json" for late mixin enqueue, adding.
[21:41:18] [main/INFO] [FermiumJarScanner]: FermiumMixinConfig enqueueing mixin(s) parsed from annotated config Fix Carcasses not working during cooldown from srpmixins.
[21:41:18] [main/INFO] [FermiumRegistryAPI]: FermiumRegistryAPI supplied "mixins.srpmixins.srp.cooldownbypass.json" for late mixin enqueue, adding.
[21:41:18] [main/INFO] [FermiumJarScanner]: FermiumMixinConfig enqueueing mixin(s) parsed from annotated config Lures stack cooldown from srpmixins.
[21:41:18] [main/INFO] [FermiumRegistryAPI]: FermiumRegistryAPI supplied "mixins.srpmixins.srp.lurecooldownstack.json" for late mixin enqueue, adding.
[21:41:18] [main/INFO] [FermiumJarScanner]: FermiumMixinConfig enqueueing mixin(s) parsed from annotated config Force carcass all same lure type from srpmixins.
[21:41:18] [main/INFO] [FermiumRegistryAPI]: FermiumRegistryAPI supplied "mixins.srpmixins.srp.carcasssamelures.json" for late mixin enqueue, adding.
[21:41:18] [main/INFO] [FermiumJarScanner]: FermiumMixinConfig enqueueing mixin(s) parsed from annotated config Fix Cooldown Overflow from srpmixins.
[21:41:18] [main/INFO] [FermiumRegistryAPI]: FermiumRegistryAPI supplied "mixins.srpmixins.srp.lureoverflowfix.json" for late mixin enqueue, adding.
[21:41:18] [main/INFO] [FermiumJarScanner]: FermiumMixinConfig enqueueing mixin(s) parsed from annotated config Enable Bloodmoon tweaks from srpmixins.
[21:41:18] [main/INFO] [FermiumRegistryAPI]: FermiumRegistryAPI supplied "mixins.srpmixins.bloodmoon.json" for late mixin enqueue, adding.
[21:41:18] [main/INFO] [FermiumJarScanner]: FermiumMixinConfig enqueueing mixin(s) parsed from annotated config Enable Lost Cities tweaks from srpmixins.
[21:41:18] [main/INFO] [FermiumRegistryAPI]: FermiumRegistryAPI supplied "mixins.srpmixins.lostcities.json" for late mixin enqueue, adding.
[21:41:18] [main/INFO] [FermiumJarScanner]: FermiumMixinConfig enqueueing mixin(s) parsed from annotated config Antique Atlas Compat - Render Biome Tile from srpmixins.
[21:41:18] [main/INFO] [FermiumRegistryAPI]: FermiumRegistryAPI supplied "mixins.srpmixins.antiqueatlas.renderbiometile.json" for late mixin enqueue, adding.
[21:41:18] [main/INFO] [FermiumJarScanner]: FermiumMixinConfig enqueueing mixin(s) parsed from annotated config Enable More Phases from srpmixins.
[21:41:18] [main/INFO] [FermiumRegistryAPI]: FermiumRegistryAPI supplied "mixins.srpmixins.morephases.json" for late mixin enqueue, adding.
[21:41:18] [main/INFO] [FermiumJarScanner]: FermiumMixinConfig enqueueing mixin(s) parsed from annotated config Biome Spread Performance Overhaul from srpmixins.
[21:41:18] [main/INFO] [FermiumRegistryAPI]: FermiumRegistryAPI supplied "mixins.srpmixins.srp.biomespreadoverhaul.json" for late mixin enqueue, adding.
[21:41:18] [main/INFO] [FermiumJarScanner]: FermiumMixinConfig enqueueing mixin(s) parsed from annotated config Fix Parasitic Biome Fog from srpmixins.
[21:41:18] [main/INFO] [FermiumRegistryAPI]: FermiumRegistryAPI supplied "mixins.srpmixins.srp.fogmultiplayerfix.json" for late mixin enqueue, adding.
[21:41:18] [main/INFO] [FermiumJarScanner]: FermiumMixinConfig enqueueing mixin(s) parsed from annotated config Fix Parasite Bush Generation Lag from srpmixins.
[21:41:18] [main/INFO] [FermiumRegistryAPI]: FermiumRegistryAPI supplied "mixins.srpmixins.srp.parasitebushgen.json" for late mixin enqueue, adding.
[21:41:18] [main/INFO] [FermiumJarScanner]: FermiumMixinConfig enqueueing mixin(s) parsed from annotated config Fix SRP Biome Packet from srpmixins.
[21:41:18] [main/INFO] [FermiumRegistryAPI]: FermiumRegistryAPI supplied "mixins.srpmixins.srp.biomepacket.json" for late mixin enqueue, adding.
[21:41:18] [main/INFO] [FermiumJarScanner]: FermiumMixinConfig enqueueing mixin(s) parsed from annotated config Biome Purifier - Tweak+Fix from srpmixins.
[21:41:18] [main/INFO] [FermiumRegistryAPI]: FermiumRegistryAPI supplied "mixins.srpmixins.srp.biomepurifier.json" for late mixin enqueue, adding.
[21:41:18] [main/INFO] [FermiumJarScanner]: FermiumMixinConfig enqueueing mixin(s) parsed from annotated config Bloody Clock percentage from srpmixins.
[21:41:18] [main/INFO] [FermiumRegistryAPI]: FermiumRegistryAPI supplied "mixins.srpmixins.srp.modifiedclock.json" for late mixin enqueue, adding.
[21:41:18] [main/INFO] [FermiumJarScanner]: FermiumMixinConfig enqueueing mixin(s) parsed from annotated config Flat sleep point penalty from srpmixins.
[21:41:18] [main/INFO] [FermiumRegistryAPI]: FermiumRegistryAPI supplied "mixins.srpmixins.srp.flatsleeppenalty.json" for late mixin enqueue, adding.
[21:41:18] [main/INFO] [FermiumJarScanner]: FermiumMixinConfig enqueueing mixin(s) parsed from annotated config Fix phase point reduction from srpmixins.
[21:41:18] [main/INFO] [FermiumRegistryAPI]: FermiumRegistryAPI supplied "mixins.srpmixins.srp.pointreductionlimit.json" for late mixin enqueue, adding.
[21:41:18] [main/INFO] [FermiumJarScanner]: FermiumMixinConfig enqueueing mixin(s) parsed from annotated config Fix Phase Resets from srpmixins.
[21:41:18] [main/INFO] [FermiumRegistryAPI]: FermiumRegistryAPI supplied "mixins.srpmixins.srp.phaseresetfix.json" for late mixin enqueue, adding.
[21:41:18] [main/INFO] [FermiumJarScanner]: FermiumMixinConfig enqueueing mixin(s) parsed from annotated config Fix Node Resets from srpmixins.
[21:41:18] [main/INFO] [FermiumRegistryAPI]: FermiumRegistryAPI supplied "mixins.srpmixins.srp.noderesetfix.json" for late mixin enqueue, adding.
[21:41:18] [main/INFO] [FermiumJarScanner]: FermiumMixinConfig enqueueing mixin(s) parsed from annotated config Fix Adapted Penalty on Instant Despawn from srpmixins.
[21:41:18] [main/INFO] [FermiumRegistryAPI]: FermiumRegistryAPI supplied "mixins.srpmixins.srp.adaptedinstadespawnpenalty.json" for late mixin enqueue, adding.
[21:41:18] [main/INFO] [FermiumJarScanner]: FermiumMixinConfig enqueueing mixin(s) parsed from annotated config Fix Parasites Unlocking from srpmixins.
[21:41:18] [main/INFO] [FermiumRegistryAPI]: FermiumRegistryAPI supplied "mixins.srpmixins.srp.fixparaunlocking.json" for late mixin enqueue, adding.
[21:41:18] [main/INFO] [FermiumJarScanner]: FermiumMixinConfig enqueueing mixin(s) parsed from annotated config Allow Parasite Name in Unlock Message from srpmixins.
[21:41:18] [main/INFO] [FermiumRegistryAPI]: FermiumRegistryAPI supplied "mixins.srpmixins.srp.unlockmessagewithname.json" for late mixin enqueue, adding.
[21:41:18] [main/INFO] [FermiumJarScanner]: FermiumMixinConfig enqueueing mixin(s) parsed from annotated config Needler Fix from srpmixins.
[21:41:18] [main/INFO] [FermiumRegistryAPI]: FermiumRegistryAPI supplied "mixins.srpmixins.srp.needlerfix.json" for late mixin enqueue, adding.
[21:41:18] [main/INFO] [FermiumJarScanner]: FermiumMixinConfig enqueueing mixin(s) parsed from annotated config Fix clientside potions from srpmixins.
[21:41:18] [main/INFO] [FermiumRegistryAPI]: FermiumRegistryAPI supplied "mixins.srpmixins.srp.clientpotions.json" for late mixin enqueue, adding.
[21:41:18] [main/INFO] [FermiumJarScanner]: FermiumMixinConfig enqueueing mixin(s) parsed from annotated config Fix attribute potions from srpmixins.
[21:41:18] [main/INFO] [FermiumRegistryAPI]: FermiumRegistryAPI supplied "mixins.srpmixins.srp.potionuuidfix.json" for late mixin enqueue, adding.
[21:41:18] [main/INFO] [FermiumJarScanner]: FermiumMixinConfig enqueueing mixin(s) parsed from annotated config Modify Assim/Feral Endermen target tp radius from srpmixins.
[21:41:18] [main/INFO] [FermiumRegistryAPI]: FermiumRegistryAPI supplied "mixins.srpmixins.srp.simmermantptarget.json" for late mixin enqueue, adding.
[21:41:18] [main/INFO] [FermiumJarScanner]: FermiumMixinConfig enqueueing mixin(s) parsed from annotated config Fix Spawner Block spawning from srpmixins.
[21:41:18] [main/INFO] [FermiumRegistryAPI]: FermiumRegistryAPI supplied "mixins.srpmixins.srp.spawnerspawnfix.json" for late mixin enqueue, adding.
[21:41:18] [main/INFO] [FermiumJarScanner]: FermiumMixinConfig enqueueing mixin(s) parsed from annotated config Fix Evolution Lock from srpmixins.
[21:41:18] [main/INFO] [FermiumRegistryAPI]: FermiumRegistryAPI supplied "mixins.srpmixins.srp.evolockfix.json" for late mixin enqueue, adding.
[21:41:18] [main/INFO] [FermiumJarScanner]: FermiumMixinConfig enqueueing mixin(s) parsed from annotated config Fix Parasite Biome Spawns from srpmixins.
[21:41:18] [main/INFO] [FermiumRegistryAPI]: FermiumRegistryAPI supplied "mixins.srpmixins.srp.parabiomespawns.json" for late mixin enqueue, adding.
[21:41:18] [main/INFO] [FermiumJarScanner]: FermiumMixinConfig enqueueing mixin(s) parsed from annotated config Fix Colony Carrier Type Id from srpmixins.
[21:41:18] [main/INFO] [FermiumRegistryAPI]: FermiumRegistryAPI supplied "mixins.srpmixins.srp.colocarriertypefix.json" for late mixin enqueue, adding.
[21:41:18] [main/INFO] [FermiumJarScanner]: FermiumMixinConfig enqueueing mixin(s) parsed from annotated config Fix Spawning Entirely from srpmixins.
[21:41:18] [main/INFO] [FermiumRegistryAPI]: FermiumRegistryAPI supplied "mixins.srpmixins.vanilla.enumcreaturetype.json" for early mixin enqueue, adding.
[21:41:18] [main/INFO] [FermiumRegistryAPI]: FermiumRegistryAPI supplied "mixins.srpmixins.srp.fixspawning.json" for late mixin enqueue, adding.
[21:41:18] [main/INFO] [FermiumJarScanner]: FermiumMixinConfig enqueueing mixin(s) parsed from annotated config Fix Colony Lock in Para Biome from srpmixins.
[21:41:18] [main/INFO] [FermiumRegistryAPI]: FermiumRegistryAPI supplied "mixins.srpmixins.srp.colofixinbiome.json" for late mixin enqueue, adding.
[21:41:18] [main/INFO] [FermiumJarScanner]: FermiumMixinConfig enqueueing mixin(s) parsed from annotated config Disable Scent Debug from srpmixins.
[21:41:18] [main/INFO] [FermiumRegistryAPI]: FermiumRegistryAPI supplied "mixins.srpmixins.srp.disablescentdebug.json" for late mixin enqueue, adding.
[21:41:18] [main/INFO] [FermiumJarScanner]: FermiumMixinConfig enqueueing mixin(s) parsed from annotated config Fix Config List Parsing from srpmixins.
[21:41:18] [main/INFO] [FermiumRegistryAPI]: FermiumRegistryAPI supplied "mixins.srpmixins.srp.configlistfix.json" for late mixin enqueue, adding.
[21:41:18] [main/INFO] [FermiumJarScanner]: FermiumMixinConfig enqueueing mixin(s) parsed from annotated config Use Forgotten Configs from srpmixins.
[21:41:18] [main/INFO] [FermiumRegistryAPI]: FermiumRegistryAPI supplied "mixins.srpmixins.srp.forgottenconfigs.json" for late mixin enqueue, adding.
[21:41:18] [main/INFO] [FermiumJarScanner]: FermiumMixinConfig enqueueing mixin(s) parsed from annotated config Make Strange Bones stack to 16 from srpmixins.
[21:41:18] [main/INFO] [FermiumRegistryAPI]: FermiumRegistryAPI supplied "mixins.srpmixins.srp.strangebonestacking.json" for late mixin enqueue, adding.
[21:41:18] [main/INFO] [FermiumJarScanner]: FermiumMixinConfig enqueueing mixin(s) parsed from annotated config Fix SRP Command Autocompletion from srpmixins.
[21:41:18] [main/INFO] [FermiumRegistryAPI]: FermiumRegistryAPI supplied "mixins.srpmixins.srp.commandfix.json" for late mixin enqueue, adding.
[21:41:18] [main/INFO] [FermiumJarScanner]: FermiumMixinConfig enqueueing mixin(s) parsed from annotated config Fix Empty Whitelists read as Blacklists from srpmixins.
[21:41:18] [main/INFO] [FermiumRegistryAPI]: FermiumRegistryAPI supplied "mixins.srpmixins.srp.emptywhitelistfix.json" for late mixin enqueue, adding.
[21:41:18] [main/INFO] [FermiumJarScanner]: FermiumMixinConfig enqueueing mixin(s) parsed from annotated config Fix Right Clicking Parasite Entities from srpmixins.
[21:41:18] [main/INFO] [FermiumRegistryAPI]: FermiumRegistryAPI supplied "mixins.srpmixins.srp.parasiterightclickfix.json" for late mixin enqueue, adding.
[21:41:18] [main/INFO] [FermiumJarScanner]: FermiumMixinConfig enqueueing mixin(s) parsed from annotated config Fix Wave Entities Early Death from srpmixins.
[21:41:18] [main/INFO] [FermiumRegistryAPI]: FermiumRegistryAPI supplied "mixins.srpmixins.srp.wavefix.json" for late mixin enqueue, adding.
[21:41:18] [main/INFO] [FermiumJarScanner]: FermiumMixinConfig enqueueing mixin(s) parsed from annotated config SRPModelBiped Render Crash Fix from srpmixins.
[21:41:18] [main/INFO] [FermiumRegistryAPI]: FermiumRegistryAPI supplied "mixins.srpmixins.srp.armorcrash.json" for late mixin enqueue, adding.
[21:41:18] [main/INFO] [FermiumJarScanner]: FermiumMixinConfig enqueueing mixin(s) parsed from annotated config Scents NoClip from srpmixins.
[21:41:18] [main/INFO] [FermiumRegistryAPI]: FermiumRegistryAPI supplied "mixins.srpmixins.srp.scentsnoclip.json" for late mixin enqueue, adding.
[21:41:18] [main/INFO] [FermiumJarScanner]: FermiumMixinConfig enqueueing mixin(s) parsed from annotated config Fix Multiple Phase Warnings from srpmixins.
[21:41:18] [main/INFO] [FermiumRegistryAPI]: FermiumRegistryAPI supplied "mixins.srpmixins.srp.movingsoundfix.json" for late mixin enqueue, adding.
[21:41:18] [main/INFO] [FermiumJarScanner]: FermiumMixinConfig enqueueing mixin(s) parsed from annotated config Fix Paras Regaining Tendrils from srpmixins.
[21:41:18] [main/INFO] [FermiumRegistryAPI]: FermiumRegistryAPI supplied "mixins.srpmixins.srp.tendrilfix.json" for late mixin enqueue, adding.
[21:41:18] [main/INFO] [FermiumJarScanner]: FermiumMixinConfig enqueueing mixin(s) parsed from annotated config Fix Dispatcher Stage IV Head from srpmixins.
[21:41:18] [main/INFO] [FermiumRegistryAPI]: FermiumRegistryAPI supplied "mixins.srpmixins.srp.renderdispatcherhead.json" for late mixin enqueue, adding.
[21:41:18] [main/INFO] [FermiumJarScanner]: FermiumMixinConfig enqueueing mixin(s) parsed from annotated config Fix Zero Hardness Break from srpmixins.
[21:41:18] [main/INFO] [FermiumRegistryAPI]: FermiumRegistryAPI supplied "mixins.srpmixins.srp.zerohardnessbreak.json" for late mixin enqueue, adding.
[21:41:18] [main/INFO] [FermiumJarScanner]: FermiumMixinConfig enqueueing mixin(s) parsed from annotated config Use Vanilla Loot Tables from srpmixins.
[21:41:18] [main/INFO] [FermiumRegistryAPI]: FermiumRegistryAPI supplied "mixins.srpmixins.vanilla.lootpoolparser.json" for early mixin enqueue, adding.
[21:41:18] [main/INFO] [FermiumRegistryAPI]: FermiumRegistryAPI supplied "mixins.srpmixins.srp.loottables.json" for late mixin enqueue, adding.
[21:41:18] [main/INFO] [FermiumJarScanner]: FermiumMixinConfig enqueueing mixin(s) parsed from annotated config Rupters Avoid Players from srpmixins.
[21:41:18] [main/INFO] [FermiumRegistryAPI]: FermiumRegistryAPI supplied "mixins.srpmixins.srp.ruptersavoidplayers.json" for late mixin enqueue, adding.
[21:41:18] [main/INFO] [FermiumJarScanner]: FermiumMixinConfig enqueueing mixin(s) parsed from annotated config Enable Water Spawns from srpmixins.
[21:41:18] [main/INFO] [FermiumRegistryAPI]: FermiumRegistryAPI supplied "mixins.srpmixins.srp.waterspawns.json" for late mixin enqueue, adding.
[21:41:18] [main/INFO] [FermiumJarScanner]: FermiumMixinConfig enqueueing mixin(s) parsed from annotated config Water Parasites Target Squids from srpmixins.
[21:41:18] [main/INFO] [FermiumRegistryAPI]: FermiumRegistryAPI supplied "mixins.srpmixins.srp.squidtargeting.json" for late mixin enqueue, adding.
[21:41:18] [main/INFO] [FermiumJarScanner]: FermiumMixinConfig enqueueing mixin(s) parsed from annotated config Fix parasite weapon damage from srpmixins.
[21:41:18] [main/INFO] [FermiumRegistryAPI]: FermiumRegistryAPI supplied "mixins.srpmixins.srp.weapondamage.json" for late mixin enqueue, adding.
[21:41:18] [main/INFO] [FermiumJarScanner]: FermiumMixinConfig enqueueing mixin(s) parsed from annotated config Fix parasite weapon evolution NBT loss from srpmixins.
[21:41:18] [main/INFO] [FermiumRegistryAPI]: FermiumRegistryAPI supplied "mixins.srpmixins.srp.sentnbtlossfix.json" for late mixin enqueue, adding.
[21:41:18] [main/INFO] [FermiumJarScanner]: FermiumMixinConfig enqueueing mixin(s) parsed from annotated config Remove Parasite Kills tooltip from sentient weapons from srpmixins.
[21:41:18] [main/INFO] [FermiumRegistryAPI]: FermiumRegistryAPI supplied "mixins.srpmixins.srp.senttooltipremove.json" for late mixin enqueue, adding.
[21:41:18] [main/INFO] [FermiumJarScanner]: FermiumMixinConfig enqueueing mixin(s) parsed from annotated config Repairable Gear from srpmixins.
[21:41:18] [main/INFO] [FermiumRegistryAPI]: FermiumRegistryAPI supplied "mixins.srpmixins.srp.repairableweapons.json" for late mixin enqueue, adding.
[21:41:18] [main/INFO] [FermiumJarScanner]: FermiumMixinConfig enqueueing mixin(s) parsed from annotated config Bench - GUI Allow Number Hotkeys from vcfix.
[21:41:18] [main/INFO] [FermiumRegistryAPI]: FermiumRegistryAPI supplied "mixins.vcfix.vc.numberhotkeysingui.json" for late mixin enqueue, adding.
[21:41:18] [main/INFO] [FermiumJarScanner]: FermiumMixinConfig enqueueing mixin(s) parsed from annotated config Bench - Better Shift Click - From Hotbar from vcfix.
[21:41:18] [main/INFO] [FermiumRegistryAPI]: FermiumRegistryAPI supplied "mixins.vcfix.vc.shiftclickhotbar.json" for late mixin enqueue, adding.
[21:41:18] [main/INFO] [FermiumJarScanner]: FermiumMixinConfig enqueueing mixin(s) parsed from annotated config Bench - Better Shift Click - From Inventory from vcfix.
[21:41:18] [main/INFO] [FermiumRegistryAPI]: FermiumRegistryAPI supplied "mixins.vcfix.vc.shiftclickinventory.json" for late mixin enqueue, adding.
[21:41:18] [main/INFO] [FermiumJarScanner]: FermiumMixinConfig enqueueing mixin(s) parsed from annotated config Bench - Stop Drop On GUI Exit from vcfix.
[21:41:18] [main/INFO] [FermiumRegistryAPI]: FermiumRegistryAPI supplied "mixins.vcfix.vc.stopdrop.json" for late mixin enqueue, adding.
[21:41:18] [main/INFO] [FermiumJarScanner]: FermiumMixinConfig enqueueing mixin(s) parsed from annotated config JEI - Stop Log Warn Spam from vcfix.
[21:41:18] [main/INFO] [FermiumRegistryAPI]: FermiumRegistryAPI supplied "mixins.vcfix.jei.stoplogspam.json" for late mixin enqueue, adding.
[21:41:18] [main/INFO] [FermiumJarScanner]: FermiumMixinConfig finished MixinConfig parsing, parsed 398 config options with 0 warnings
[21:41:18] [main/INFO] [FermiumBooter]: FermiumBooter adding "mixins.rlmixins.early.chunkanimator.xray.json" for early mixin application.
[21:41:18] [main/INFO] [FermiumBooter]: FermiumBooter adding "mixins.fermiummixins.early.vanilla.bossvehicle.json" for early mixin application.
[21:41:18] [main/INFO] [FermiumBooter]: FermiumBooter adding "mixins.aaam.vanilla.json" for early mixin application.
[21:41:18] [main/INFO] [FermiumBooter]: FermiumBooter adding "mixins.somanyenchantments.vanilla.json" for early mixin application.
[21:41:18] [main/INFO] [FermiumBooter]: FermiumBooter adding "mixins.fermiummixins.early.vanilla.worldbordertimecache.json" for early mixin application.
[21:41:18] [main/INFO] [FermiumBooter]: FermiumBooter adding "mixins.fermiummixins.early.vanilla.worldflammablepos.json" for early mixin application.
[21:41:18] [main/INFO] [FermiumBooter]: FermiumBooter adding "mixins.fermiummixins.early.vanilla.particlerenderpatch.json" for early mixin application.
[21:41:18] [main/INFO] [FermiumBooter]: FermiumBooter adding "mixins.fermiummixins.early.vanilla.pathfindingloading.json" for early mixin application.
[21:41:18] [main/INFO] [FermiumBooter]: FermiumBooter adding "mixins.fermiummixins.early.vanilla.spawnchunkradiuspatch.json" for early mixin application.
[21:41:18] [main/INFO] [FermiumBooter]: FermiumBooter adding "mixins.localizator.core.containername.json" for early mixin application.
[21:41:18] [main/INFO] [FermiumBooter]: FermiumBooter adding "mixins.fermiummixins.early.vanilla.materialcheck.json" for early mixin application.
[21:41:18] [main/INFO] [FermiumBooter]: FermiumBooter adding "mixins.fermiummixins.early.vanilla.stackablesoupbowlfix.json" for early mixin application.
[21:41:18] [main/INFO] [FermiumBooter]: FermiumBooter adding "mixins.boatdeletebegone.json" for early mixin application.
[21:41:18] [main/INFO] [FermiumBooter]: FermiumBooter adding "mixins.eaglemixins.vanilla.randomvaluerange_eaglemath.json" for early mixin application.
[21:41:18] [main/INFO] [FermiumBooter]: FermiumBooter adding "mixins.eaglemixins.vanilla.customradiationhearts.json" for early mixin application.
[21:41:18] [main/INFO] [FermiumBooter]: FermiumBooter adding "mixins.fermiummixins.early.vanilla.giantzombiespawnfix.json" for early mixin application.
[21:41:18] [main/INFO] [FermiumBooter]: FermiumBooter adding "mixins.furnacexpstorage.json" for early mixin application.
[21:41:18] [main/INFO] [FermiumBooter]: FermiumBooter adding "mixins.fermiummixins.early.bloodmoon.optifinerender.json" for early mixin application.
[21:41:18] [main/INFO] [FermiumBooter]: FermiumBooter adding "mixins.luckified.vanilla.coloreditems.json" for early mixin application.
[21:41:18] [main/INFO] [FermiumBooter]: FermiumBooter adding "mixins.fermiummixins.early.fancymenu.servercrash.json" for early mixin application.
[21:41:18] [main/INFO] [FermiumBooter]: FermiumBooter adding "mixins.fermiummixins.early.charm.shulkerinsertion.json" for early mixin application.
[21:41:18] [main/INFO] [FermiumBooter]: FermiumBooter adding "mixins.bounceable.vanilla.json" for early mixin application.
[21:41:18] [main/INFO] [FermiumBooter]: FermiumBooter adding "mixins.fermiummixins.early.bountifulbaubles.flaregun.json" for early mixin application.
[21:41:18] [main/INFO] [FermiumBooter]: FermiumBooter adding "mixins.eaglemixins.vanilla.itemattributes.json" for early mixin application.
[21:41:18] [main/INFO] [FermiumBooter]: FermiumBooter adding "mixins.localizator.core.loclore.json" for early mixin application.
[21:41:18] [main/INFO] [FermiumBooter]: FermiumBooter adding "mixins.fermiummixins.early.vanilla.glerror.json" for early mixin application.
[21:41:18] [main/INFO] [FermiumBooter]: FermiumBooter adding "mixins.fermiummixins.early.vanilla.lowercroucheyeheight.json" for early mixin application.
[21:41:18] [main/INFO] [FermiumBooter]: FermiumBooter adding "mixins.fermiummixins.early.vanilla.mergexporbs.json" for early mixin application.
[21:41:18] [main/INFO] [FermiumBooter]: FermiumBooter adding "mixins.fermiummixins.early.vanilla.untippedarrowparticles.json" for early mixin application.
[21:41:18] [main/INFO] [FermiumBooter]: FermiumBooter adding "mixins.editableedibles.vanilla.json" for early mixin application.
[21:41:18] [main/INFO] [FermiumBooter]: FermiumBooter adding "mixins.rlmixins.early.rlmixins.slimebouncysides.json" for early mixin application.
[21:41:18] [main/INFO] [FermiumBooter]: FermiumBooter adding "mixins.fermiummixins.early.vanilla.strayhuskspawningfix.json" for early mixin application.
[21:41:18] [main/INFO] [FermiumBooter]: FermiumBooter adding "mixins.fermiummixins.early.spawnercontrol.curing.json" for early mixin application.
[21:41:18] [main/INFO] [FermiumBooter]: FermiumBooter adding "mixins.misc_fluidregistry.json" for early mixin application.
[21:41:18] [main/INFO] [FermiumBooter]: FermiumBooter adding "mixins.rlmixins.early.bettersurvival.antiwarp.json" for early mixin application.
[21:41:18] [main/INFO] [FermiumBooter]: FermiumBooter adding "mixins.crashes.json" for early mixin application.
[21:41:18] [main/INFO] [FermiumBooter]: FermiumBooter adding "mixins.fix_mc129057.json" for early mixin application.
[21:41:18] [main/INFO] [FermiumBooter]: FermiumBooter adding "mixins.fermiummixins.early.vanilla.outdatedchunkdata.json" for early mixin application.
[21:41:18] [main/INFO] [FermiumBooter]: FermiumBooter adding "mixins.localizator.core.writtenbooks.json" for early mixin application.
[21:41:18] [main/INFO] [FermiumBooter]: FermiumBooter adding "mixins.stripitemstack.json" for early mixin application.
[21:41:18] [main/INFO] [FermiumBooter]: FermiumBooter adding "mixins.fermiummixins.early.vanilla.stoppigmenportalspawns.json" for early mixin application.
[21:41:18] [main/INFO] [FermiumBooter]: FermiumBooter adding "mixins.fermiummixins.early.vanilla.serverpriority.json" for early mixin application.
[21:41:18] [main/INFO] [FermiumBooter]: FermiumBooter adding "mixins.fermiumbooter.crashreport.json" for early mixin application.
[21:41:18] [main/INFO] [FermiumBooter]: FermiumBooter adding "mixins.localizator.core.entityaccessor.json" for early mixin application.
[21:41:18] [main/INFO] [FermiumBooter]: FermiumBooter adding "mixins.vanities.json" for early mixin application.
[21:41:18] [main/INFO] [FermiumBooter]: FermiumBooter adding "mixins.bettercombatmod.json" for early mixin application.
[21:41:18] [main/INFO] [FermiumBooter]: FermiumBooter adding "mixins.fermiummixins.early.vanilla.entityvelocitysync.json" for early mixin application.
[21:41:18] [main/INFO] [FermiumBooter]: FermiumBooter adding "mixins.fermiummixins.early.vanilla.chunkentitylistpatch.json" for early mixin application.
[21:41:18] [main/INFO] [FermiumBooter]: FermiumBooter adding "mixins.fermiummixins.early.vanilla.idleguardiansinking.json" for early mixin application.
[21:41:18] [main/INFO] [FermiumBooter]: FermiumBooter adding "mixins.fermiummixins.early.vanilla.entitytrackerdesync.json" for early mixin application.
[21:41:18] [main/INFO] [FermiumBooter]: FermiumBooter adding "mixins.registries.json" for early mixin application.
[21:41:18] [main/INFO] [FermiumBooter]: FermiumBooter adding "mixins.fermiummixins.early.vanilla.healthdesyncpatch.json" for early mixin application.
[21:41:18] [main/INFO] [FermiumBooter]: FermiumBooter adding "mixins.srpmixins.vanilla.enumcreaturetype.json" for early mixin application.
[21:41:18] [main/INFO] [FermiumBooter]: FermiumBooter adding "mixins.fermiummixins.early.vanilla.mineshaftbiomeblacklist.json" for early mixin application.
[21:41:18] [main/INFO] [FermiumBooter]: FermiumBooter adding "mixins.fermiummixins.early.vanilla.potionamplifiervisibility.json" for early mixin application.
[21:41:18] [main/INFO] [FermiumBooter]: FermiumBooter adding "mixins.priorities.json" for early mixin application.
[21:41:18] [main/INFO] [FermiumBooter]: FermiumBooter adding "mixins.localizator.core.writablebooks.json" for early mixin application.
[21:41:18] [main/INFO] [FermiumBooter]: FermiumBooter adding "mixins.rlmixins.early.bettersurvival.optimization.json" for early mixin application.
[21:41:18] [main/INFO] [FermiumBooter]: FermiumBooter adding "mixins.srpmixins.vanilla.adaptationoverhaul.json" for early mixin application.
[21:41:18] [main/INFO] [FermiumBooter]: FermiumBooter adding "mixins.fermiummixins.early.quark.runeoptifine.json" for early mixin application.
[21:41:18] [main/INFO] [FermiumBooter]: FermiumBooter adding "mixins.recipes.json" for early mixin application.
[21:41:18] [main/INFO] [FermiumBooter]: FermiumBooter adding "mixins.fermiummixins.early.vanilla.furnacexplimitfix.json" for early mixin application.
[21:41:18] [main/INFO] [FermiumBooter]: FermiumBooter adding "mixins.internal.json" for early mixin application.
[21:41:18] [main/INFO] [FermiumBooter]: FermiumBooter adding "mixins.fermiummixins.early.vanilla.teleportinglagpatch.json" for early mixin application.
[21:41:18] [main/INFO] [FermiumBooter]: FermiumBooter adding "mixins.fermiummixins.early.vanilla.respawnprotection.json" for early mixin application.
[21:41:18] [main/INFO] [FermiumBooter]: FermiumBooter adding "mixins.rlmixins.early.rlmixins.mobnausea.json" for early mixin application.
[21:41:18] [main/INFO] [FermiumBooter]: FermiumBooter adding "mixins.eaglemixins.vanilla.slowairrefill.json" for early mixin application.
[21:41:18] [main/INFO] [FermiumBooter]: FermiumBooter adding "mixins.fermiummixins.early.vanilla.fallblocktick.json" for early mixin application.
[21:41:18] [main/INFO] [FermiumBooter]: FermiumBooter adding "mixins.fermiummixins.early.mobends.idcrash.json" for early mixin application.
[21:41:18] [main/INFO] [FermiumBooter]: FermiumBooter adding "mixins.fermiummixins.early.vanilla.stopsleepresettingweather.json" for early mixin application.
[21:41:18] [main/INFO] [FermiumBooter]: FermiumBooter adding "mixins.fermiummixins.early.vanilla.tippedarrowblacklist.json" for early mixin application.
[21:41:18] [main/INFO] [FermiumBooter]: FermiumBooter adding "mixins.vfix_bugfixes.json" for early mixin application.
[21:41:18] [main/INFO] [FermiumBooter]: FermiumBooter adding "mixins.fermiummixins.early.vanilla.blockstorageoptifine.json" for early mixin application.
[21:41:18] [main/INFO] [FermiumBooter]: FermiumBooter adding "mixins.fermiummixins.early.bloodmoon.lootpickup.json" for early mixin application.
[21:41:18] [main/INFO] [FermiumBooter]: FermiumBooter adding "mixins.capability.json" for early mixin application.
[21:41:18] [main/INFO] [FermiumBooter]: FermiumBooter adding "mixins.rlmixins.early.vanilla.concrete.json" for early mixin application.
[21:41:18] [main/INFO] [FermiumBooter]: FermiumBooter adding "mixins.fermiummixins.early.vanilla.waterchunkgenticking.json" for early mixin application.
[21:41:18] [main/INFO] [FermiumBooter]: FermiumBooter adding "mixins.fermiummixins.early.vanilla.suppressdangerousprefix.json" for early mixin application.
[21:41:18] [main/INFO] [FermiumBooter]: FermiumBooter adding "mixins.fermiummixins.early.vanilla.hardcoregameoverfix.json" for early mixin application.
[21:41:18] [main/INFO] [FermiumBooter]: FermiumBooter adding "mixins.fermiummixins.early.mobends.memleak.json" for early mixin application.
[21:41:18] [main/INFO] [FermiumBooter]: FermiumBooter adding "mixins.somanyenchantments.upgrading.json" for early mixin application.
[21:41:18] [main/INFO] [FermiumBooter]: FermiumBooter adding "mixins.eaglemixins.vanilla.randomtp.json" for early mixin application.
[21:41:18] [main/INFO] [FermiumBooter]: FermiumBooter adding "mixins.fermiummixins.early.vanilla.suppressbrokenoredict.json" for early mixin application.
[21:41:18] [main/INFO] [FermiumBooter]: FermiumBooter adding "mixins.fermiummixins.early.vanilla.suppressaddpacket.json" for early mixin application.
[21:41:18] [main/INFO] [FermiumBooter]: FermiumBooter adding "mixins.fermiummixins.early.biomesoplenty.waspfarm.json" for early mixin application.
[21:41:18] [main/INFO] [FermiumBooter]: FermiumBooter adding "mixins.fermiummixins.early.waystones.naming.json" for early mixin application.
[21:41:18] [main/INFO] [FermiumBooter]: FermiumBooter adding "mixins.fermiummixins.early.vanilla.playerdeathshakefix.json" for early mixin application.
[21:41:18] [main/INFO] [FermiumBooter]: FermiumBooter adding "mixins.fermiummixins.early.vanilla.chunkvisibilitycache.json" for early mixin application.
[21:41:18] [main/INFO] [FermiumBooter]: FermiumBooter adding "mixins.localizator.core.itementitykill.json" for early mixin application.
[21:41:18] [main/INFO] [FermiumBooter]: FermiumBooter adding "mixins.luckified.vanilla.json" for early mixin application.
[21:41:18] [main/INFO] [FermiumBooter]: FermiumBooter adding "mixins.fermiummixins.early.itemphysics.servercrash.json" for early mixin application.
[21:41:18] [main/INFO] [FermiumBooter]: FermiumBooter adding "mixins.eaglemixins.vanilla.climbabletrapdoors.json" for early mixin application.
[21:41:18] [main/INFO] [FermiumBooter]: FermiumBooter adding "mixins.fermiummixins.early.vanilla.mendingpriorities.json" for early mixin application.
[21:41:18] [main/INFO] [FermiumBooter]: FermiumBooter adding "mixins.forgefixes.json" for early mixin application.
[21:41:18] [main/INFO] [FermiumBooter]: FermiumBooter adding "mixins.srpmixins.vanilla.lootpoolparser.json" for early mixin application.
[21:41:18] [main/INFO] [FermiumBooter]: FermiumBooter adding "mixins.fermiummixins.early.vanilla.delayedpacketerrors.json" for early mixin application.
[21:41:18] [main/INFO] [FermiumBooter]: FermiumBooter adding "mixins.eaglemixins.vanilla.zombieberians.json" for early mixin application.
[21:41:18] [main/INFO] [FermiumBooter]: FermiumBooter adding "mixins.efficienthashing.json" for early mixin application.
[21:41:18] [main/INFO] [FermiumBooter]: FermiumBooter adding "mixins.fermiummixins.early.vanilla.hoerepair.json" for early mixin application.
[21:41:18] [main/INFO] [FermiumBooter]: FermiumBooter adding "mixins.lockcode.json" for early mixin application.
[21:41:18] [main/INFO] [FermiumBooter]: FermiumBooter adding "mixins.fermiummixins.early.vanilla.smoothcrouching.json" for early mixin application.
[21:41:18] [main/INFO] [FermiumBooter]: FermiumBooter adding "mixins.fermiummixins.early.anvilpatch.tooexpensivefix.json" for early mixin application.
[21:41:18] [main/INFO] [FermiumBooter]: FermiumBooter adding "mixins.localizator.core.noveltyplacement.json" for early mixin application.
[21:41:18] [main/INFO] [FermiumBooter]: FermiumBooter adding "mixins.fermiummixins.early.vanilla.suppressreceivedpassengers.json" for early mixin application.
[21:41:18] [main/INFO] [FermiumBooter]: FermiumBooter adding "mixins.localizator.core.entityname.json" for early mixin application.
[21:41:18] [main/INFO] [FermiumBooter]: FermiumBooter adding "mixins.rlmixins.early.betterquesting.button.json" for early mixin application.
[21:41:18] [main/INFO] [FermiumBooter]: FermiumBooter adding "mixins.fermiummixins.early.vanilla.nukeadvancements.json" for early mixin application.
[21:41:18] [main/INFO] [FermiumBooter]: FermiumBooter adding "mixins.noisethreader.vanilla.json" for early mixin application.
[21:41:18] [main/INFO] [FermiumBooter]: FermiumBooter adding "mixins.localizator.core.bossoverlay.json" for early mixin application.
[21:41:18] [main/INFO] [FermiumBooter]: FermiumBooter adding "mixins.localizator.core.locname.json" for early mixin application.
[21:41:18] [main/INFO] [FermiumBooter]: FermiumBooter adding "mixins.fermiummixins.early.vanilla.lazychunkmobspawns.json" for early mixin application.
[21:41:18] [main/INFO] [FermiumBooter]: FermiumBooter adding "mixins.fermiummixins.early.vanilla.clientpriority.json" for early mixin application.
[21:41:18] [main/INFO] [FermiumBooter]: FermiumBooter adding "mixins.fermiummixins.early.vanilla.weathertiming.json" for early mixin application.
[21:41:18] [main/INFO] [FermiumBooter]: FermiumBooter adding "mixins.fermiummixins.early.vanilla.containerdropfix.json" for early mixin application.
[21:41:18] [main/INFO] [LaunchWrapper]: Calling tweak class net.minecraftforge.fml.common.launcher.FMLDeobfTweaker
[21:41:18] [main/INFO] [FermiumASM]: FermiumASM is now preparing to bytecode manipulate your game.
[21:41:18] [main/INFO] [FermiumASM]: Adding class net.minecraft.util.ResourceLocation to the transformation queue
[21:41:18] [main/INFO] [FermiumASM]: Adding class net.minecraft.util.registry.RegistrySimple to the transformation queue
[21:41:18] [main/INFO] [FermiumASM]: Adding class net.minecraft.nbt.NBTTagString to the transformation queue
[21:41:18] [main/INFO] [FermiumASM]: Adding class net.minecraftforge.fml.common.discovery.ModCandidate to the transformation queue
[21:41:18] [main/INFO] [FermiumASM]: Adding class net.minecraftforge.fml.common.discovery.ASMDataTable$ASMData to the transformation queue
[21:41:18] [main/INFO] [FermiumASM]: Adding class net.minecraft.item.ItemStack to the transformation queue
[21:41:18] [main/INFO] [FermiumASM]: Adding class net.minecraft.item.crafting.FurnaceRecipes to the transformation queue
[21:41:18] [main/INFO] [FermiumASM]: Adding class mezz.jei.suffixtree.Edge to the transformation queue
[21:41:18] [main/INFO] [FermiumASM]: Adding class net.minecraft.item.ItemStack to the transformation queue
[21:41:18] [main/INFO] [FermiumASM]: Adding class net.minecraft.client.renderer.EntityRenderer to the transformation queue
[21:41:18] [main/INFO] [FermiumASM]: Adding class net.minecraft.client.renderer.EntityRenderer to the transformation queue
[21:41:18] [main/INFO] [FermiumASM]: Adding class net.minecraft.nbt.NBTTagCompound to the transformation queue
[21:41:18] [main/WARN] [mixin]: Reference map 'mixins.fermiumbooter.refmap.json' for mixins.fermiumbooter.init.json could not be read. If this is a development environment you can ignore this message
[21:41:18] [main/INFO] [STDOUT]: [com.pg85.otg.forge.asm.excluded.OTGClassTransformer:transform:91]: OTG-Core transforming: net.minecraft.entity.EntityLivingBase : vp
[21:41:18] [main/INFO] [Meson ASM]: Transforming EntityPlayer
[21:41:18] [main/INFO] [Meson ASM]: Applying Transformation to method (Names [getArmorVisibility, func_82243_bO, cW] Descriptor ()F / ()F)
[21:41:18] [main/INFO] [Meson ASM]: Located method, patching...
[21:41:18] [main/INFO] [Meson ASM]: Located target IINC 1 1
[21:41:18] [main/INFO] [Meson ASM]: Patch result: true
[21:41:18] [main/INFO] [org.spongepowered.asm.service.mojang.MixinServiceLaunchWrapper]: A re-entrant transformer '$wrapper.svenhjol.charm.base.CharmClassTransformer' was detected and will no longer process meta class data
[21:41:18] [main/INFO] [MixinExtras|Service]: Initializing MixinExtras via com.llamalad7.mixinextras.service.MixinExtrasServiceImpl(version=0.5.0).
[21:41:18] [main/INFO] [LaunchWrapper]: Calling tweak class net.minecraftforge.fml.relauncher.CoreModManager$FMLPluginWrapper
[21:41:18] [main/INFO] [LaunchWrapper]: Calling tweak class net.minecraftforge.fml.relauncher.CoreModManager$FMLPluginWrapper
[21:41:18] [main/INFO] [LaunchWrapper]: Calling tweak class net.minecraftforge.fml.relauncher.CoreModManager$FMLPluginWrapper
[21:41:18] [main/INFO] [LaunchWrapper]: Calling tweak class net.minecraftforge.fml.relauncher.CoreModManager$FMLPluginWrapper
[21:41:18] [main/INFO] [LaunchWrapper]: Calling tweak class net.minecraftforge.fml.relauncher.CoreModManager$FMLPluginWrapper
[21:41:18] [main/INFO] [LaunchWrapper]: Calling tweak class net.minecraftforge.fml.relauncher.CoreModManager$FMLPluginWrapper
[21:41:18] [main/INFO] [LaunchWrapper]: Calling tweak class net.minecraftforge.fml.relauncher.CoreModManager$FMLPluginWrapper
[21:41:18] [main/INFO] [LaunchWrapper]: Calling tweak class net.minecraftforge.fml.relauncher.CoreModManager$FMLPluginWrapper
[21:41:18] [main/INFO] [LaunchWrapper]: Calling tweak class net.minecraftforge.fml.relauncher.CoreModManager$FMLPluginWrapper
[21:41:18] [main/INFO] [LaunchWrapper]: Calling tweak class net.minecraftforge.fml.relauncher.CoreModManager$FMLPluginWrapper
[21:41:18] [main/INFO] [LaunchWrapper]: Calling tweak class net.minecraftforge.fml.relauncher.CoreModManager$FMLPluginWrapper
[21:41:18] [main/INFO] [LaunchWrapper]: Calling tweak class net.minecraftforge.fml.relauncher.CoreModManager$FMLPluginWrapper
[21:41:18] [main/INFO] [LaunchWrapper]: Calling tweak class net.minecraftforge.fml.relauncher.CoreModManager$FMLPluginWrapper
[21:41:18] [main/INFO] [LaunchWrapper]: Calling tweak class net.minecraftforge.fml.relauncher.CoreModManager$FMLPluginWrapper
[21:41:18] [main/INFO] [LaunchWrapper]: Calling tweak class net.minecraftforge.fml.relauncher.CoreModManager$FMLPluginWrapper
[21:41:18] [main/INFO] [LaunchWrapper]: Calling tweak class net.minecraftforge.fml.relauncher.CoreModManager$FMLPluginWrapper
[21:41:18] [main/INFO] [LaunchWrapper]: Calling tweak class net.minecraftforge.fml.relauncher.CoreModManager$FMLPluginWrapper
[21:41:18] [main/INFO] [LaunchWrapper]: Calling tweak class net.minecraftforge.fml.relauncher.CoreModManager$FMLPluginWrapper
[21:41:18] [main/INFO] [LaunchWrapper]: Calling tweak class net.minecraftforge.fml.relauncher.CoreModManager$FMLPluginWrapper
[21:41:18] [main/INFO] [LaunchWrapper]: Loading tweak class name net.jan.moddirector.launchwrapper.forge.AfterDeobfTweaker
[21:41:18] [main/INFO] [LaunchWrapper]: Loading tweak class name net.minecraftforge.fml.common.launcher.TerminalTweaker
[21:41:18] [main/INFO] [LaunchWrapper]: Loading tweak class name org.spongepowered.asm.mixin.EnvironmentStateTweaker
[21:41:18] [main/INFO] [LaunchWrapper]: Calling tweak class net.jan.moddirector.launchwrapper.forge.AfterDeobfTweaker
[21:41:18] [main/INFO] [LaunchWrapper]: Calling tweak class net.minecraftforge.fml.common.launcher.TerminalTweaker
[21:41:18] [main/INFO] [LaunchWrapper]: Calling tweak class org.spongepowered.asm.mixin.EnvironmentStateTweaker
[21:41:18] [main/ERROR] [MCMT-Core]: WorldServer.tick call site not found in updateTimeLightAndEntities
[21:41:18] [main/INFO] [MCMT-Core]: MCMT coremod transformer active
[21:41:18] [main/WARN] [mixin]: Reference map 'mixins.fermiumbooter.refmap.json' for mixins.fermiumbooter.crashreport.json could not be read. If this is a development environment you can ignore this message
[21:41:18] [main/INFO] [ASMUtil]: Transforming class net/minecraft/entity/item/EntityItemFrame
[21:41:18] [main/INFO] [ASMUtil]: Transforming class net/minecraft/entity/item/EntityItemFrame
[21:41:18] [main/INFO] [de.keksuccino.fancymenu.mixin.FMMixinPlugin]: [FANCYMENU] APPLYING MIXIN: de.keksuccino.fancymenu.mixin.client.IMixinStyle | TO TARGET: net.minecraft.util.text.Style
[21:41:18] [main/INFO] [ASMUtil]: Transforming class net/minecraft/block/Block
[21:41:18] [main/INFO] [ASMUtil]: Transforming class net/minecraft/block/Block
[21:41:18] [main/INFO] [Quark ASM]: Transforming net.minecraft.block.BlockPistonBase
[21:41:18] [main/INFO] [Quark ASM]: Applying Transformation to method (Names [canPush, func_185646_a] Descriptor (Lnet/minecraft/block/state/IBlockState;Lnet/minecraft/world/World;Lnet/minecraft/util/math/BlockPos;Lnet/minecraft/util/EnumFacing;ZLnet/minecraft/util/EnumFacing;)Z)
[21:41:18] [main/INFO] [Quark ASM]: Located Method, patching...
[21:41:18] [main/INFO] [Quark ASM]: Located patch target node INVOKEVIRTUAL net/minecraft/block/Block.hasTileEntity (Lnet/minecraft/block/state/IBlockState;)Z
[21:41:18] [main/INFO] [Quark ASM]: Patch result: true
[21:41:18] [main/INFO] [Quark ASM]: Applying Transformation to method (Names [doMove, func_176319_a] Descriptor (Lnet/minecraft/world/World;Lnet/minecraft/util/math/BlockPos;Lnet/minecraft/util/EnumFacing;Z)Z)
[21:41:18] [main/INFO] [Quark ASM]: Located Method, patching...
[21:41:18] [main/INFO] [Quark ASM]: Located patch target node INVOKEVIRTUAL net/minecraft/block/state/BlockPistonStructureHelper.func_177254_c ()Ljava/util/List;
[21:41:18] [main/INFO] [Quark ASM]: Patch result: true
[21:41:18] [main/INFO] [Quark ASM]: Applying Transformation to method (Names [doMove, func_176319_a] Descriptor (Lnet/minecraft/world/World;Lnet/minecraft/util/math/BlockPos;Lnet/minecraft/util/EnumFacing;Z)Z)
[21:41:18] [main/INFO] [Quark ASM]: Located Method, patching...
[21:41:18] [main/INFO] [Quark ASM]: Located patch target node INVOKESPECIAL net/minecraft/block/state/BlockPistonStructureHelper.<init> (Lnet/minecraft/world/World;Lnet/minecraft/util/math/BlockPos;Lnet/minecraft/util/EnumFacing;Z)V
[21:41:18] [main/INFO] [Quark ASM]: Patch result: true
[21:41:18] [main/INFO] [Quark ASM]: Applying Transformation to method (Names [checkForMove, func_176316_e] Descriptor (Lnet/minecraft/world/World;Lnet/minecraft/util/math/BlockPos;Lnet/minecraft/block/state/IBlockState;)V)
[21:41:18] [main/INFO] [Quark ASM]: Located Method, patching...
[21:41:18] [main/INFO] [Quark ASM]: Located patch target node INVOKESPECIAL net/minecraft/block/state/BlockPistonStructureHelper.<init> (Lnet/minecraft/world/World;Lnet/minecraft/util/math/BlockPos;Lnet/minecraft/util/EnumFacing;Z)V
[21:41:18] [main/INFO] [Quark ASM]: Patch result: true
[21:41:18] [main/INFO] [ASMUtil]: Transforming class net/minecraftforge/items/VanillaInventoryCodeHooks
[21:41:18] [main/INFO] [ASMUtil]: Transforming class net/minecraftforge/items/VanillaInventoryCodeHooks
[21:41:18] [main/INFO] [org.spongepowered.asm.service.mojang.MixinServiceLaunchWrapper]: A re-entrant transformer '$wrapper.sereneseasons.asm.transformer.WorldTransformer' was detected and will no longer process meta class data
[21:41:18] [main/INFO] [org.spongepowered.asm.service.mojang.MixinServiceLaunchWrapper]: A re-entrant transformer '$wrapper.lumien.bloodmoon.asm.ClassTransformer' was detected and will no longer process meta class data
[21:41:18] [main/INFO] [STDOUT]: [pl.asie.foamfix.coremod.FoamFixTransformer:spliceClasses:101]: Added INTERFACE: pl/asie/foamfix/coremod/patches/IFoamFixWorldRemovable
[21:41:18] [main/INFO] [STDOUT]: [pl.asie.foamfix.coremod.FoamFixTransformer:spliceClasses:141]: Added METHOD: net.minecraft.world.World.foamfix_removeUnloadedEntities
[21:41:18] [main/INFO] [MCMT-Core]: Patched World: 1 entity tick dispatch site(s)
[21:41:18] [main/ERROR] [MCMT-Core]: ITickable.update call site not found in updateEntities
[21:41:18] [main/INFO] [LibrarianLib ASM]: Transforming World
[21:41:18] [main/INFO] [LibrarianLib ASM]: Applying Transformation to method (Names [updateEntities, func_72939_s] Descriptor ()V)
[21:41:18] [main/INFO] [LibrarianLib ASM]: Attempting to insert: Update hook
[21:41:18] [main/INFO] [LibrarianLib ASM]: Patch result: !!!!!!! Failure !!!!!!!
[21:41:18] [main/INFO] [LibrarianLib ASM]: Applying Transformation to method (Names [updateEntityWithOptionalForce, func_72866_a] Descriptor (Lnet/minecraft/entity/Entity;Z)V)
[21:41:18] [main/INFO] [LibrarianLib ASM]: Attempting to insert: Update hook
[21:41:18] [main/INFO] [LibrarianLib ASM]: Patch result: Success
[21:41:18] [main/INFO] [ASMUtil]: Transforming class net/minecraft/world/World
[21:41:18] [main/INFO] [ASMUtil]: Transforming class net/minecraft/world/World
[21:41:18] [main/INFO] [ASMUtil]: Transforming class net/minecraft/world/World
[21:41:18] [main/INFO] [ASMUtil]: Transforming class net/minecraft/world/World
[21:41:18] [main/INFO] [ASMUtil]: Transforming class net/minecraft/world/World
[21:41:18] [main/INFO] [ASMUtil]: Transforming class net/minecraft/world/World
[21:41:18] [main/INFO] [STDOUT]: [com.pg85.otg.forge.asm.excluded.OTGClassTransformer:transform:91]: OTG-Core transforming: net.minecraft.entity.projectile.EntityArrow : aeh
[21:41:18] [main/INFO] [Quark ASM]: Transforming net.minecraft.entity.Entity
[21:41:18] [main/INFO] [Quark ASM]: Applying Transformation to method (Names [move, func_70091_d] Descriptor (Lnet/minecraft/entity/MoverType;DDD)V)
[21:41:18] [main/INFO] [Quark ASM]: Located Method, patching...
[21:41:18] [main/INFO] [Quark ASM]: Patch result: true
[21:41:18] [main/INFO] [Quark ASM]: Located Method, patching...
[21:41:18] [main/INFO] [Quark ASM]: Located patch target node INVOKEVIRTUAL net/minecraft/entity/Entity.func_145775_I ()V
[21:41:18] [main/INFO] [Quark ASM]: Patch result: true
[21:41:18] [main/INFO] [Quark ASM]: Applying Transformation to method (Names [onEntityUpdate, func_70030_z] Descriptor ()V)
[21:41:18] [main/INFO] [Quark ASM]: Located Method, patching...
[21:41:18] [main/INFO] [Quark ASM]: Patch result: true
[21:41:18] [main/INFO] [ASMUtil]: Transforming class net/minecraft/entity/Entity
[21:41:18] [main/INFO] [ASMUtil]: Transforming class net/minecraft/entity/Entity
[21:41:18] [main/INFO] [ASMUtil]: Transforming class net/minecraft/entity/Entity
[21:41:18] [main/INFO] [ASMUtil]: Transforming class net/minecraft/entity/Entity
[21:41:18] [main/INFO] [STDOUT]: [com.creativemd.creativecore.transformer.CreativeTransformer:transform:49]: [itemphysic] Patched net.minecraft.entity.item.EntityItem ...
[21:41:18] [main/INFO] [STDOUT]: [com.creativemd.creativecore.transformer.CreativeTransformer:transform:49]: [itemphysic] Patched net.minecraft.entity.item.EntityItem ...
[21:41:18] [main/INFO] [STDOUT]: [com.pg85.otg.forge.asm.excluded.OTGClassTransformer:transform:91]: OTG-Core transforming: net.minecraft.entity.item.EntityItem : acl
[21:41:18] [main/INFO] [Quark ASM]: Transforming net.minecraft.entity.item.EntityItem
[21:41:18] [main/INFO] [Quark ASM]: Applying Transformation to method (Names [onUpdate, func_70071_h_] Descriptor ()V)
[21:41:18] [main/INFO] [Quark ASM]: Located Method, patching...
[21:41:18] [main/INFO] [Quark ASM]: Patch result: true
[21:41:18] [main/INFO] [STDOUT]: [com.pg85.otg.forge.asm.excluded.OTGClassTransformer:transform:91]: OTG-Core transforming: net.minecraftforge.registries.GameData : net/minecraftforge/registries/GameData
[21:41:19] [main/INFO] [STDOUT]: [com.pg85.otg.forge.asm.excluded.OTGClassTransformer:transform:91]: OTG-Core transforming: net.minecraft.entity.item.EntityBoat : afd
[21:41:19] [main/INFO] [Quark ASM]: Transforming net.minecraft.entity.item.EntityBoat
[21:41:19] [main/INFO] [Quark ASM]: Applying Transformation to method (Names [attackEntityFrom, func_70097_a] Descriptor (Lnet/minecraft/util/DamageSource;F)Z)
[21:41:19] [main/INFO] [Quark ASM]: Located Method, patching...
[21:41:19] [main/INFO] [Quark ASM]: Located patch target node INVOKEVIRTUAL net/minecraft/entity/item/EntityBoat.func_145778_a (Lnet/minecraft/item/Item;IF)Lnet/minecraft/entity/item/EntityItem;
[21:41:19] [main/INFO] [Quark ASM]: Patch result: true
[21:41:19] [main/INFO] [STDOUT]: [com.pg85.otg.forge.asm.excluded.OTGClassTransformer:transform:91]: OTG-Core transforming: net.minecraft.entity.item.EntityMinecart : afe
[21:41:19] [main/INFO] [Quark ASM]: Transforming net.minecraft.entity.item.EntityMinecart
[21:41:19] [main/INFO] [Quark ASM]: Applying Transformation to method (Names [killMinecart, func_94095_a] Descriptor (Lnet/minecraft/util/DamageSource;)V)
[21:41:19] [main/INFO] [Quark ASM]: Located Method, patching...
[21:41:19] [main/INFO] [Quark ASM]: Located patch target node INVOKEVIRTUAL net/minecraft/entity/item/EntityMinecart.func_70099_a (Lnet/minecraft/item/ItemStack;F)Lnet/minecraft/entity/item/EntityItem;
[21:41:19] [main/INFO] [Quark ASM]: Patch result: true
[21:41:19] [main/INFO] [ASMUtil]: Transforming class net/minecraft/world/storage/loot/functions/EnchantRandomly
[21:41:19] [main/INFO] [ASMUtil]: Transforming class net/minecraft/world/storage/loot/functions/EnchantRandomly
[21:41:19] [main/INFO] [ASMUtil]: Transforming class net/minecraft/entity/passive/EntityVillager$ListEnchantedBookForEmeralds
[21:41:19] [main/INFO] [ASMUtil]: Transforming class net/minecraft/entity/passive/EntityVillager$ListEnchantedBookForEmeralds
[21:41:19] [main/INFO] [Quark ASM]: Transforming net.minecraft.item.ItemStack
[21:41:19] [main/INFO] [Quark ASM]: Applying Transformation to method (Names [getTextComponent, func_151000_E] Descriptor ()Lnet/minecraft/util/text/ITextComponent;)
[21:41:19] [main/INFO] [Quark ASM]: Located Method, patching...
[21:41:19] [main/INFO] [Quark ASM]: Located patch target node ARETURN
[21:41:19] [main/INFO] [Quark ASM]: Patch result: true
[21:41:19] [main/INFO] [ASMUtil]: Transforming class net/minecraft/world/ServerWorldEventHandler
[21:41:19] [main/INFO] [ASMUtil]: Transforming class net/minecraft/world/ServerWorldEventHandler
[21:41:19] [main/INFO] [ASMUtil]: Transforming class net/minecraft/world/ChunkCache
[21:41:19] [main/INFO] [ASMUtil]: Transforming class net/minecraft/world/ChunkCache
[21:41:19] [main/INFO] [STDOUT]: [pl.asie.patchy.helpers.ConstructorReplacingTransformer$FFMethodVisitor:visitTypeInsn:73]: Replaced NEW for net/minecraft/util/ClassInheritanceMultiMap to pl/asie/foamfix/coremod/common/FoamyClassInheritanceMultiMap
[21:41:19] [main/INFO] [STDOUT]: [pl.asie.patchy.helpers.ConstructorReplacingTransformer$FFMethodVisitor:visitMethodInsn:85]: Replaced INVOKESPECIAL for net/minecraft/util/ClassInheritanceMultiMap to pl/asie/foamfix/coremod/common/FoamyClassInheritanceMultiMap
[21:41:19] [main/INFO] [org.spongepowered.asm.service.mojang.MixinServiceLaunchWrapper]: A re-entrant transformer '$wrapper.pl.asie.foamfix.coremod.FoamFixTransformer' was detected and will no longer process meta class data
[21:41:19] [main/INFO] [STDOUT]: [com.pg85.otg.forge.asm.excluded.OTGClassTransformer:transform:91]: OTG-Core transforming: net.minecraft.world.biome.Biome : anh
[21:41:19] [main/INFO] [FermiumASM]: Improving FurnaceRecipes. Lookups are now a lot faster.
[21:41:19] [main/WARN] [mixin]: Error loading class: net/minecraft/client/Minecraft (net.minecraftforge.fml.common.asm.ASMTransformerWrapper$TransformerException: Exception in class transformer net.minecraftforge.fml.common.asm.transformers.SideTransformer@20440c6c from coremod FMLCorePlugin)
[21:41:19] [main/WARN] [mixin]: @Mixin target net.minecraft.client.Minecraft was not found mixins.fermiummixins.early.vanilla.glerror.json:vanilla.Minecraft_GLErrorMixin
[21:41:19] [main/INFO] [STDOUT]: [com.pg85.otg.forge.asm.excluded.OTGClassTransformer:transform:91]: OTG-Core transforming: net.minecraft.entity.item.EntityXPOrb : vm
[21:41:19] [main/INFO] [Quark ASM]: Transforming net.minecraft.tileentity.TileEntityPiston
[21:41:19] [main/INFO] [Quark ASM]: Applying Transformation to method (Names [update, func_73660_a] Descriptor ()V)
[21:41:19] [main/INFO] [Quark ASM]: Located Method, patching...
[21:41:19] [main/INFO] [Quark ASM]: Patch result: true
[21:41:19] [main/INFO] [Quark ASM]: Applying Transformation to method (Names [clearPistonTileEntity, func_145866_f] Descriptor ()V)
[21:41:19] [main/INFO] [Quark ASM]: Located Method, patching...
[21:41:19] [main/INFO] [Quark ASM]: Located patch target node INVOKEVIRTUAL net/minecraft/world/World.func_180501_a (Lnet/minecraft/util/math/BlockPos;Lnet/minecraft/block/state/IBlockState;I)Z
[21:41:19] [main/INFO] [Quark ASM]: Patch result: true
[21:41:19] [main/INFO] [Quark ASM]: Applying Transformation to method (Names [update, func_73660_a] Descriptor ()V)
[21:41:19] [main/INFO] [Quark ASM]: Located Method, patching...
[21:41:19] [main/INFO] [Quark ASM]: Located patch target node INVOKEVIRTUAL net/minecraft/world/World.func_180501_a (Lnet/minecraft/util/math/BlockPos;Lnet/minecraft/block/state/IBlockState;I)Z
[21:41:19] [main/INFO] [Quark ASM]: Patch result: true
[21:41:19] [main/INFO] [STDOUT]: [com.pg85.otg.forge.asm.excluded.OTGClassTransformer:transform:91]: OTG-Core transforming: net.minecraft.server.management.PlayerList : pl
[21:41:19] [main/INFO] [STDOUT]: [com.pg85.otg.forge.asm.excluded.OTGClassTransformer:transformPlayerList:999]: OTG-Core transforming PlayerList.transformPlayerListUpdateTimeAndWeather
[21:41:19] [main/INFO] [STDOUT]: [com.pg85.otg.forge.asm.excluded.OTGClassTransformer:transformPlayerList:1001]: OTG-Core transforming PlayerList.setPlayerManager
[21:41:19] [main/ERROR] [MCMT-Core]: updateBlocks not found in WorldServer
[21:41:19] [main/INFO] [Quark ASM]: Transforming net.minecraft.world.WorldServer
[21:41:19] [main/INFO] [Quark ASM]: Applying Transformation to method (Names [areAllPlayersAsleep, func_73056_e] Descriptor ()Z)
[21:41:19] [main/INFO] [Quark ASM]: Located Method, patching...
[21:41:19] [main/INFO] [Quark ASM]: Patch result: true
[21:41:19] [main/INFO] [Quark ASM]: Applying Transformation to method (Names [wakeAllPlayers, func_73053_d] Descriptor ()V)
[21:41:19] [main/INFO] [Quark ASM]: Located Method, patching...
[21:41:19] [main/INFO] [Quark ASM]: Patch result: true
[21:41:19] [main/INFO] [ASMUtil]: Transforming class net/minecraft/world/WorldServer
[21:41:19] [main/INFO] [ASMUtil]: Transforming class net/minecraft/world/WorldServer
[21:41:19] [main/INFO] [ASMUtil]: Transforming class net/minecraft/world/WorldServer
[21:41:19] [main/INFO] [ASMUtil]: Transforming class net/minecraft/world/WorldServer
[21:41:19] [main/INFO] [Quark ASM]: Transforming net.minecraft.block.BlockDynamicLiquid
[21:41:19] [main/INFO] [Quark ASM]: Applying Transformation to method (Names [isBlocked, func_176372_g] Descriptor (Lnet/minecraft/world/World;Lnet/minecraft/util/math/BlockPos;Lnet/minecraft/block/state/IBlockState;)Z)
[21:41:19] [main/INFO] [Quark ASM]: Located Method, patching...
[21:41:19] [main/INFO] [Quark ASM]: Located patch target node IRETURN
[21:41:19] [main/INFO] [Quark ASM]: Located patch target node IRETURN
[21:41:19] [main/INFO] [Quark ASM]: Patch result: true
[21:41:19] [main/INFO] [ASMUtil]: Transforming class net/minecraftforge/common/ForgeHooks
[21:41:19] [main/INFO] [ASMUtil]: Transforming class net/minecraftforge/common/ForgeHooks
[21:41:19] [main/INFO] [Quark ASM]: Transforming net.minecraft.inventory.ContainerMerchant
[21:41:19] [main/INFO] [Quark ASM]: Applying Transformation to method (Names [transferStackInSlot, func_82846_b] Descriptor (Lnet/minecraft/entity/player/EntityPlayer;I)Lnet/minecraft/item/ItemStack;)
[21:41:19] [main/INFO] [Quark ASM]: Located Method, patching...
[21:41:19] [main/INFO] [Quark ASM]: Located patch target node INVOKEVIRTUAL net/minecraft/inventory/ContainerMerchant.func_75135_a (Lnet/minecraft/item/ItemStack;IIZ)Z
[21:41:19] [main/INFO] [Quark ASM]: Located patch target node INVOKEVIRTUAL net/minecraft/inventory/ContainerMerchant.func_75135_a (Lnet/minecraft/item/ItemStack;IIZ)Z
[21:41:19] [main/INFO] [Quark ASM]: Located patch target node INVOKEVIRTUAL net/minecraft/inventory/ContainerMerchant.func_75135_a (Lnet/minecraft/item/ItemStack;IIZ)Z
[21:41:19] [main/INFO] [Quark ASM]: Located patch target node INVOKEVIRTUAL net/minecraft/inventory/ContainerMerchant.func_75135_a (Lnet/minecraft/item/ItemStack;IIZ)Z
[21:41:19] [main/INFO] [Quark ASM]: Patch result: true
[21:41:19] [main/INFO] [Phosphor Crash Fix]: Patching setBlockStateInjectGenerateSkylightMapVanilla in MixinChunk$Vanilla
[21:41:19] [main/INFO] [Phosphor Crash Fix]: Patching setBlockStatePreventPropagateSkylightOcclusion1 in MixinChunk$Vanilla
[21:41:19] [main/INFO] [Phosphor Crash Fix]: Patching setBlockStatePreventPropagateSkylightOcclusion2 in MixinChunk$Vanilla
[21:41:19] [main/INFO] [ASMUtil]: Transforming class net/minecraft/world/gen/ChunkProviderServer
[21:41:19] [main/INFO] [ASMUtil]: Transforming class net/minecraft/world/gen/ChunkProviderServer
[21:41:19] [main/INFO] [ASMUtil]: Transforming class net/minecraft/entity/monster/EntityMob
[21:41:19] [main/INFO] [ASMUtil]: Transforming class net/minecraft/entity/monster/EntityMob
[21:41:19] [main/INFO] [STDOUT]: [pl.asie.foamfix.coremod.FoamFixTransformer:spliceClasses:101]: Added INTERFACE: pl/asie/foamfix/coremod/patches/IFoamFixWorldRemovable
[21:41:19] [main/INFO] [STDOUT]: [pl.asie.foamfix.coremod.FoamFixTransformer:spliceClasses:141]: Added METHOD: net.minecraft.world.World.foamfix_removeUnloadedEntities
[21:41:19] [main/INFO] [MCMT-Core]: Patched World: 1 entity tick dispatch site(s)
[21:41:19] [main/ERROR] [MCMT-Core]: ITickable.update call site not found in updateEntities
[21:41:19] [main/INFO] [LibrarianLib ASM]: Transforming World
[21:41:19] [main/INFO] [LibrarianLib ASM]: Applying Transformation to method (Names [updateEntities, func_72939_s] Descriptor ()V)
[21:41:19] [main/INFO] [LibrarianLib ASM]: Attempting to insert: Update hook
[21:41:19] [main/INFO] [LibrarianLib ASM]: Patch result: !!!!!!! Failure !!!!!!!
[21:41:19] [main/INFO] [LibrarianLib ASM]: Applying Transformation to method (Names [updateEntityWithOptionalForce, func_72866_a] Descriptor (Lnet/minecraft/entity/Entity;Z)V)
[21:41:19] [main/INFO] [LibrarianLib ASM]: Attempting to insert: Update hook
[21:41:19] [main/INFO] [LibrarianLib ASM]: Patch result: Success
[21:41:19] [main/INFO] [ASMUtil]: Transforming class net/minecraft/world/World
[21:41:19] [main/INFO] [ASMUtil]: Transforming class net/minecraft/world/World
[21:41:19] [main/INFO] [ASMUtil]: Transforming class net/minecraft/world/World
[21:41:19] [main/INFO] [ASMUtil]: Transforming class net/minecraft/world/World
[21:41:19] [main/INFO] [ASMUtil]: Transforming class net/minecraft/world/World
[21:41:19] [main/INFO] [ASMUtil]: Transforming class net/minecraft/world/World
[21:41:19] [main/INFO] [STDOUT]: [pl.asie.foamfix.coremod.patches.WorldServerRemovalPatch:apply:57]: Patched updateEntities in net/minecraft/world/WorldServer func_72939_s
[21:41:19] [main/ERROR] [MCMT-Core]: updateBlocks not found in WorldServer
[21:41:19] [main/INFO] [Quark ASM]: Transforming net.minecraft.world.WorldServer
[21:41:19] [main/INFO] [Quark ASM]: Applying Transformation to method (Names [areAllPlayersAsleep, func_73056_e] Descriptor ()Z)
[21:41:19] [main/INFO] [Quark ASM]: Located Method, patching...
[21:41:19] [main/INFO] [Quark ASM]: Patch result: true
[21:41:19] [main/INFO] [Quark ASM]: Applying Transformation to method (Names [wakeAllPlayers, func_73053_d] Descriptor ()V)
[21:41:19] [main/INFO] [Quark ASM]: Located Method, patching...
[21:41:19] [main/INFO] [Quark ASM]: Patch result: true
[21:41:19] [main/INFO] [ASMUtil]: Transforming class net/minecraft/world/WorldServer
[21:41:19] [main/INFO] [ASMUtil]: Transforming class net/minecraft/world/WorldServer
[21:41:19] [main/INFO] [ASMUtil]: Transforming class net/minecraft/world/WorldServer
[21:41:19] [main/INFO] [ASMUtil]: Transforming class net/minecraft/world/WorldServer
[21:41:19] [main/INFO] [STDOUT]: [com.pg85.otg.forge.asm.excluded.OTGClassTransformer:transform:91]: OTG-Core transforming: net.minecraft.server.management.PlayerList : pl
[21:41:19] [main/INFO] [STDOUT]: [com.pg85.otg.forge.asm.excluded.OTGClassTransformer:transformPlayerList:999]: OTG-Core transforming PlayerList.transformPlayerListUpdateTimeAndWeather
[21:41:19] [main/INFO] [STDOUT]: [com.pg85.otg.forge.asm.excluded.OTGClassTransformer:transformPlayerList:1001]: OTG-Core transforming PlayerList.setPlayerManager
[21:41:19] [main/INFO] [ASMUtil]: Transforming class net/minecraft/server/management/PlayerInteractionManager
[21:41:19] [main/INFO] [ASMUtil]: Transforming method net/minecraft/server/management/PlayerInteractionManager.func_73076_a(Lnet/minecraft/world/GameType;)V
[21:41:19] [main/INFO] [Meson ASM]: Transforming EntityPlayer
[21:41:19] [main/INFO] [Meson ASM]: Applying Transformation to method (Names [getArmorVisibility, func_82243_bO, cW] Descriptor ()F / ()F)
[21:41:19] [main/INFO] [Meson ASM]: Located method, patching...
[21:41:19] [main/INFO] [Meson ASM]: Located target IINC 1 1
[21:41:19] [main/INFO] [Meson ASM]: Patch result: true
[21:41:19] [main/INFO] [STDOUT]: [com.pg85.otg.forge.asm.excluded.OTGClassTransformer:transform:91]: OTG-Core transforming: net.minecraft.entity.EntityLivingBase : vp
[21:41:19] [main/INFO] [ASMUtil]: Transforming class net/minecraft/entity/EntityLivingBase
[21:41:19] [main/INFO] [ASMUtil]: Transforming class net/minecraft/entity/EntityLivingBase
[21:41:19] [main/INFO] [ASMUtil]: Transforming class net/minecraft/entity/EntityLivingBase
[21:41:19] [main/INFO] [ASMUtil]: Transforming class net/minecraft/entity/EntityLivingBase
[21:41:19] [main/INFO] [Quark ASM]: Transforming net.minecraft.util.DamageSource
[21:41:19] [main/INFO] [Quark ASM]: Applying Transformation to method (Names [causePlayerDamage, func_76365_a] Descriptor (Lnet/minecraft/entity/player/EntityPlayer;)Lnet/minecraft/util/DamageSource;)
[21:41:19] [main/INFO] [Quark ASM]: Located Method, patching...
[21:41:19] [main/INFO] [Quark ASM]: Patch result: true
[21:41:19] [main/INFO] [Quark ASM]: Transforming net.minecraft.enchantment.Enchantment
[21:41:19] [main/INFO] [Quark ASM]: Applying Transformation to method (Names [canApply, func_92089_a] Descriptor (Lnet/minecraft/item/ItemStack;)Z)
[21:41:19] [main/INFO] [Quark ASM]: Located Method, patching...
[21:41:19] [main/INFO] [Quark ASM]: Located patch target node IRETURN
[21:41:19] [main/INFO] [Quark ASM]: Patch result: true
[21:41:19] [main/INFO] [ASMUtil]: Transforming class net/minecraft/potion/PotionEffect
[21:41:19] [main/INFO] [ASMUtil]: Transforming class net/minecraft/potion/PotionEffect
[21:41:19] [main/INFO] [Quark ASM]: Transforming net.minecraft.entity.Entity
[21:41:19] [main/INFO] [Quark ASM]: Applying Transformation to method (Names [move, func_70091_d] Descriptor (Lnet/minecraft/entity/MoverType;DDD)V)
[21:41:19] [main/INFO] [Quark ASM]: Located Method, patching...
[21:41:19] [main/INFO] [Quark ASM]: Patch result: true
[21:41:19] [main/INFO] [Quark ASM]: Located Method, patching...
[21:41:19] [main/INFO] [Quark ASM]: Located patch target node INVOKEVIRTUAL net/minecraft/entity/Entity.func_145775_I ()V
[21:41:19] [main/INFO] [Quark ASM]: Patch result: true
[21:41:19] [main/INFO] [Quark ASM]: Applying Transformation to method (Names [onEntityUpdate, func_70030_z] Descriptor ()V)
[21:41:19] [main/INFO] [Quark ASM]: Located Method, patching...
[21:41:19] [main/INFO] [Quark ASM]: Patch result: true
[21:41:19] [main/INFO] [ASMUtil]: Transforming class net/minecraft/entity/Entity
[21:41:19] [main/INFO] [ASMUtil]: Transforming class net/minecraft/entity/Entity
[21:41:19] [main/INFO] [ASMUtil]: Transforming class net/minecraft/entity/Entity
[21:41:19] [main/INFO] [ASMUtil]: Transforming class net/minecraft/entity/Entity
[21:41:19] [main/INFO] [LaunchWrapper]: Launching wrapped minecraft {net.minecraft.server.MinecraftServer}
[21:41:19] [main/INFO] [STDOUT]: [com.pg85.otg.forge.asm.excluded.OTGClassTransformer:transform:91]: OTG-Core transforming: net.minecraftforge.registries.GameData : net/minecraftforge/registries/GameData
[21:41:19] [main/INFO] [FermiumASM]: Injecting calls in net/minecraft/util/ResourceLocation<init> to canonicalize strings
[21:41:19] [main/INFO] [FermiumASM]: Injecting calls in net/minecraft/util/ResourceLocation<init> to canonicalize strings
[21:41:19] [main/INFO] [FermiumASM]: Injecting calls in net/minecraft/util/ResourceLocation<init> to canonicalize strings
[21:41:19] [main/INFO] [FermiumASM]: Injecting calls in net/minecraft/util/ResourceLocation<init> to canonicalize strings
[21:41:19] [main/INFO] [ASMUtil]: Transforming class net/minecraft/block/Block
[21:41:19] [main/INFO] [ASMUtil]: Transforming class net/minecraft/block/Block
[21:41:19] [main/INFO] [TNTUtils Core]: About to patch obfuscated class amp (net.minecraft.world.Explosion)
[21:41:19] [main/INFO] [TNTUtils Core]: Successfully injected into func_77279_a(Z)V
[21:41:19] [main/INFO] [STDOUT]: [com.pg85.otg.forge.asm.excluded.OTGClassTransformer:transform:91]: OTG-Core transforming: net.minecraft.world.biome.Biome : anh
[21:41:19] [main/INFO] [Quark ASM]: Transforming net.minecraft.enchantment.Enchantment
[21:41:19] [main/INFO] [Quark ASM]: Applying Transformation to method (Names [canApply, func_92089_a] Descriptor (Lnet/minecraft/item/ItemStack;)Z)
[21:41:19] [main/INFO] [Quark ASM]: Located Method, patching...
[21:41:19] [main/INFO] [Quark ASM]: Located patch target node IRETURN
[21:41:19] [main/INFO] [Quark ASM]: Patch result: true
[21:41:19] [main/INFO] [STDOUT]: [com.creativemd.creativecore.transformer.CreativeTransformer:transform:49]: [itemphysic] Patched net.minecraft.entity.item.EntityItem ...
[21:41:19] [main/INFO] [STDOUT]: [com.creativemd.creativecore.transformer.CreativeTransformer:transform:49]: [itemphysic] Patched net.minecraft.entity.item.EntityItem ...
[21:41:19] [main/INFO] [STDOUT]: [com.pg85.otg.forge.asm.excluded.OTGClassTransformer:transform:91]: OTG-Core transforming: net.minecraft.entity.item.EntityItem : acl
[21:41:19] [main/INFO] [Quark ASM]: Transforming net.minecraft.entity.item.EntityItem
[21:41:19] [main/INFO] [Quark ASM]: Applying Transformation to method (Names [onUpdate, func_70071_h_] Descriptor ()V)
[21:41:19] [main/INFO] [Quark ASM]: Located Method, patching...
[21:41:19] [main/INFO] [Quark ASM]: Patch result: true
[21:41:19] [main/INFO] [STDOUT]: [com.pg85.otg.forge.asm.excluded.OTGClassTransformer:transform:91]: OTG-Core transforming: net.minecraft.entity.item.EntityXPOrb : vm
[21:41:19] [main/INFO] [STDOUT]: [pl.asie.foamfix.coremod.FoamFixTransformer:spliceClasses:114]: Spliced in METHOD: net.minecraft.block.state.BlockStateContainer.createState
[21:41:19] [main/INFO] [STDOUT]: [pl.asie.foamfix.coremod.FoamFixTransformer:spliceClasses:165]: Added FIELD: net.minecraft.block.state.BlockStateContainer.foamfix_mapper
[21:41:19] [main/INFO] [STDOUT]: [pl.asie.foamfix.coremod.FoamFixTransformer:spliceClasses:114]: Spliced in METHOD: net.minecraft.block.properties.PropertyEnum.equals
[21:41:19] [main/INFO] [STDOUT]: [pl.asie.foamfix.coremod.FoamFixTransformer:spliceClasses:114]: Spliced in METHOD: net.minecraft.block.properties.PropertyEnum.hashCode
[21:41:19] [main/INFO] [STDOUT]: [pl.asie.foamfix.coremod.FoamFixTransformer:spliceClasses:165]: Added FIELD: net.minecraft.block.properties.PropertyEnum.foamfix_hashCode
[21:41:19] [main/INFO] [STDOUT]: [pl.asie.foamfix.coremod.FoamFixTransformer:spliceClasses:165]: Added FIELD: net.minecraft.block.properties.PropertyEnum.foamfix_hashCode_calced
[21:41:19] [main/INFO] [STDOUT]: [pl.asie.foamfix.coremod.FoamFixTransformer:spliceClasses:114]: Spliced in METHOD: net.minecraft.block.properties.PropertyInteger.hashCode
[21:41:19] [main/INFO] [STDOUT]: [pl.asie.foamfix.coremod.FoamFixTransformer:spliceClasses:165]: Added FIELD: net.minecraft.block.properties.PropertyInteger.foamfix_hashCode
[21:41:19] [main/INFO] [STDOUT]: [pl.asie.foamfix.coremod.FoamFixTransformer:spliceClasses:165]: Added FIELD: net.minecraft.block.properties.PropertyInteger.foamfix_hashCode_calced
[21:41:19] [main/INFO] [STDOUT]: [pl.asie.foamfix.coremod.FoamFixTransformer:spliceClasses:114]: Spliced in METHOD: net.minecraft.block.properties.PropertyBool.equals
[21:41:19] [main/INFO] [STDOUT]: [pl.asie.foamfix.coremod.FoamFixTransformer:spliceClasses:114]: Spliced in METHOD: net.minecraft.block.properties.PropertyBool.hashCode
[21:41:19] [main/INFO] [Quark ASM]: Transforming net.minecraft.item.ItemStack
[21:41:19] [main/INFO] [Quark ASM]: Applying Transformation to method (Names [getTextComponent, func_151000_E] Descriptor ()Lnet/minecraft/util/text/ITextComponent;)
[21:41:19] [main/INFO] [Quark ASM]: Located Method, patching...
[21:41:19] [main/INFO] [Quark ASM]: Located patch target node ARETURN
[21:41:19] [main/INFO] [Quark ASM]: Patch result: true
[21:41:19] [main/INFO] [Quark ASM]: Transforming net.minecraft.block.BlockDynamicLiquid
[21:41:19] [main/INFO] [Quark ASM]: Applying Transformation to method (Names [isBlocked, func_176372_g] Descriptor (Lnet/minecraft/world/World;Lnet/minecraft/util/math/BlockPos;Lnet/minecraft/block/state/IBlockState;)Z)
[21:41:19] [main/INFO] [Quark ASM]: Located Method, patching...
[21:41:19] [main/INFO] [Quark ASM]: Located patch target node IRETURN
[21:41:19] [main/INFO] [Quark ASM]: Located patch target node IRETURN
[21:41:19] [main/INFO] [Quark ASM]: Patch result: true
[21:41:19] [main/INFO] [STDOUT]: [com.pg85.otg.forge.asm.excluded.OTGClassTransformer:transform:91]: OTG-Core transforming: net.minecraft.entity.item.EntityFallingBlock : ack
[21:41:19] [main/INFO] [ASMUtil]: Transforming class net/minecraft/entity/item/EntityFallingBlock
[21:41:19] [main/INFO] [ASMUtil]: Transforming class net/minecraft/entity/item/EntityFallingBlock
[21:41:19] [main/INFO] [STDOUT]: [com.pg85.otg.forge.asm.excluded.OTGClassTransformer:transform:91]: OTG-Core transforming: net.minecraft.entity.item.EntityFallingBlock : ack
[21:41:19] [main/INFO] [ASMUtil]: Transforming class net/minecraft/entity/item/EntityFallingBlock
[21:41:19] [main/INFO] [ASMUtil]: Transforming class net/minecraft/entity/item/EntityFallingBlock
[21:41:19] [main/INFO] [STDOUT]: [pl.asie.foamfix.coremod.FoamFixTransformer:spliceClasses:114]: Spliced in METHOD: net.minecraft.tileentity.TileEntity.func_190559_a
[21:41:19] [main/INFO] [STDOUT]: [pl.asie.foamfix.coremod.FoamFixTransformer:spliceClasses:114]: Spliced in METHOD: net.minecraft.block.BlockBed.func_189540_a
[21:41:19] [main/INFO] [Quark ASM]: Transforming net.minecraft.block.BlockPistonBase
[21:41:19] [main/INFO] [Quark ASM]: Applying Transformation to method (Names [canPush, func_185646_a] Descriptor (Lnet/minecraft/block/state/IBlockState;Lnet/minecraft/world/World;Lnet/minecraft/util/math/BlockPos;Lnet/minecraft/util/EnumFacing;ZLnet/minecraft/util/EnumFacing;)Z)
[21:41:19] [main/INFO] [Quark ASM]: Located Method, patching...
[21:41:19] [main/INFO] [Quark ASM]: Located patch target node INVOKEVIRTUAL net/minecraft/block/Block.hasTileEntity (Lnet/minecraft/block/state/IBlockState;)Z
[21:41:19] [main/INFO] [Quark ASM]: Patch result: true
[21:41:19] [main/INFO] [Quark ASM]: Applying Transformation to method (Names [doMove, func_176319_a] Descriptor (Lnet/minecraft/world/World;Lnet/minecraft/util/math/BlockPos;Lnet/minecraft/util/EnumFacing;Z)Z)
[21:41:19] [main/INFO] [Quark ASM]: Located Method, patching...
[21:41:19] [main/INFO] [Quark ASM]: Located patch target node INVOKEVIRTUAL net/minecraft/block/state/BlockPistonStructureHelper.func_177254_c ()Ljava/util/List;
[21:41:19] [main/INFO] [Quark ASM]: Patch result: true
[21:41:19] [main/INFO] [Quark ASM]: Applying Transformation to method (Names [doMove, func_176319_a] Descriptor (Lnet/minecraft/world/World;Lnet/minecraft/util/math/BlockPos;Lnet/minecraft/util/EnumFacing;Z)Z)
[21:41:19] [main/INFO] [Quark ASM]: Located Method, patching...
[21:41:19] [main/INFO] [Quark ASM]: Located patch target node INVOKESPECIAL net/minecraft/block/state/BlockPistonStructureHelper.<init> (Lnet/minecraft/world/World;Lnet/minecraft/util/math/BlockPos;Lnet/minecraft/util/EnumFacing;Z)V
[21:41:19] [main/INFO] [Quark ASM]: Patch result: true
[21:41:19] [main/INFO] [Quark ASM]: Applying Transformation to method (Names [checkForMove, func_176316_e] Descriptor (Lnet/minecraft/world/World;Lnet/minecraft/util/math/BlockPos;Lnet/minecraft/block/state/IBlockState;)V)
[21:41:19] [main/INFO] [Quark ASM]: Located Method, patching...
[21:41:19] [main/INFO] [Quark ASM]: Located patch target node INVOKESPECIAL net/minecraft/block/state/BlockPistonStructureHelper.<init> (Lnet/minecraft/world/World;Lnet/minecraft/util/math/BlockPos;Lnet/minecraft/util/EnumFacing;Z)V
[21:41:19] [main/INFO] [Quark ASM]: Patch result: true
[21:41:19] [main/INFO] [Quark ASM]: Transforming net.minecraft.tileentity.TileEntityPiston
[21:41:19] [main/INFO] [Quark ASM]: Applying Transformation to method (Names [update, func_73660_a] Descriptor ()V)
[21:41:19] [main/INFO] [Quark ASM]: Located Method, patching...
[21:41:19] [main/INFO] [Quark ASM]: Patch result: true
[21:41:19] [main/INFO] [Quark ASM]: Applying Transformation to method (Names [clearPistonTileEntity, func_145866_f] Descriptor ()V)
[21:41:19] [main/INFO] [Quark ASM]: Located Method, patching...
[21:41:19] [main/INFO] [Quark ASM]: Located patch target node INVOKEVIRTUAL net/minecraft/world/World.func_180501_a (Lnet/minecraft/util/math/BlockPos;Lnet/minecraft/block/state/IBlockState;I)Z
[21:41:19] [main/INFO] [Quark ASM]: Patch result: true
[21:41:19] [main/INFO] [Quark ASM]: Applying Transformation to method (Names [update, func_73660_a] Descriptor ()V)
[21:41:19] [main/INFO] [Quark ASM]: Located Method, patching...
[21:41:19] [main/INFO] [Quark ASM]: Located patch target node INVOKEVIRTUAL net/minecraft/world/World.func_180501_a (Lnet/minecraft/util/math/BlockPos;Lnet/minecraft/block/state/IBlockState;I)Z
[21:41:19] [main/INFO] [Quark ASM]: Patch result: true
[21:41:19] [main/INFO] [STDOUT]: [com.pg85.otg.forge.asm.excluded.OTGClassTransformer:transform:91]: OTG-Core transforming: net.minecraft.entity.item.EntityTNTPrimed : acm
[21:41:20] [main/INFO] [RB-Transformer]: Injecting into apr (net.minecraft.block.BlockWorkbench)
[21:41:20] [main/INFO] [RB-Transformer]:  - ITileEntityProvider
[21:41:20] [main/INFO] [RB-Transformer]:  - createNewTileEntity
[21:41:20] [main/INFO] [RB-Transformer]:  - breakBlock
[21:41:20] [main/INFO] [RB-Transformer]:  - <clinit>
[21:41:20] [main/INFO] [RB-Transformer]:  - Done
[21:41:20] [main/INFO] [ASMUtil]: Transforming class pw/prok/realbench/WorkbenchTile
[21:41:20] [main/INFO] [ASMUtil]: Transforming class pw/prok/realbench/WorkbenchTile
[21:41:20] [main/INFO] [RB-Transformer]: Injecting into pw.prok.realbench.asm.ASMHooks (pw.prok.realbench.asm.ASMHooks)
[21:41:20] [main/INFO] [RB-Transformer]:  - getTile
[21:41:20] [main/INFO] [RB-Transformer]:  - Done
[21:41:20] [main/INFO] [ASMUtil]: Transforming class pw/prok/realbench/asm/ASMHooks
[21:41:20] [main/INFO] [ASMUtil]: Transforming class pw/prok/realbench/asm/ASMHooks
[21:41:20] [main/INFO] [Meson ASM]: Transforming TileEntityFurnace
[21:41:20] [main/INFO] [Meson ASM]: Applying Transformation to method (Names [smeltItem, func_145949_j, o] Descriptor ()V / ()V)
[21:41:20] [main/INFO] [Meson ASM]: Located method, patching...
[21:41:20] [main/INFO] [Meson ASM]: Located target ASTORE 2
[21:41:20] [main/INFO] [Meson ASM]: Patch result: true
[21:41:20] [main/INFO] [Meson ASM]: Applying Transformation to method (Names [isItemValidForSlot, func_94041_b, b] Descriptor (ILnet/minecraft/item/ItemStack;)Z / (ILaip;)Z)
[21:41:20] [main/INFO] [Meson ASM]: Located method, patching...
[21:41:20] [main/INFO] [Meson ASM]: Located target ILOAD 1
[21:41:20] [main/INFO] [Meson ASM]: Patch result: true
[21:41:20] [main/INFO] [Meson ASM]: Transforming TileEntityBeacon
[21:41:20] [main/INFO] [Meson ASM]: Applying Transformation to method (Names [addEffectsToPlayers, func_146000_x, E] Descriptor ()V / ()V)
[21:41:20] [main/INFO] [Meson ASM]: Located method, patching...
[21:41:20] [main/INFO] [Meson ASM]: Located target ALOAD 9
[21:41:20] [main/INFO] [Meson ASM]: Patch result: true
[21:41:20] [main/INFO] [ASMUtil]: Transforming class net/minecraft/tileentity/TileEntityHopper
[21:41:20] [main/INFO] [ASMUtil]: Transforming class net/minecraft/tileentity/TileEntityHopper
[21:41:20] [main/INFO] [Meson ASM]: Transforming TileEntityShulkerBox
[21:41:20] [main/INFO] [Meson ASM]: Applying Transformation to method (Names [canInsertItem, func_180462_a, a] Descriptor (ILnet/minecraft/item/ItemStack;Lnet/minecraft/util/EnumFacing;)Z / (ILaip;Lnet/minecraft/util/EnumFacing;)Z)
[21:41:20] [main/INFO] [Meson ASM]: Failed to locate the method!
[21:41:20] [main/INFO] [STDOUT]: [pl.asie.foamfix.coremod.patches.GhostBusterBlockStateAccessPatch$FFMethodVisitor:visitMethodInsn:93]: Added ghost buster patch (getBlockState call wrapped) in net/minecraft/block/BlockFarmland func_176530_e (net/minecraft/world/World func_180495_p (Lnet/minecraft/util/math/BlockPos;)Lnet/minecraft/block/state/IBlockState;)
[21:41:20] [main/INFO] [ASMUtil]: Transforming class net/minecraft/entity/monster/EntityMob
[21:41:20] [main/INFO] [ASMUtil]: Transforming class net/minecraft/entity/monster/EntityMob
[21:41:20] [main/INFO] [Meson ASM]: Transforming EntityWither
[21:41:20] [main/INFO] [Meson ASM]: Applying Transformation to method (Names [canDestroyBlock, func_181033_a, a] Descriptor (Lnet/minecraft/block/Block;)Z / (Lnet/minecraft/block/Block;)Z)
[21:41:20] [main/INFO] [Meson ASM]: Failed to locate the method!
[21:41:20] [main/INFO] [STDOUT]: [pl.asie.patchy.helpers.ConstructorReplacingTransformer$FFMethodVisitor:visitTypeInsn:73]: Replaced NEW for net/minecraft/tileentity/TileEntityHopper to pl/asie/foamfix/common/TileEntityFasterHopper
[21:41:20] [main/INFO] [STDOUT]: [pl.asie.patchy.helpers.ConstructorReplacingTransformer$FFMethodVisitor:visitMethodInsn:85]: Replaced INVOKESPECIAL for net/minecraft/tileentity/TileEntityHopper to pl/asie/foamfix/common/TileEntityFasterHopper
[21:41:20] [main/INFO] [Quark ASM]: Transforming net.minecraft.enchantment.EnchantmentDamage
[21:41:20] [main/INFO] [Quark ASM]: Applying Transformation to method (Names [canApply, func_92089_a] Descriptor (Lnet/minecraft/item/ItemStack;)Z)
[21:41:20] [main/INFO] [Quark ASM]: Located Method, patching...
[21:41:20] [main/INFO] [Quark ASM]: Located patch target node IRETURN
[21:41:20] [main/INFO] [Quark ASM]: Located patch target node IRETURN
[21:41:20] [main/INFO] [Quark ASM]: Patch result: true
[21:41:20] [main/INFO] [Meson ASM]: Transforming ItemToolMaterial
[21:41:20] [main/INFO] [Meson ASM]: Applying Transformation to method (Names [getMaxUses, func_77997_a, a] Descriptor ()I / ()I)
[21:41:20] [main/INFO] [Meson ASM]: Located method, patching...
[21:41:20] [main/INFO] [Meson ASM]: Located target GETFIELD ain$a.g : I
[21:41:20] [main/INFO] [Meson ASM]: Patch result: true
[21:41:20] [main/INFO] [Meson ASM]: Applying Transformation to method (Names [getEfficiency, func_77998_b, b] Descriptor ()F / ()F)
[21:41:20] [main/INFO] [Meson ASM]: Located method, patching...
[21:41:20] [main/INFO] [Meson ASM]: Located target GETFIELD ain$a.h : F
[21:41:20] [main/INFO] [Meson ASM]: Patch result: true
[21:41:20] [main/INFO] [Meson ASM]: Applying Transformation to method (Names [getAttackDamage, func_78000_c, c] Descriptor ()F / ()F)
[21:41:20] [main/INFO] [Meson ASM]: Located method, patching...
[21:41:20] [main/INFO] [Meson ASM]: Located target GETFIELD ain$a.i : F
[21:41:20] [main/INFO] [Meson ASM]: Patch result: true
[21:41:20] [main/INFO] [Meson ASM]: Applying Transformation to method (Names [getHarvestLevel, func_77996_d, d] Descriptor ()I / ()I)
[21:41:20] [main/INFO] [Meson ASM]: Located method, patching...
[21:41:20] [main/INFO] [Meson ASM]: Located target GETFIELD ain$a.f : I
[21:41:20] [main/INFO] [Meson ASM]: Patch result: true
[21:41:20] [main/INFO] [Meson ASM]: Applying Transformation to method (Names [getEnchantability, func_77995_e, e] Descriptor ()I / ()I)
[21:41:20] [main/INFO] [Meson ASM]: Located method, patching...
[21:41:20] [main/INFO] [Meson ASM]: Located target GETFIELD ain$a.j : I
[21:41:20] [main/INFO] [Meson ASM]: Patch result: true
[21:41:20] [main/INFO] [STDOUT]: [com.pg85.otg.forge.asm.excluded.OTGClassTransformer:transform:91]: OTG-Core transforming: net.minecraft.entity.projectile.EntityArrow : aeh
[21:41:20] [main/INFO] [ASMUtil]: Transforming class net/minecraft/entity/item/EntityItemFrame
[21:41:20] [main/INFO] [ASMUtil]: Transforming class net/minecraft/entity/item/EntityItemFrame
[21:41:20] [main/INFO] [STDOUT]: [com.pg85.otg.forge.asm.excluded.OTGClassTransformer:transform:91]: OTG-Core transforming: net.minecraft.entity.item.EntityMinecart : afe
[21:41:20] [main/INFO] [Quark ASM]: Transforming net.minecraft.entity.item.EntityMinecart
[21:41:20] [main/INFO] [Quark ASM]: Applying Transformation to method (Names [killMinecart, func_94095_a] Descriptor (Lnet/minecraft/util/DamageSource;)V)
[21:41:20] [main/INFO] [Quark ASM]: Located Method, patching...
[21:41:20] [main/INFO] [Quark ASM]: Located patch target node INVOKEVIRTUAL net/minecraft/entity/item/EntityMinecart.func_70099_a (Lnet/minecraft/item/ItemStack;F)Lnet/minecraft/entity/item/EntityItem;
[21:41:20] [main/INFO] [Quark ASM]: Patch result: true
[21:41:20] [main/INFO] [STDOUT]: [com.pg85.otg.forge.asm.excluded.OTGClassTransformer:transform:91]: OTG-Core transforming: net.minecraft.entity.projectile.EntityThrowable : aev
[21:41:20] [main/INFO] [STDOUT]: [com.pg85.otg.forge.asm.excluded.OTGClassTransformer:transform:91]: OTG-Core transforming: net.minecraft.entity.item.EntityBoat : afd
[21:41:20] [main/INFO] [Quark ASM]: Transforming net.minecraft.entity.item.EntityBoat
[21:41:20] [main/INFO] [Quark ASM]: Applying Transformation to method (Names [attackEntityFrom, func_70097_a] Descriptor (Lnet/minecraft/util/DamageSource;F)Z)
[21:41:20] [main/INFO] [Quark ASM]: Located Method, patching...
[21:41:20] [main/INFO] [Quark ASM]: Located patch target node INVOKEVIRTUAL net/minecraft/entity/item/EntityBoat.func_145778_a (Lnet/minecraft/item/Item;IF)Lnet/minecraft/entity/item/EntityItem;
[21:41:20] [main/INFO] [Quark ASM]: Patch result: true
[21:41:20] [main/INFO] [ASMUtil]: Transforming class net/minecraft/entity/player/EntityPlayerMP
[21:41:20] [main/INFO] [ASMUtil]: Transforming class net/minecraft/entity/player/EntityPlayerMP
[21:41:20] [main/INFO] [ASMUtil]: Transforming class net/minecraft/potion/PotionEffect
[21:41:20] [main/INFO] [ASMUtil]: Transforming class net/minecraft/potion/PotionEffect
[21:41:20] [main/INFO] [Quark ASM]: Transforming net.minecraft.item.ItemBanner
[21:41:20] [main/INFO] [Quark ASM]: Applying Transformation to method (Names [appendHoverTextFromTileEntityTag, func_185054_a] Descriptor (Lnet/minecraft/item/ItemStack;Ljava/util/List;)V)
[21:41:20] [main/INFO] [Quark ASM]: Failed to locate the method!
[21:41:20] [main/INFO] [Meson ASM]: Transforming ItemChorusFruit
[21:41:20] [main/INFO] [Meson ASM]: Applying Transformation to method (Names [onItemUseFinish, func_77654_b, a] Descriptor (Lnet/minecraft/item/ItemStack;Lnet/minecraft/world/World;Lnet/minecraft/entity/EntityLivingBase;)Lnet/minecraft/item/ItemStack; / (Laip;Lamu;Lvp;)Laip;)
[21:41:20] [main/INFO] [Meson ASM]: Located method, patching...
[21:41:20] [main/INFO] [Meson ASM]: Located target IFNE L0
[21:41:20] [main/INFO] [Meson ASM]: Patch result: true
[21:41:20] [main/INFO] [STDOUT]: [com.pg85.otg.forge.asm.excluded.OTGClassTransformer:transform:91]: OTG-Core transforming: net.minecraft.entity.projectile.EntityThrowable : aev
[21:41:20] [main/INFO] [ASMUtil]: Transforming class net/minecraft/entity/ai/attributes/AttributeMap
[21:41:20] [main/INFO] [ASMUtil]: Transforming class net/minecraft/entity/ai/attributes/AttributeMap
[21:41:20] [main/INFO] [ASMUtil]: Transforming class net/minecraft/pathfinding/PathNavigate
[21:41:20] [main/INFO] [ASMUtil]: Transforming class net/minecraft/pathfinding/PathNavigate
[21:41:20] [main/INFO] [Quark ASM]: Transforming net.minecraft.entity.ai.EntityAITarget
[21:41:20] [main/INFO] [Quark ASM]: Applying Transformation to method (Names [isSuitableTarget, func_179445_a] Descriptor (Lnet/minecraft/entity/EntityLiving;Lnet/minecraft/entity/EntityLivingBase;ZZ)Z)
[21:41:20] [main/INFO] [Quark ASM]: Located Method, patching...
[21:41:20] [main/INFO] [Quark ASM]: Patch result: true
[21:41:20] [main/INFO] [ASMUtil]: Transforming class net/minecraft/entity/ai/EntityAIHurtByTarget
[21:41:20] [main/INFO] [ASMUtil]: Transforming method net/minecraft/entity/ai/EntityAIHurtByTarget.func_75249_e()V
[21:41:20] [main/INFO] [ASMUtil]: Transforming class net/minecraft/entity/ai/EntityAIHurtByTarget
[21:41:20] [main/INFO] [ASMUtil]: Transforming method net/minecraft/entity/ai/EntityAIHurtByTarget.func_179446_a(Lnet/minecraft/entity/EntityCreature;Lnet/minecraft/entity/EntityLivingBase;)V
[21:41:20] [main/INFO] [STDOUT]: [com.pg85.otg.forge.asm.excluded.OTGClassTransformer:transform:91]: OTG-Core transforming: net.minecraft.entity.projectile.EntityShulkerBullet : aer
[21:41:20] [main/INFO] [STDOUT]: [pl.asie.foamfix.coremod.FoamFixTransformer:spliceClasses:101]: Added INTERFACE: pl/asie/foamfix/api/IFoamFixMobSpawnerLogic
[21:41:20] [main/INFO] [STDOUT]: [pl.asie.foamfix.coremod.FoamFixTransformer:spliceClasses:114]: Spliced in METHOD: net.minecraft.tileentity.MobSpawnerBaseLogic.func_98279_f
[21:41:20] [main/INFO] [STDOUT]: [pl.asie.foamfix.coremod.FoamFixTransformer:spliceClasses:165]: Added FIELD: net.minecraft.tileentity.MobSpawnerBaseLogic.foamfix_activatedCache
[21:41:20] [main/INFO] [STDOUT]: [pl.asie.foamfix.coremod.FoamFixTransformer:spliceClasses:165]: Added FIELD: net.minecraft.tileentity.MobSpawnerBaseLogic.foamfix_activatedCachePESize
[21:41:20] [main/INFO] [STDOUT]: [pl.asie.foamfix.coremod.FoamFixTransformer:spliceClasses:165]: Added FIELD: net.minecraft.tileentity.MobSpawnerBaseLogic.foamfix_activatedCacheTime
[21:41:20] [main/INFO] [STDOUT]: [pl.asie.foamfix.coremod.FoamFixTransformer:spliceClasses:165]: Added FIELD: net.minecraft.tileentity.MobSpawnerBaseLogic.foamfix_forcedCache
[21:41:20] [main/INFO] [STDOUT]: [pl.asie.foamfix.coremod.FoamFixTransformer:spliceClasses:165]: Added FIELD: net.minecraft.tileentity.MobSpawnerBaseLogic.foamfix_forcedCacheTime
[21:41:20] [main/INFO] [ASMUtil]: Transforming class net/minecraft/pathfinding/PathNavigate
[21:41:20] [main/INFO] [ASMUtil]: Transforming class net/minecraft/pathfinding/PathNavigate
[21:41:20] [main/INFO] [STDOUT]: [com.pg85.otg.forge.asm.excluded.OTGClassTransformer:transform:91]: OTG-Core transforming: net.minecraft.entity.projectile.EntityLlamaSpit : aeo
[21:41:20] [main/INFO] [ASMUtil]: Transforming class net/minecraft/entity/passive/EntityVillager$ListEnchantedBookForEmeralds
[21:41:20] [main/INFO] [ASMUtil]: Transforming class net/minecraft/entity/passive/EntityVillager$ListEnchantedBookForEmeralds
[21:41:20] [main/INFO] [Quark ASM]: Transforming net.minecraft.item.crafting.RecipesBanners$RecipeAddPattern
[21:41:20] [main/INFO] [Quark ASM]: Applying Transformation to method (Names [matches, func_77569_a] Descriptor (Lnet/minecraft/inventory/InventoryCrafting;Lnet/minecraft/world/World;)Z)
[21:41:20] [main/INFO] [Quark ASM]: Located Method, patching...
[21:41:20] [main/INFO] [Quark ASM]: Located patch target node INVOKESTATIC net/minecraft/tileentity/TileEntityBanner.func_175113_c (Lnet/minecraft/item/ItemStack;)I
[21:41:20] [main/INFO] [Quark ASM]: Patch result: true
[21:41:20] [main/INFO] [FermiumASM]: Improving FurnaceRecipes. Lookups are now a lot faster.
[21:41:20] [main/INFO] [MCMT-Core]: Patched DedicatedServer: crash-report integration
[21:41:20] [main/INFO] [Quark ASM]: Transforming net.minecraft.inventory.ContainerMerchant
[21:41:20] [main/INFO] [Quark ASM]: Applying Transformation to method (Names [transferStackInSlot, func_82846_b] Descriptor (Lnet/minecraft/entity/player/EntityPlayer;I)Lnet/minecraft/item/ItemStack;)
[21:41:20] [main/INFO] [Quark ASM]: Located Method, patching...
[21:41:20] [main/INFO] [Quark ASM]: Located patch target node INVOKEVIRTUAL net/minecraft/inventory/ContainerMerchant.func_75135_a (Lnet/minecraft/item/ItemStack;IIZ)Z
[21:41:20] [main/INFO] [Quark ASM]: Located patch target node INVOKEVIRTUAL net/minecraft/inventory/ContainerMerchant.func_75135_a (Lnet/minecraft/item/ItemStack;IIZ)Z
[21:41:20] [main/INFO] [Quark ASM]: Located patch target node INVOKEVIRTUAL net/minecraft/inventory/ContainerMerchant.func_75135_a (Lnet/minecraft/item/ItemStack;IIZ)Z
[21:41:20] [main/INFO] [Quark ASM]: Located patch target node INVOKEVIRTUAL net/minecraft/inventory/ContainerMerchant.func_75135_a (Lnet/minecraft/item/ItemStack;IIZ)Z
[21:41:20] [main/INFO] [Quark ASM]: Patch result: true
[21:41:20] [main/INFO] [Meson ASM]: Transforming ContainerFurnace
[21:41:20] [main/INFO] [Meson ASM]: Applying Transformation to method (Names [<init>, <init>, ] Descriptor (Lnet/minecraft/entity/player/InventoryPlayer;Lnet/minecraft/inventory/IInventory;)V / (Laec;Ltv;)V)
[21:41:20] [main/INFO] [Meson ASM]: Located method, patching...
[21:41:20] [main/INFO] [Meson ASM]: Located target NEW agr
[21:41:20] [main/INFO] [Meson ASM]: Patch result: true
[21:41:20] [main/INFO] [Meson ASM]: Applying Transformation to method (Names [<init>, <init>, ] Descriptor (Lnet/minecraft/entity/player/InventoryPlayer;Lnet/minecraft/inventory/IInventory;)V / (Laec;Ltv;)V)
[21:41:20] [main/INFO] [Meson ASM]: Located method, patching...
[21:41:20] [main/INFO] [Meson ASM]: Located target INVOKESPECIAL agr.<init> (Ltv;III)V
[21:41:20] [main/INFO] [Meson ASM]: Patch result: true
[21:41:21] [main/INFO] [fermiummixins.FermiumMixins]: FermiumMixins setting Server thread to priority 10 (Max)
[21:41:21] [Server thread/INFO] [net.minecraft.server.dedicated.DedicatedServer]: Starting minecraft server version 1.12.2
[21:41:21] [Server thread/INFO] [FML]: MinecraftForge v14.23.5.2860 Initialized
[21:41:21] [Server thread/INFO] [FML]: Starts to replace vanilla recipe ingredients with ore ingredients.
[21:41:21] [Server thread/INFO] [FML]: Invalid recipe found with multiple oredict ingredients in the same ingredient...
[21:41:21] [Server thread/INFO] [FML]: Replaced 1227 ore ingredients
[21:41:21] [Server thread/INFO] [ASMUtil]: Transforming class net/minecraftforge/common/ForgeHooks
[21:41:21] [Server thread/INFO] [ASMUtil]: Transforming class net/minecraftforge/common/ForgeHooks
[21:41:21] [Server thread/WARN] [FML]: Enabling removal of erroring Entities - USE AT YOUR OWN RISK
[21:41:21] [Server thread/WARN] [FML]: Enabling removal of erroring Tile Entities - USE AT YOUR OWN RISK
[21:41:21] [Server thread/INFO] [FML]: Searching /home/container/./mods for mods
[21:41:21] [Server thread/INFO] [FML]: Searching /home/container/./mods/1.12.2 for mods
[21:41:21] [Server thread/INFO] [FML]: Disabling mod bhmenu it is client side only.
[21:41:21] [Server thread/INFO] [FML]: Disabling mod antiqueatlasoverlay it is client side only.
[21:41:21] [Server thread/INFO] [FML]: Disabling mod betterbiomeblend it is client side only.
[21:41:21] [Server thread/WARN] [FML]: Mod bettermineshafts is missing the required element 'version' and a version.properties file could not be found. Falling back to metadata version 1.12.2-2.2.1
[21:41:21] [Server thread/INFO] [FML]: Disabling mod bhmenu it is client side only.
[21:41:21] [Server thread/WARN] [FML]: Mod cd4017be_lib is missing the required element 'version' and a version.properties file could not be found. Falling back to metadata version 6.5.1
[21:41:21] [Server thread/INFO] [FML]: Disabling mod chunkanimator it is client side only.
[21:41:21] [Server thread/INFO] [FML]: Disabling mod controlling it is client side only.
[21:41:21] [Server thread/WARN] [FML]: Mod craftablechainmail is missing the required element 'version' and a version.properties file could not be found. Falling back to metadata version 1.0
[21:41:21] [Server thread/INFO] [FML]: Disabling mod ctgui it is client side only.
[21:41:21] [Server thread/WARN] [FML]: Mod cookingforblockheads is missing the required element 'version' and a version.properties file could not be found. Falling back to metadata version 1.1.0
[21:41:21] [Server thread/WARN] [FML]: Mod dynamictreesdefiledlands is missing the required element 'version' and a version.properties file could not be found. Falling back to metadata version 1.12.2-1.0.0
[21:41:21] [Server thread/WARN] [FML]: Mod dynamictreesquark is missing the required element 'version' and a version.properties file could not be found. Falling back to metadata version 1.12.2-1.0.6
[21:41:21] [Server thread/INFO] [FML]: Disabling mod enchdesc it is client side only.
[21:41:21] [Server thread/INFO] [FML]: Disabling mod fbp it is client side only.
[21:41:21] [Server thread/WARN] [FML]: Mod fancymenu is missing the required element 'version' and a version.properties file could not be found. Falling back to metadata version 2.14.9
[21:41:22] [Server thread/INFO] [FML]: Disabling mod googlyeyes it is client side only.
[21:41:22] [Server thread/WARN] [FML]: Mod helpfixer is missing the required element 'version' and a version.properties file could not be found. Falling back to metadata version 1.12.1-1.5.18
[21:41:22] [Server thread/WARN] [FML]: Mod konkrete is missing the required element 'version' and a version.properties file could not be found. Falling back to metadata version 1.6.1
[21:41:22] [Server thread/INFO] [FML]: Disabling mod legendarytooltips it is client side only.
[21:41:22] [Server thread/INFO] [FML]: Disabling mod loadingscreens it is client side only.
[21:41:22] [Server thread/WARN] [FML]: Mod mobends is missing the required element 'version' and a version.properties file could not be found. Falling back to metadata version 1.2.1
[21:41:22] [Server thread/INFO] [FML]: Disabling mod mousetweaks it is client side only.
[21:41:22] [Server thread/INFO] [FML]: Disabling mod neat it is client side only.
[21:41:23] [Server thread/INFO] [FML]: Disabling mod particleculling it is client side only.
[21:41:23] [Server thread/INFO] [FML]: Mod playerbosses is missing the required element 'name'. Substituting playerbosses
[21:41:23] [Server thread/WARN] [FML]: Mod playerbosses is missing the required element 'version' and no fallback can be found. Substituting '1.0'.
[21:41:23] [Server thread/INFO] [FML]: Disabling mod potiondescriptions it is client side only.
[21:41:23] [Server thread/WARN] [FML]: Mod reachfix is missing the required element 'version' and a version.properties file could not be found. Falling back to metadata version 1.1.3
[21:41:23] [Server thread/INFO] [FML]: Disabling mod resourceloader it is client side only.
[21:41:23] [Server thread/INFO] [FML]: Disabling mod betterfoliage it is client side only.
[21:41:23] [Server thread/WARN] [FML]: Mod savemystronghold is missing the required element 'version' and a version.properties file could not be found. Falling back to metadata version 1.12.2-1.0.0
[21:41:23] [Server thread/INFO] [FML]: Disabling mod soundfilters it is client side only.
[21:41:23] [Server thread/INFO] [FML]: Disabling mod spartanhudbaubles it is client side only.
[21:41:23] [Server thread/INFO] [FML]: Disabling mod toastcontrol it is client side only.
[21:41:23] [Server thread/WARN] [FML]: Mod dimstack is missing the required element 'version' and a version.properties file could not be found. Falling back to metadata version 0.1.9
[21:41:23] [Server thread/WARN] [FML]: Mod waystones is missing the required element 'version' and a version.properties file could not be found. Falling back to metadata version 4.1.0
[21:41:23] [Server thread/INFO] [FML]: Disabling mod dshuds it is client side only.
[21:41:23] [Server thread/INFO] [FML]: Forge Mod Loader has identified 203 mods to load
[21:41:23] [Server thread/WARN] [FML]: ****************************************
[21:41:23] [Server thread/WARN] [FML]: * The API QuarkAPI from source /home/container/./mods/Quark-r1.6-179.jar is loaded from an incompatible classloader. THIS WILL NOT WORK!
[21:41:23] [Server thread/WARN] [FML]: *  at net.minecraftforge.fml.common.ModAPIManager$APIContainer.validate(ModAPIManager.java:114)
[21:41:23] [Server thread/WARN] [FML]: *  at net.minecraftforge.fml.common.ModAPIManager.registerDataTableAndParseAPI(ModAPIManager.java:174)
[21:41:23] [Server thread/WARN] [FML]: *  at net.minecraftforge.fml.common.ModAPIManager.manageAPI(ModAPIManager.java:232)
[21:41:23] [Server thread/WARN] [FML]: *  at net.minecraftforge.fml.common.Loader.loadMods(Loader.java:569)
[21:41:23] [Server thread/WARN] [FML]: *  at net.minecraftforge.fml.server.FMLServerHandler.beginServerLoading(FMLServerHandler.java:98)
[21:41:23] [Server thread/WARN] [FML]: *  at net.minecraftforge.fml.common.FMLCommonHandler.onServerStart(FMLCommonHandler.java:333)...
[21:41:23] [Server thread/WARN] [FML]: ****************************************
[21:41:23] [Server thread/WARN] [FML]: Missing English translation for FML: assets/fml/lang/en_us.lang
[21:41:23] [Server thread/WARN] [FML]: Missing English translation for fermiumbooter: assets/fermiumbooter/lang/en_us.lang
[21:41:23] [Server thread/WARN] [FML]: Missing English translation for aarcaddon: assets/aarcaddon/lang/en_us.lang
[21:41:23] [Server thread/WARN] [FML]: Missing English translation for aireducer: assets/aireducer/lang/en_us.lang
[21:41:23] [Server thread/WARN] [FML]: Missing English translation for alcatrazcore: assets/alcatrazcore/lang/en_us.lang
[21:41:23] [Server thread/WARN] [FML]: Missing English translation for antiquecities: assets/antiquecities/lang/en_us.lang
[21:41:23] [Server thread/WARN] [FML]: Missing English translation for anvilpatch: assets/anvilpatch/lang/en_us.lang
[21:41:23] [Server thread/WARN] [FML]: Missing English translation for attributefix: assets/attributefix/lang/en_us.lang
[21:41:23] [Server thread/WARN] [FML]: Missing English translation for bedbreakbegone: assets/bedbreakbegone/lang/en_us.lang
[21:41:23] [Server thread/WARN] [FML]: Missing English translation for bettercaves: assets/bettercaves/lang/en_us.lang
[21:41:23] [Server thread/WARN] [FML]: Missing English translation for bettermineshafts: assets/bettermineshafts/lang/en_us.lang
[21:41:23] [Server thread/WARN] [FML]: Missing English translation for boatdeletebegone: assets/boatdeletebegone/lang/en_us.lang
[21:41:23] [Server thread/WARN] [FML]: Missing English translation for bounceable: assets/bounceable/lang/en_us.lang
[21:41:23] [Server thread/WARN] [FML]: Missing English translation for chunkpregenerator: assets/chunkpregenerator/lang/en_us.lang
[21:41:23] [Server thread/WARN] [FML]: Missing English translation for collisiondamage: assets/collisiondamage/lang/en_us.lang
[21:41:23] [Server thread/WARN] [FML]: Missing English translation for contenttweaker: assets/contenttweaker/lang/en_us.lang
[21:41:23] [Server thread/WARN] [FML]: Missing English translation for crafttweakerjei: assets/crafttweakerjei/lang/en_us.lang
[21:41:23] [Server thread/WARN] [FML]: Missing English translation for crafttweakerutils: assets/crafttweakerutils/lang/en_us.lang
[21:41:23] [Server thread/WARN] [FML]: Missing English translation for ctintegration: assets/ctintegration/lang/en_us.lang
[21:41:23] [Server thread/WARN] [FML]: Missing English translation for dldungeonsjbg: assets/dldungeonsjbg/lang/en_us.lang
[21:41:23] [Server thread/WARN] [FML]: Missing English translation for dregorarl: assets/dregorarl/lang/en_us.lang
[21:41:23] [Server thread/WARN] [FML]: Missing English translation for editableedibles: assets/editableedibles/lang/en_us.lang
[21:41:23] [Server thread/WARN] [FML]: Missing English translation for enhancedvisuals: assets/enhancedvisuals/lang/en_us.lang
[21:41:23] [Server thread/WARN] [FML]: Missing English translation for epicsiegemod: assets/epicsiegemod/lang/en_us.lang
[21:41:23] [Server thread/WARN] [FML]: Missing English translation for fancymenu: assets/fancymenu/lang/en_us.lang
[21:41:23] [Server thread/WARN] [FML]: Missing English translation for foamfix: assets/foamfix/lang/en_us.lang
[21:41:23] [Server thread/WARN] [FML]: Missing English translation for foodfix: assets/foodfix/lang/en_us.lang
[21:41:23] [Server thread/WARN] [FML]: Missing English translation for forgeendertech: assets/forgeendertech/lang/en_us.lang
[21:41:23] [Server thread/WARN] [FML]: Missing English translation for forgelin: assets/forgelin/lang/en_us.lang
[21:41:23] [Server thread/WARN] [FML]: Missing English translation for framevoidpatch: assets/framevoidpatch/lang/en_us.lang
[21:41:23] [Server thread/WARN] [FML]: Missing English translation for friendlyendermite: assets/friendlyendermite/lang/en_us.lang
[21:41:23] [Server thread/WARN] [FML]: Missing English translation for furnacexpstorage: assets/furnacexpstorage/lang/en_us.lang
[21:41:23] [Server thread/WARN] [FML]: Missing English translation for fxcontrol: assets/fxcontrol/lang/en_us.lang
[21:41:23] [Server thread/WARN] [FML]: Missing English translation for helpfixer: assets/helpfixer/lang/en_us.lang
[21:41:23] [Server thread/WARN] [FML]: Missing English translation for incontrol: assets/incontrol/lang/en_us.lang
[21:41:23] [Server thread/WARN] [FML]: Missing English translation for itlt: assets/itlt/lang/en_us.lang
[21:41:23] [Server thread/WARN] [FML]: Missing English translation for jmt_mcmt: assets/jmt_mcmt/lang/en_us.lang
[21:41:23] [Server thread/WARN] [FML]: Missing English translation for konkrete: assets/konkrete/lang/en_us.lang
[21:41:23] [Server thread/WARN] [FML]: Missing English translation for lagbgonrevived: assets/lagbgonrevived/lang/en_us.lang
[21:41:23] [Server thread/WARN] [FML]: Missing English translation for librarianliblate: assets/librarianliblate/lang/en_us.lang
[21:41:23] [Server thread/WARN] [FML]: Missing English translation for mantle: assets/mantle/lang/en_us.lang
[21:41:23] [Server thread/WARN] [FML]: Missing English translation for materialtweaker: assets/materialtweaker/lang/en_us.lang
[21:41:23] [Server thread/WARN] [FML]: Missing English translation for modtweaker: assets/modtweaker/lang/en_us.lang
[21:41:23] [Server thread/WARN] [FML]: Missing English translation for mtlib: assets/mtlib/lang/en_us.lang
[21:41:23] [Server thread/WARN] [FML]: Missing English translation for multimine: assets/multimine/lang/en_us.lang
[21:41:23] [Server thread/WARN] [FML]: Missing English translation for noisethreader: assets/noisethreader/lang/en_us.lang
[21:41:23] [Server thread/WARN] [FML]: Missing English translation for optifinecitpatch: assets/optifinecitpatch/lang/en_us.lang
[21:41:23] [Server thread/WARN] [FML]: Missing English translation for guilib: assets/guilib/lang/en_us.lang
[21:41:23] [Server thread/WARN] [FML]: Missing English translation for paintingselgui: assets/paintingselgui/lang/en_us.lang
[21:41:23] [Server thread/WARN] [FML]: Missing English translation for phosphorcrashfix: assets/phosphorcrashfix/lang/en_us.lang
[21:41:23] [Server thread/WARN] [FML]: Missing English translation for placebo: assets/placebo/lang/en_us.lang
[21:41:23] [Server thread/WARN] [FML]: Missing English translation for playerbosses: assets/playerbosses/lang/en_us.lang
[21:41:23] [Server thread/WARN] [FML]: Missing English translation for portaldupebegone: assets/portaldupebegone/lang/en_us.lang
[21:41:23] [Server thread/WARN] [FML]: Missing English translation for reachfix: assets/reachfix/lang/en_us.lang
[21:41:23] [Server thread/WARN] [FML]: Missing English translation for bettercombatmod: assets/bettercombatmod/lang/en_us.lang
[21:41:23] [Server thread/WARN] [FML]: Missing English translation for luckified: assets/luckified/lang/en_us.lang
[21:41:23] [Server thread/WARN] [FML]: Missing English translation for rltweaker: assets/rltweaker/lang/en_us.lang
[21:41:23] [Server thread/WARN] [FML]: Missing English translation for savemystronghold: assets/savemystronghold/lang/en_us.lang
[21:41:23] [Server thread/WARN] [FML]: Missing English translation for sit: assets/sit/lang/en_us.lang
[21:41:23] [Server thread/WARN] [FML]: Missing English translation for spark: assets/spark/lang/en_us.lang
[21:41:23] [Server thread/WARN] [FML]: Missing English translation for surge: assets/surge/lang/en_us.lang
[21:41:23] [Server thread/WARN] [FML]: Missing English translation for tschipplib: assets/tschipplib/lang/en_us.lang
[21:41:23] [Server thread/WARN] [FML]: Missing English translation for underneath: assets/underneath/lang/en_us.lang
[21:41:23] [Server thread/WARN] [FML]: Missing English translation for vcfix: assets/vcfix/lang/en_us.lang
[21:41:23] [Server thread/WARN] [FML]: Missing English translation for xpfromharvest: assets/xpfromharvest/lang/en_us.lang
[21:41:23] [Server thread/WARN] [FML]: Missing English translation for yungslaw: assets/yungslaw/lang/en_us.lang
[21:41:23] [Server thread/WARN] [FML]: Missing English translation for phosphor-lighting: assets/phosphor-lighting/lang/en_us.lang
[21:41:23] [Server thread/INFO] [FML]: FML has found a non-mod file betterbiomeblend-1.12.2-1.1.7-forge.jar in your mods directory. It will now be injected into your classpath. This could severe stability issues, it should be removed if possible.
[21:41:23] [Server thread/INFO] [FML]: FML has found a non-mod file BHMenu-Forge-1.12.2-2.4.5.jar in your mods directory. It will now be injected into your classpath. This could severe stability issues, it should be removed if possible.
[21:41:23] [Server thread/INFO] [FML]: FML has found a non-mod file Born In A Barn 1.8-1.12-1.2.jar in your mods directory. It will now be injected into your classpath. This could severe stability issues, it should be removed if possible.
[21:41:23] [Server thread/INFO] [FML]: FML has found a non-mod file ChunkAnimator-1.12.2-1.2.1.jar in your mods directory. It will now be injected into your classpath. This could severe stability issues, it should be removed if possible.
[21:41:23] [Server thread/INFO] [FML]: FML has found a non-mod file Controlling-3.0.12.4.jar in your mods directory. It will now be injected into your classpath. This could severe stability issues, it should be removed if possible.
[21:41:23] [Server thread/INFO] [FML]: FML has found a non-mod file EnchantmentDescriptions-1.12.2-1.1.20.jar in your mods directory. It will now be injected into your classpath. This could severe stability issues, it should be removed if possible.
[21:41:23] [Server thread/INFO] [FML]: FML has found a non-mod file FancyBlockParticles-1.12.x-2.4.1.jar in your mods directory. It will now be injected into your classpath. This could severe stability issues, it should be removed if possible.
[21:41:23] [Server thread/INFO] [FML]: FML has found a non-mod file GooglyEyes-1.12.2-7.1.1.jar in your mods directory. It will now be injected into your classpath. This could severe stability issues, it should be removed if possible.
[21:41:23] [Server thread/INFO] [FML]: FML has found a non-mod file JSON-Paintings-v1.4.0-mc1.12.2.jar in your mods directory. It will now be injected into your classpath. This could severe stability issues, it should be removed if possible.
[21:41:23] [Server thread/INFO] [FML]: FML has found a non-mod file LegendaryTooltips-1.12.2-1.1.11.jar in your mods directory. It will now be injected into your classpath. This could severe stability issues, it should be removed if possible.
[21:41:23] [Server thread/INFO] [FML]: FML has found a non-mod file LoadingScreens-1.12.2-0.3.1.jar in your mods directory. It will now be injected into your classpath. This could severe stability issues, it should be removed if possible.
[21:41:23] [Server thread/INFO] [FML]: FML has found a non-mod file MouseTweaks-2.10.1-mc1.12.2.jar in your mods directory. It will now be injected into your classpath. This could severe stability issues, it should be removed if possible.
[21:41:23] [Server thread/INFO] [FML]: FML has found a non-mod file Neat 1.4-17.jar in your mods directory. It will now be injected into your classpath. This could severe stability issues, it should be removed if possible.
[21:41:23] [Server thread/INFO] [FML]: FML has found a non-mod file particleculling-1.12.2-v1.4.3.jar in your mods directory. It will now be injected into your classpath. This could severe stability issues, it should be removed if possible.
[21:41:23] [Server thread/INFO] [FML]: FML has found a non-mod file potiondescriptions-1.12.2-1.2.4.jar in your mods directory. It will now be injected into your classpath. This could severe stability issues, it should be removed if possible.
[21:41:23] [Server thread/INFO] [FML]: FML has found a non-mod file ResourceLoader-MC1.12.1-1.5.3.jar in your mods directory. It will now be injected into your classpath. This could severe stability issues, it should be removed if possible.
[21:41:23] [Server thread/INFO] [FML]: FML has found a non-mod file RLFoliage-MC1.12-2.4.2.jar in your mods directory. It will now be injected into your classpath. This could severe stability issues, it should be removed if possible.
[21:41:23] [Server thread/INFO] [FML]: FML has found a non-mod file SoundFilters-0.12.1_for_1.12.jar in your mods directory. It will now be injected into your classpath. This could severe stability issues, it should be removed if possible.
[21:41:23] [Server thread/INFO] [FML]: FML has found a non-mod file SpartanHUDBaubles-1.12.2-1.0.0.jar in your mods directory. It will now be injected into your classpath. This could severe stability issues, it should be removed if possible.
[21:41:23] [Server thread/INFO] [FML]: FML has found a non-mod file Toast Control-1.12.2-1.8.1.jar in your mods directory. It will now be injected into your classpath. This could severe stability issues, it should be removed if possible.
[21:41:23] [Server thread/INFO] [FML]: FML has found a non-mod file DynamicSurroundingsHuds-1.12.2-3.6.0.0.jar in your mods directory. It will now be injected into your classpath. This could severe stability issues, it should be removed if possible.
[21:41:23] [Server thread/INFO] [FML]: FML has found a non-mod file mcjtytools-0.0.21.jar in your mods directory. It will now be injected into your classpath. This could severe stability issues, it should be removed if possible.
[21:41:23] [Server thread/INFO] [FermiumBooter]: FermiumBooter adding "mixins.srpmixins.srp.cothondeath.json" for late mixin application.
[21:41:23] [Server thread/INFO] [FermiumBooter]: FermiumBooter adding "mixins.fermiummixins.late.quark.worldgenlag.json" for late mixin application.
[21:41:23] [Server thread/INFO] [FermiumBooter]: FermiumBooter adding "mixins.fermiummixins.late.dynamicsurroundings.chatrender.json" for late mixin application.
[21:41:23] [Server thread/INFO] [FermiumBooter]: FermiumBooter adding "mixins.eaglemixins.reskillable.rightclickblockoverride.json" for late mixin application.
[21:41:23] [Server thread/INFO] [FermiumBooter]: FermiumBooter adding "mixins.rlmixins.late.rustic.coffee.json" for late mixin application.
[21:41:23] [Server thread/INFO] [FermiumBooter]: FermiumBooter adding "mixins.localizator.enhancedvisuals.deathmessage.json" for late mixin application.
[21:41:23] [Server thread/INFO] [FermiumBooter]: FermiumBooter adding "mixins.fermiummixins.late.champions.particle.json" for late mixin application.
[21:41:23] [Server thread/INFO] [FermiumBooter]: FermiumBooter adding "mixins.srpmixins.customphasemechanics.json" for late mixin application.
[21:41:23] [Server thread/INFO] [FermiumBooter]: FermiumBooter adding "mixins.srpmixins.srp.evolockfix.json" for late mixin application.
[21:41:23] [Server thread/INFO] [FermiumBooter]: FermiumBooter adding "mixins.srpmixins.srp.spawninglight.json" for late mixin application.
[21:41:23] [Server thread/INFO] [FermiumBooter]: FermiumBooter adding "mixins.eaglemixins.cookingforblockheads.custominventorynames.json" for late mixin application.
[21:41:23] [Server thread/INFO] [FermiumBooter]: FermiumBooter adding "mixins.fermiummixins.late.firstaid.heartrender.json" for late mixin application.
[21:41:23] [Server thread/INFO] [FermiumBooter]: FermiumBooter adding "mixins.rlmixins.late.scalinghealth.icon.json" for late mixin application.
[21:41:23] [Server thread/INFO] [FermiumBooter]: FermiumBooter adding "mixins.localizator.setbonus.tooltip.json" for late mixin application.
[21:41:23] [Server thread/INFO] [FermiumBooter]: FermiumBooter adding "mixins.srpmixins.srp.parabiomespawns.json" for late mixin application.
[21:41:23] [Server thread/INFO] [FermiumBooter]: FermiumBooter adding "mixins.fermiummixins.late.spawnercontrol.lycanitesmobs.json" for late mixin application.
[21:41:23] [Server thread/INFO] [FermiumBooter]: FermiumBooter adding "mixins.localizator.ichunutil.urls.json" for late mixin application.
[21:41:23] [Server thread/INFO] [FermiumBooter]: FermiumBooter adding "mixins.localizator.roughtweaks.langkeys.json" for late mixin application.
[21:41:23] [Server thread/INFO] [FermiumBooter]: FermiumBooter adding "mixins.fermiummixins.late.switchbow.luckarrow.json" for late mixin application.
[21:41:23] [Server thread/INFO] [FermiumBooter]: FermiumBooter adding "mixins.localizator.fmb.minigame.json" for late mixin application.
[21:41:23] [Server thread/INFO] [FermiumBooter]: FermiumBooter adding "mixins.srpmixins.srp.nodecompassfix.json" for late mixin application.
[21:41:23] [Server thread/INFO] [FermiumBooter]: FermiumBooter adding "mixins.fermiummixins.late.charm.runeportalplayeronly.json" for late mixin application.
[21:41:23] [Server thread/INFO] [FermiumBooter]: FermiumBooter adding "mixins.srpmixins.srp.noderesetfix.json" for late mixin application.
[21:41:23] [Server thread/INFO] [FermiumBooter]: FermiumBooter adding "mixins.rlmixins.late.srparasites.armormodel.json" for late mixin application.
[21:41:23] [Server thread/INFO] [FermiumBooter]: FermiumBooter adding "mixins.fermiummixins.late.battletowers.configperformance.json" for late mixin application.
[21:41:23] [Server thread/INFO] [FermiumBooter]: FermiumBooter adding "mixins.rlmixins.late.inspirations.mundane.json" for late mixin application.
[21:41:23] [Server thread/INFO] [FermiumBooter]: FermiumBooter adding "mixins.optifinecitpatch.fixmissing.json" for late mixin application.
[21:41:23] [Server thread/INFO] [FermiumBooter]: FermiumBooter adding "mixins.fermiummixins.late.carryon.pig.json" for late mixin application.
[21:41:23] [Server thread/INFO] [FermiumBooter]: FermiumBooter adding "mixins.srpmixins.srp.beckoninfestationfix.json" for late mixin application.
[21:41:23] [Server thread/INFO] [FermiumBooter]: FermiumBooter adding "mixins.rlmixins.late.bettersurvival.multishot.json" for late mixin application.
[21:41:23] [Server thread/INFO] [FermiumBooter]: FermiumBooter adding "mixins.srpmixins.srp.adaptationbonusfix.json" for late mixin application.
[21:41:23] [Server thread/INFO] [FermiumBooter]: FermiumBooter adding "mixins.fermiummixins.late.champions.infested.json" for late mixin application.
[21:41:23] [Server thread/INFO] [FermiumBooter]: FermiumBooter adding "mixins.srpmixins.srp.simmermancap.json" for late mixin application.
[21:41:23] [Server thread/INFO] [FermiumBooter]: FermiumBooter adding "mixins.srpmixins.srp.feraliseferbears.json" for late mixin application.
[21:41:23] [Server thread/INFO] [FermiumBooter]: FermiumBooter adding "mixins.fermiummixins.late.reskillable.hungryfarmer.json" for late mixin application.
[21:41:23] [Server thread/INFO] [FermiumBooter]: FermiumBooter adding "mixins.fermiummixins.late.bettermineshafts.performance.json" for late mixin application.
[21:41:23] [Server thread/INFO] [FermiumBooter]: FermiumBooter adding "mixins.localizator.callablehorses.messages.json" for late mixin application.
[21:41:23] [Server thread/INFO] [FermiumBooter]: FermiumBooter adding "mixins.localizator.itemphysic.reversedescription.json" for late mixin application.
[21:41:23] [Server thread/INFO] [FermiumBooter]: FermiumBooter adding "mixins.fermiummixins.late.jei.enchant.json" for late mixin application.
[21:41:23] [Server thread/INFO] [FermiumBooter]: FermiumBooter adding "mixins.fermiummixins.late.toolbelt.dupe.json" for late mixin application.
[21:41:23] [Server thread/INFO] [FermiumBooter]: FermiumBooter adding "mixins.fermiummixins.late.elenaidodge.performance.json" for late mixin application.
[21:41:23] [Server thread/INFO] [FermiumBooter]: FermiumBooter adding "mixins.eaglemixins.nuclearcraft.loottableradiation.json" for late mixin application.
[21:41:23] [Server thread/INFO] [FermiumBooter]: FermiumBooter adding "mixins.fermiummixins.late.simpledifficulty.commands.json" for late mixin application.
[21:41:23] [Server thread/INFO] [FermiumBooter]: FermiumBooter adding "mixins.fermiummixins.late.notreepunching.claytool.json" for late mixin application.
[21:41:23] [Server thread/INFO] [FermiumBooter]: FermiumBooter adding "mixins.aaam.antiqueatlas.tiles.custom_nether_end_biomes.json" for late mixin application.
[21:41:23] [Server thread/INFO] [FermiumBooter]: FermiumBooter adding "mixins.srpmixins.srp.potionuuidfix.json" for late mixin application.
[21:41:23] [Server thread/INFO] [FermiumBooter]: FermiumBooter adding "mixins.srpmixins.srp.modifiedclock.json" for late mixin application.
[21:41:23] [Server thread/INFO] [FermiumBooter]: FermiumBooter adding "mixins.srpmixins.srp.parasitebushgen.json" for late mixin application.
[21:41:23] [Server thread/INFO] [FermiumBooter]: FermiumBooter adding "mixins.fermiummixins.late.foodexpansion.llama.json" for late mixin application.
[21:41:23] [Server thread/INFO] [FermiumBooter]: FermiumBooter adding "mixins.localizator.bountifulbaubles.tooltips.json" for late mixin application.
[21:41:23] [Server thread/INFO] [FermiumBooter]: FermiumBooter adding "mixins.fermiummixins.late.forgottenitems.veinpick.json" for late mixin application.
[21:41:23] [Server thread/INFO] [FermiumBooter]: FermiumBooter adding "mixins.eaglemixins.vc.rubyrename.json" for late mixin application.
[21:41:23] [Server thread/INFO] [FermiumBooter]: FermiumBooter adding "mixins.optifinecitpatch.reloadonlogin.json" for late mixin application.
[21:41:23] [Server thread/INFO] [FermiumBooter]: FermiumBooter adding "mixins.fermiummixins.late.betternether.memoryleak.json" for late mixin application.
[21:41:23] [Server thread/INFO] [FermiumBooter]: FermiumBooter adding "mixins.fermiummixins.late.disenchanter.crash.json" for late mixin application.
[21:41:23] [Server thread/INFO] [FermiumBooter]: FermiumBooter adding "mixins.fermiummixins.late.inspirations.colorcrash.json" for late mixin application.
[21:41:23] [Server thread/INFO] [FermiumBooter]: FermiumBooter adding "mixins.rlmixins.late.bettersurvival.penetration.json" for late mixin application.
[21:41:23] [Server thread/INFO] [FermiumBooter]: FermiumBooter adding "mixins.fermiummixins.late.roughtweaks.salve.json" for late mixin application.
[21:41:23] [Server thread/INFO] [FermiumBooter]: FermiumBooter adding "mixins.rlmixins.late.scalinghealth.desync.json" for late mixin application.
[21:41:23] [Server thread/INFO] [FermiumBooter]: FermiumBooter adding "mixins.localizator.armorunder.ozzyliner.json" for late mixin application.
[21:41:23] [Server thread/INFO] [FermiumBooter]: FermiumBooter adding "mixins.fermiummixins.late.champions.infernals.json" for late mixin application.
[21:41:23] [Server thread/INFO] [FermiumBooter]: FermiumBooter adding "mixins.srpmixins.srp.arachnidapullballhit.json" for late mixin application.
[21:41:23] [Server thread/INFO] [FermiumBooter]: FermiumBooter adding "mixins.fermiummixins.late.astikorcarts.bosscart.json" for late mixin application.
[21:41:23] [Server thread/INFO] [FermiumBooter]: FermiumBooter adding "mixins.eaglemixins.nuclearcraft.radresistanceattribute.json" for late mixin application.
[21:41:23] [Server thread/INFO] [FermiumBooter]: FermiumBooter adding "mixins.srpmixins.srp.nodecolonyreset.json" for late mixin application.
[21:41:24] [Server thread/INFO] [FermiumBooter]: FermiumBooter adding "mixins.furnacexpstorage.crafttweaker.json" for late mixin application.
[21:41:24] [Server thread/INFO] [FermiumBooter]: FermiumBooter adding "mixins.fermiummixins.late.forgottenitems.rune.json" for late mixin application.
[21:41:24] [Server thread/INFO] [FermiumBooter]: FermiumBooter adding "mixins.eaglemixins.nuclearcraft.radiatingfluids.json" for late mixin application.
[21:41:24] [Server thread/INFO] [FermiumBooter]: FermiumBooter adding "mixins.fermiummixins.late.bountifulbaubles.isshield.json" for late mixin application.
[21:41:24] [Server thread/INFO] [FermiumBooter]: FermiumBooter adding "mixins.aaam.antiqueatlas.overhaul.markerpacketchunking.json" for late mixin application.
[21:41:24] [Server thread/INFO] [FermiumBooter]: FermiumBooter adding "mixins.fermiummixins.late.simpledifficulty.raincanteen.json" for late mixin application.
[21:41:24] [Server thread/INFO] [FermiumBooter]: FermiumBooter adding "mixins.fermiummixins.late.betterquesting.memoryleak.json" for late mixin application.
[21:41:24] [Server thread/INFO] [FermiumBooter]: FermiumBooter adding "mixins.fermiummixins.late.lycanitesmobs.itemframe.json" for late mixin application.
[21:41:24] [Server thread/INFO] [FermiumBooter]: FermiumBooter adding "mixins.fermiummixins.late.itemphysics.reach.json" for late mixin application.
[21:41:24] [Server thread/INFO] [FermiumBooter]: FermiumBooter adding "mixins.srpmixins.srp.simturntoferalfix.json" for late mixin application.
[21:41:24] [Server thread/INFO] [FermiumBooter]: FermiumBooter adding "mixins.fermiummixins.late.corpsecomplex.xpreturn.json" for late mixin application.
[21:41:24] [Server thread/INFO] [FermiumBooter]: FermiumBooter adding "mixins.fermiummixins.late.dynamicsurroundings.customchat.json" for late mixin application.
[21:41:24] [Server thread/INFO] [FermiumBooter]: FermiumBooter adding "mixins.aaam.antiqueatlas.overhaul.sendtoallholding.json" for late mixin application.
[21:41:24] [Server thread/INFO] [FermiumBooter]: FermiumBooter adding "mixins.localizator.spartanweaponry.tooltip.json" for late mixin application.
[21:41:24] [Server thread/INFO] [FermiumBooter]: FermiumBooter adding "mixins.vcfix.vc.numberhotkeysingui.json" for late mixin application.
[21:41:24] [Server thread/INFO] [FermiumBooter]: FermiumBooter adding "mixins.localizator.bountifulbaubles.ankhshieldcobweb.json" for late mixin application.
[21:41:24] [Server thread/INFO] [FermiumBooter]: FermiumBooter adding "mixins.rlmixins.late.potioncore.launch.json" for late mixin application.
[21:41:24] [Server thread/INFO] [FermiumBooter]: FermiumBooter adding "mixins.localizator.lycanites.messages.json" for late mixin application.
[21:41:24] [Server thread/INFO] [FermiumBooter]: FermiumBooter adding "mixins.fermiummixins.late.switchbow.lovearrow.json" for late mixin application.
[21:41:24] [Server thread/INFO] [FermiumBooter]: FermiumBooter adding "mixins.luckified.qualitytools.json" for late mixin application.
[21:41:24] [Server thread/INFO] [FermiumBooter]: FermiumBooter adding "mixins.rlmixins.late.rustic.alcohol.json" for late mixin application.
[21:41:24] [Server thread/INFO] [FermiumBooter]: FermiumBooter adding "mixins.fermiummixins.late.champions.ownable.json" for late mixin application.
[21:41:24] [Server thread/INFO] [FermiumBooter]: FermiumBooter adding "mixins.localizator.srparasites.armortooltip.json" for late mixin application.
[21:41:24] [Server thread/INFO] [FermiumBooter]: FermiumBooter adding "mixins.rlmixins.late.infrlcraft.horse.json" for late mixin application.
[21:41:24] [Server thread/INFO] [FermiumBooter]: FermiumBooter adding "mixins.fermiummixins.late.qualitytools.performance.json" for late mixin application.
[21:41:24] [Server thread/INFO] [FermiumBooter]: FermiumBooter adding "mixins.eaglemixins.fishsundeadrising.nolootforsummons.json" for late mixin application.
[21:41:24] [Server thread/INFO] [FermiumBooter]: FermiumBooter adding "mixins.srpmixins.srp.biomespawnblacklist.json" for late mixin application.
[21:41:24] [Server thread/INFO] [FermiumBooter]: FermiumBooter adding "mixins.srpmixins.srp.disablescentdebug.json" for late mixin application.
[21:41:24] [Server thread/INFO] [FermiumBooter]: FermiumBooter adding "mixins.aaam.waystones.activated.json" for late mixin application.
[21:41:24] [Server thread/INFO] [FermiumBooter]: FermiumBooter adding "mixins.fermiummixins.late.defiledlands.corruption.json" for late mixin application.
[21:41:24] [Server thread/INFO] [FermiumBooter]: FermiumBooter adding "mixins.modfixes_disable_broken_particles.json" for late mixin application.
[21:41:24] [Server thread/INFO] [FermiumBooter]: FermiumBooter adding "mixins.fermiummixins.late.quark.stonelingstall.json" for late mixin application.
[21:41:24] [Server thread/INFO] [FermiumBooter]: FermiumBooter adding "mixins.fermiummixins.late.waystones.naming.json" for late mixin application.
[21:41:24] [Server thread/INFO] [FermiumBooter]: FermiumBooter adding "mixins.rlmixins.late.bettersurvival.combo.json" for late mixin application.
[21:41:24] [Server thread/INFO] [FermiumBooter]: FermiumBooter adding "mixins.srpmixins.srp.armorcrash.json" for late mixin application.
[21:41:24] [Server thread/INFO] [FermiumBooter]: FermiumBooter adding "mixins.fermiummixins.late.bountifulbaubles.trumpet.json" for late mixin application.
[21:41:24] [Server thread/INFO] [FermiumBooter]: FermiumBooter adding "mixins.eaglemixins.loadingscreens.cyclescreens.json" for late mixin application.
[21:41:24] [Server thread/INFO] [FermiumBooter]: FermiumBooter adding "mixins.rlmixins.late.bettersurvival.education.json" for late mixin application.
[21:41:24] [Server thread/INFO] [FermiumBooter]: FermiumBooter adding "mixins.aaam.antiqueatlas.selectmarkersvertically.json" for late mixin application.
[21:41:24] [Server thread/INFO] [FermiumBooter]: FermiumBooter adding "mixins.rlmixins.late.chunkanimator.xray.json" for late mixin application.
[21:41:24] [Server thread/INFO] [FermiumBooter]: FermiumBooter adding "mixins.eaglemixins.otg.createworldsimplify.json" for late mixin application.
[21:41:24] [Server thread/INFO] [FermiumBooter]: FermiumBooter adding "mixins.rlmixins.late.charm.endersight.json" for late mixin application.
[21:41:24] [Server thread/INFO] [FermiumBooter]: FermiumBooter adding "mixins.srpmixins.srp.colocarriertypefix.json" for late mixin application.
[21:41:24] [Server thread/INFO] [FermiumBooter]: FermiumBooter adding "mixins.localizator.itemphysic.erroredpatch.json" for late mixin application.
[21:41:24] [Server thread/INFO] [FermiumBooter]: FermiumBooter adding "mixins.srpmixins.srp.adapteddespawnlock.json" for late mixin application.
[21:41:24] [Server thread/INFO] [FermiumBooter]: FermiumBooter adding "mixins.fermiummixins.late.reskillable.goldenbookwyrm.json" for late mixin application.
[21:41:24] [Server thread/INFO] [FermiumBooter]: FermiumBooter adding "mixins.editableedibles.foodexpansion.json" for late mixin application.
[21:41:24] [Server thread/INFO] [FermiumBooter]: FermiumBooter adding "mixins.localizator.bountifulbaubles.ankhcharmcobweb.json" for late mixin application.
[21:41:24] [Server thread/INFO] [FermiumBooter]: FermiumBooter adding "mixins.fermiummixins.late.astikorcarts.cartdistance.json" for late mixin application.
[21:41:24] [Server thread/INFO] [FermiumBooter]: FermiumBooter adding "mixins.srpmixins.srp.camouflagefix.json" for late mixin application.
[21:41:24] [Server thread/INFO] [FermiumBooter]: FermiumBooter adding "mixins.fermiummixins.late.reskillable.selfdamage.json" for late mixin application.
[21:41:24] [Server thread/INFO] [FermiumBooter]: FermiumBooter adding "mixins.srpmixins.srp.biomepurifier.json" for late mixin application.
[21:41:24] [Server thread/INFO] [FermiumBooter]: FermiumBooter adding "mixins.fermiummixins.late.switchbow.quiver.json" for late mixin application.
[21:41:24] [Server thread/INFO] [FermiumBooter]: FermiumBooter adding "mixins.srpmixins.srp.nexuscap.json" for late mixin application.
[21:41:24] [Server thread/INFO] [FermiumBooter]: FermiumBooter adding "mixins.localizator.bettersurvival.tooltip.json" for late mixin application.
[21:41:24] [Server thread/INFO] [FermiumBooter]: FermiumBooter adding "mixins.srpmixins.srp.quenchremovesremains.json" for late mixin application.
[21:41:24] [Server thread/INFO] [FermiumBooter]: FermiumBooter adding "mixins.srpmixins.srp.pointreductionlimit.json" for late mixin application.
[21:41:24] [Server thread/INFO] [FermiumBooter]: FermiumBooter adding "mixins.srpmixins.srp.senttooltipremove.json" for late mixin application.
[21:41:24] [Server thread/INFO] [FermiumBooter]: FermiumBooter adding "mixins.srpmixins.srp.parasiterightclickfix.json" for late mixin application.
[21:41:24] [Server thread/INFO] [FermiumBooter]: FermiumBooter adding "mixins.srpmixins.srp.cothimmunityfix.json" for late mixin application.
[21:41:24] [Server thread/INFO] [FermiumBooter]: FermiumBooter adding "mixins.eaglemixins.otg.bo3materialperformance.json" for late mixin application.
[21:41:24] [Server thread/INFO] [FermiumBooter]: FermiumBooter adding "mixins.srpmixins.srp.adaptedinstadespawnpenalty.json" for late mixin application.
[21:41:24] [Server thread/INFO] [FermiumBooter]: FermiumBooter adding "mixins.rlmixins.late.jei.vcerror.json" for late mixin application.
[21:41:24] [Server thread/INFO] [FermiumBooter]: FermiumBooter adding "mixins.fermiummixins.late.carryon.position.json" for late mixin application.
[21:41:24] [Server thread/INFO] [FermiumBooter]: FermiumBooter adding "mixins.vcfix.vc.shiftclickinventory.json" for late mixin application.
[21:41:24] [Server thread/INFO] [FermiumBooter]: FermiumBooter adding "mixins.fermiummixins.late.simpledifficulty.collectorcanteen.json" for late mixin application.
[21:41:24] [Server thread/INFO] [FermiumBooter]: FermiumBooter adding "mixins.srpmixins.srp.weapondamage.json" for late mixin application.
[21:41:24] [Server thread/INFO] [FermiumBooter]: FermiumBooter adding "mixins.fermiummixins.late.carryon.chest.json" for late mixin application.
[21:41:24] [Server thread/INFO] [FermiumBooter]: FermiumBooter adding "mixins.aaam.antiqueatlas.structuremarkers.json" for late mixin application.
[21:41:24] [Server thread/INFO] [FermiumBooter]: FermiumBooter adding "mixins.localizator.reccomplex.artifacts.json" for late mixin application.
[21:41:24] [Server thread/INFO] [FermiumBooter]: FermiumBooter adding "mixins.rlmixins.late.mobends.offline.json" for late mixin application.
[21:41:24] [Server thread/INFO] [FermiumBooter]: FermiumBooter adding "mixins.amphitheremod.renderlayers.json" for late mixin application.
[21:41:24] [Server thread/INFO] [FermiumBooter]: FermiumBooter adding "mixins.srpmixins.srp.squidtargeting.json" for late mixin application.
[21:41:24] [Server thread/INFO] [FermiumBooter]: FermiumBooter adding "mixins.srpmixins.srp.flatsleeppenalty.json" for late mixin application.
[21:41:24] [Server thread/INFO] [FermiumBooter]: FermiumBooter adding "mixins.fermiummixins.late.reskillable.seedfood.json" for late mixin application.
[21:41:24] [Server thread/INFO] [FermiumBooter]: FermiumBooter adding "mixins.fermiummixins.late.doomlikedungeons.themeerror.json" for late mixin application.
[21:41:24] [Server thread/INFO] [FermiumBooter]: FermiumBooter adding "mixins.srpmixins.srp.simbigspiderassimfix.json" for late mixin application.
[21:41:24] [Server thread/INFO] [FermiumBooter]: FermiumBooter adding "mixins.srpmixins.srp.infestedgrassrarity.json" for late mixin application.
[21:41:24] [Server thread/INFO] [FermiumBooter]: FermiumBooter adding "mixins.fermiummixins.late.reskillable.roadwalk.json" for late mixin application.
[21:41:24] [Server thread/INFO] [FermiumBooter]: FermiumBooter adding "mixins.srpmixins.srp.emptywhitelistfix.json" for late mixin application.
[21:41:24] [Server thread/INFO] [FermiumBooter]: FermiumBooter adding "mixins.rlmixins.late.srparasites.horse.json" for late mixin application.
[21:41:24] [Server thread/INFO] [FermiumBooter]: FermiumBooter adding "mixins.srpmixins.lostcities.json" for late mixin application.
[21:41:24] [Server thread/INFO] [FermiumBooter]: FermiumBooter adding "mixins.rlmixins.late.srparasites.aoeweapon.json" for late mixin application.
[21:41:24] [Server thread/INFO] [FermiumBooter]: FermiumBooter adding "mixins.fermiummixins.late.quark.stonelingdupe.json" for late mixin application.
[21:41:24] [Server thread/INFO] [FermiumBooter]: FermiumBooter adding "mixins.noisethreader.bettercaves.json" for late mixin application.
[21:41:24] [Server thread/INFO] [FermiumBooter]: FermiumBooter adding "mixins.aaam.inf.easter.json" for late mixin application.
[21:41:24] [Server thread/INFO] [FermiumBooter]: FermiumBooter adding "mixins.srpmixins.srp.zerohardnessbreak.json" for late mixin application.
[21:41:24] [Server thread/INFO] [FermiumBooter]: FermiumBooter adding "mixins.localizator.itemphysic.message.json" for late mixin application.
[21:41:24] [Server thread/INFO] [FermiumBooter]: FermiumBooter adding "mixins.srpmixins.srp.scentsnoclip.json" for late mixin application.
[21:41:24] [Server thread/INFO] [FermiumBooter]: FermiumBooter adding "mixins.furnacexpstorage.betternether.json" for late mixin application.
[21:41:24] [Server thread/INFO] [FermiumBooter]: FermiumBooter adding "mixins.fermiummixins.late.quark.villagerdoorai.json" for late mixin application.
[21:41:24] [Server thread/INFO] [FermiumBooter]: FermiumBooter adding "mixins.fermiummixins.late.openterraingenerator.savetodiskcrash.json" for late mixin application.
[21:41:24] [Server thread/INFO] [FermiumBooter]: FermiumBooter adding "mixins.optifinecitpatch.logspam.json" for late mixin application.
[21:41:24] [Server thread/INFO] [FermiumBooter]: FermiumBooter adding "mixins.fermiummixins.late.bloodmoon.spawnerperformance.json" for late mixin application.
[21:41:24] [Server thread/INFO] [FermiumBooter]: FermiumBooter adding "mixins.srpmixins.srp.strangebonestacking.json" for late mixin application.
[21:41:24] [Server thread/INFO] [FermiumBooter]: FermiumBooter adding "mixins.srpmixins.srp.fixparaunlocking.json" for late mixin application.
[21:41:24] [Server thread/INFO] [FermiumBooter]: FermiumBooter adding "mixins.srpmixins.srp.infectnearbyfix.json" for late mixin application.
[21:41:24] [Server thread/INFO] [FermiumBooter]: FermiumBooter adding "mixins.fermiummixins.late.bountifulbaubles.fireresistance.json" for late mixin application.
[21:41:24] [Server thread/INFO] [FermiumBooter]: FermiumBooter adding "mixins.fermiummixins.late.mobends.memleak.json" for late mixin application.
[21:41:24] [Server thread/INFO] [FermiumBooter]: FermiumBooter adding "mixins.localizator.charm.containername.json" for late mixin application.
[21:41:24] [Server thread/INFO] [FermiumBooter]: FermiumBooter adding "mixins.fermiummixins.late.lycanitesmobs.minion.json" for late mixin application.
[21:41:24] [Server thread/INFO] [FermiumBooter]: FermiumBooter adding "mixins.srpmixins.srp.sentnbtlossfix.json" for late mixin application.
[21:41:24] [Server thread/INFO] [FermiumBooter]: FermiumBooter adding "mixins.eaglemixins.various.stopdisarming.json" for late mixin application.
[21:41:24] [Server thread/INFO] [FermiumBooter]: FermiumBooter adding "mixins.srpmixins.srp.ruptersavoidplayers.json" for late mixin application.
[21:41:24] [Server thread/INFO] [FermiumBooter]: FermiumBooter adding "mixins.srpmixins.srp.needlerfix.json" for late mixin application.
[21:41:24] [Server thread/INFO] [FermiumBooter]: FermiumBooter adding "mixins.srpmixins.antiqueatlas.renderbiometile.json" for late mixin application.
[21:41:24] [Server thread/INFO] [FermiumBooter]: FermiumBooter adding "mixins.localizator.scalinghealth.keybinds.json" for late mixin application.
[21:41:24] [Server thread/INFO] [FermiumBooter]: FermiumBooter adding "mixins.eaglemixins.fishsundeadrising.modifyskeletonking.json" for late mixin application.
[21:41:24] [Server thread/INFO] [FermiumBooter]: FermiumBooter adding "mixins.fermiummixins.late.dramatictrees.aabbcache.json" for late mixin application.
[21:41:24] [Server thread/INFO] [FermiumBooter]: FermiumBooter adding "mixins.eaglemixins.otg.fixmissingbiomecrash.json" for late mixin application.
[21:41:24] [Server thread/INFO] [FermiumBooter]: FermiumBooter adding "mixins.fermiummixins.late.quark.disablecolorizer.json" for late mixin application.
[21:41:24] [Server thread/INFO] [FermiumBooter]: FermiumBooter adding "mixins.fermiummixins.late.incontrol.spawnrulefix.json" for late mixin application.
[21:41:24] [Server thread/INFO] [FermiumBooter]: FermiumBooter adding "mixins.localizator.corpsecomplex.scroll.json" for late mixin application.
[21:41:24] [Server thread/INFO] [FermiumBooter]: FermiumBooter adding "mixins.fermiummixins.late.mobends.idcrash.json" for late mixin application.
[21:41:24] [Server thread/INFO] [FermiumBooter]: FermiumBooter adding "mixins.srpmixins.srp.spawnerspawnfix.json" for late mixin application.
[21:41:24] [Server thread/INFO] [FermiumBooter]: FermiumBooter adding "mixins.localizator.xat.messages.json" for late mixin application.
[21:41:24] [Server thread/INFO] [FermiumBooter]: FermiumBooter adding "mixins.eaglemixins.nuclearcraft.subchunkradiation.json" for late mixin application.
[21:41:24] [Server thread/INFO] [FermiumBooter]: FermiumBooter adding "mixins.noisethreader.otg.json" for late mixin application.
[21:41:24] [Server thread/INFO] [FermiumBooter]: FermiumBooter adding "mixins.srpmixins.srp.tendrilfix.json" for late mixin application.
[21:41:24] [Server thread/INFO] [FermiumBooter]: FermiumBooter adding "mixins.srpmixins.srp.renderdispatcherhead.json" for late mixin application.
[21:41:24] [Server thread/INFO] [FermiumBooter]: FermiumBooter adding "mixins.srpmixins.srp.movingsoundfix.json" for late mixin application.
[21:41:24] [Server thread/INFO] [FermiumBooter]: FermiumBooter adding "mixins.srpmixins.srp.stackcollidingviralslower.json" for late mixin application.
[21:41:24] [Server thread/INFO] [FermiumBooter]: FermiumBooter adding "mixins.fermiummixins.late.dynamicsurroundings.barophotometer.json" for late mixin application.
[21:41:24] [Server thread/INFO] [FermiumBooter]: FermiumBooter adding "mixins.localizator.dynamictrees.staff.json" for late mixin application.
[21:41:24] [Server thread/INFO] [FermiumBooter]: FermiumBooter adding "mixins.srpmixins.srp.adaptationoverhaul.json" for late mixin application.
[21:41:24] [Server thread/INFO] [FermiumBooter]: FermiumBooter adding "mixins.localizator.sereneseasons.tooltip.json" for late mixin application.
[21:41:24] [Server thread/INFO] [FermiumBooter]: FermiumBooter adding "mixins.eaglemixins.simpledifficulty.drinkableblocks.json" for late mixin application.
[21:41:24] [Server thread/INFO] [FermiumBooter]: FermiumBooter adding "mixins.localizator.mobends.keybinds.json" for late mixin application.
[21:41:24] [Server thread/INFO] [FermiumBooter]: FermiumBooter adding "mixins.srpmixins.srp.carcasssamelures.json" for late mixin application.
[21:41:24] [Server thread/INFO] [FermiumBooter]: FermiumBooter adding "mixins.eaglemixins.otg.bo3blockfunctioncache.json" for late mixin application.
[21:41:24] [Server thread/INFO] [FermiumBooter]: FermiumBooter adding "mixins.fermiummixins.late.openterraingenerator.pregen.json" for late mixin application.
[21:41:24] [Server thread/INFO] [FermiumBooter]: FermiumBooter adding "mixins.rlmixins.late.quark.stonechicken.json" for late mixin application.
[21:41:24] [Server thread/INFO] [FermiumBooter]: FermiumBooter adding "mixins.srpmixins.srp.simmermantptarget.json" for late mixin application.
[21:41:24] [Server thread/INFO] [FermiumBooter]: FermiumBooter adding "mixins.fermiummixins.late.quark.signeditsync.json" for late mixin application.
[21:41:24] [Server thread/INFO] [FermiumBooter]: FermiumBooter adding "mixins.rlmixins.late.defiledlands.swordconfig.json" for late mixin application.
[21:41:24] [Server thread/INFO] [FermiumBooter]: FermiumBooter adding "mixins.srpmixins.srp.fixspawning.json" for late mixin application.
[21:41:24] [Server thread/INFO] [FermiumBooter]: FermiumBooter adding "mixins.fermiummixins.late.openterraingenerator.respawn.json" for late mixin application.
[21:41:24] [Server thread/INFO] [FermiumBooter]: FermiumBooter adding "mixins.rlmixins.late.quark.hatmobends.json" for late mixin application.
[21:41:24] [Server thread/INFO] [FermiumBooter]: FermiumBooter adding "mixins.srpmixins.despawntimer.json" for late mixin application.
[21:41:24] [Server thread/INFO] [FermiumBooter]: FermiumBooter adding "mixins.localizator.srparasites.messages.json" for late mixin application.
[21:41:24] [Server thread/INFO] [FermiumBooter]: FermiumBooter adding "mixins.localizator.levelup2.keybinds.json" for late mixin application.
[21:41:24] [Server thread/INFO] [FermiumBooter]: FermiumBooter adding "mixins.searchtree_mod.json" for late mixin application.
[21:41:24] [Server thread/INFO] [FermiumBooter]: FermiumBooter adding "mixins.fermiummixins.late.quark.enchanttooltip.json" for late mixin application.
[21:41:24] [Server thread/INFO] [FermiumBooter]: FermiumBooter adding "mixins.fermiummixins.late.quark.chestboatdupe.json" for late mixin application.
[21:41:24] [Server thread/INFO] [FermiumBooter]: FermiumBooter adding "mixins.localizator.charm.cakename.json" for late mixin application.
[21:41:24] [Server thread/INFO] [FermiumBooter]: FermiumBooter adding "mixins.somanyenchantments.bettercombat.json" for late mixin application.
[21:41:24] [Server thread/INFO] [FermiumBooter]: FermiumBooter adding "mixins.fermiummixins.late.inspirations.protection.json" for late mixin application.
[21:41:24] [Server thread/INFO] [FermiumBooter]: FermiumBooter adding "mixins.srpmixins.srp.summoningoverhaul.json" for late mixin application.
[21:41:24] [Server thread/INFO] [FermiumBooter]: FermiumBooter adding "mixins.srpmixins.srp.biomespreadoverhaul.json" for late mixin application.
[21:41:24] [Server thread/INFO] [FermiumBooter]: FermiumBooter adding "mixins.fermiummixins.late.classyhats.pickblock.json" for late mixin application.
[21:41:24] [Server thread/INFO] [FermiumBooter]: FermiumBooter adding "mixins.somanyenchantments.compatcancel_bs.json" for late mixin application.
[21:41:24] [Server thread/INFO] [FermiumBooter]: FermiumBooter adding "mixins.srpmixins.srp.adapttoindirect.json" for late mixin application.
[21:41:24] [Server thread/INFO] [FermiumBooter]: FermiumBooter adding "mixins.fermiummixins.late.forgottenitems.bound.json" for late mixin application.
[21:41:24] [Server thread/INFO] [FermiumBooter]: FermiumBooter adding "mixins.luckified.defiledlands.json" for late mixin application.
[21:41:24] [Server thread/INFO] [FermiumBooter]: FermiumBooter adding "mixins.fermiummixins.late.charm.magneticdupe.json" for late mixin application.
[21:41:24] [Server thread/INFO] [FermiumBooter]: FermiumBooter adding "mixins.localizator.scalinghealth.messages.json" for late mixin application.
[21:41:24] [Server thread/INFO] [FermiumBooter]: FermiumBooter adding "mixins.fermiummixins.late.quark.usagetickervisible.json" for late mixin application.
[21:41:24] [Server thread/INFO] [FermiumBooter]: FermiumBooter adding "mixins.srpmixins.srp.scentperformance.json" for late mixin application.
[21:41:24] [Server thread/INFO] [FermiumBooter]: FermiumBooter adding "mixins.srpmixins.srp.lureoverflowfix.json" for late mixin application.
[21:41:24] [Server thread/INFO] [FermiumBooter]: FermiumBooter adding "mixins.rlmixins.late.testdummy.nohealondummy.json" for late mixin application.
[21:41:24] [Server thread/INFO] [FermiumBooter]: FermiumBooter adding "mixins.vcfix.vc.shiftclickhotbar.json" for late mixin application.
[21:41:24] [Server thread/INFO] [FermiumBooter]: FermiumBooter adding "mixins.srpmixins.srp.wavefix.json" for late mixin application.
[21:41:24] [Server thread/INFO] [FermiumBooter]: FermiumBooter adding "mixins.fermiummixins.late.lycanitesmobs.render.json" for late mixin application.
[21:41:24] [Server thread/INFO] [FermiumBooter]: FermiumBooter adding "mixins.eaglemixins.xat.randomtp.json" for late mixin application.
[21:41:24] [Server thread/INFO] [FermiumBooter]: FermiumBooter adding "mixins.fermiummixins.late.bountifulbaubles.drink.json" for late mixin application.
[21:41:24] [Server thread/INFO] [FermiumBooter]: FermiumBooter adding "mixins.fermiummixins.late.betterfoliage.offset.json" for late mixin application.
[21:41:24] [Server thread/INFO] [FermiumBooter]: FermiumBooter adding "mixins.srpmixins.srp.deterrentlowphasedmg.json" for late mixin application.
[21:41:24] [Server thread/INFO] [FermiumBooter]: FermiumBooter adding "mixins.eaglemixins.legendarytooltips.moreframes.json" for late mixin application.
[21:41:24] [Server thread/INFO] [FermiumBooter]: FermiumBooter adding "mixins.fermiummixins.late.sereneseasons.performance.json" for late mixin application.
[21:41:24] [Server thread/INFO] [FermiumBooter]: FermiumBooter adding "mixins.srpmixins.srp.unlockmessagewithname.json" for late mixin application.
[21:41:24] [Server thread/INFO] [FermiumBooter]: FermiumBooter adding "mixins.aaam.antiqueatlas.overhaul.structurewatchers.json" for late mixin application.
[21:41:24] [Server thread/INFO] [FermiumBooter]: FermiumBooter adding "mixins.srpmixins.srp.phaseresetfix.json" for late mixin application.
[21:41:24] [Server thread/INFO] [FermiumBooter]: FermiumBooter adding "mixins.rlmixins.late.infrlcraft.dragontick.json" for late mixin application.
[21:41:24] [Server thread/INFO] [FermiumBooter]: FermiumBooter adding "mixins.aaam.antiqueatlas.overhaul.bytebufcrashfix.json" for late mixin application.
[21:41:24] [Server thread/INFO] [FermiumBooter]: FermiumBooter adding "mixins.srpmixins.bloodmoon.json" for late mixin application.
[21:41:24] [Server thread/INFO] [FermiumBooter]: FermiumBooter adding "mixins.aaam.antiqueatlas.overhaul.offhand.json" for late mixin application.
[21:41:24] [Server thread/INFO] [FermiumBooter]: FermiumBooter adding "mixins.eaglemixins.furold.json" for late mixin application.
[21:41:24] [Server thread/INFO] [FermiumBooter]: FermiumBooter adding "mixins.fermiummixins.late.notreepunching.mattock.json" for late mixin application.
[21:41:24] [Server thread/INFO] [FermiumBooter]: FermiumBooter adding "mixins.srpmixins.srp.repairableweapons.json" for late mixin application.
[21:41:24] [Server thread/INFO] [FermiumBooter]: FermiumBooter adding "mixins.rlmixins.late.jei.bookmark.json" for late mixin application.
[21:41:24] [Server thread/INFO] [FermiumBooter]: FermiumBooter adding "mixins.rlmixins.late.scalinghealth.blighteffects.json" for late mixin application.
[21:41:24] [Server thread/INFO] [FermiumBooter]: FermiumBooter adding "mixins.rlmixins.late.lycanitesmobs.stonetarget.json" for late mixin application.
[21:41:24] [Server thread/INFO] [FermiumBooter]: FermiumBooter adding "mixins.luckified.bountifulbaubles.json" for late mixin application.
[21:41:24] [Server thread/INFO] [FermiumBooter]: FermiumBooter adding "mixins.srpmixins.srp.dimensionmultis.json" for late mixin application.
[21:41:24] [Server thread/INFO] [FermiumBooter]: FermiumBooter adding "mixins.fermiummixins.late.betternether.slabdrop.json" for late mixin application.
[21:41:24] [Server thread/INFO] [FermiumBooter]: FermiumBooter adding "mixins.srpmixins.srp.colofixinbiome.json" for late mixin application.
[21:41:24] [Server thread/INFO] [FermiumBooter]: FermiumBooter adding "mixins.eaglemixins.rlartifacts.undergroundmimics.json" for late mixin application.
[21:41:24] [Server thread/INFO] [FermiumBooter]: FermiumBooter adding "mixins.aaam.infrl.json" for late mixin application.
[21:41:24] [Server thread/INFO] [FermiumBooter]: FermiumBooter adding "mixins.fermiummixins.late.quark.disablespringyslime.json" for late mixin application.
[21:41:24] [Server thread/INFO] [FermiumBooter]: FermiumBooter adding "mixins.fermiummixins.late.bountifulbaubles.brokenheart.json" for late mixin application.
[21:41:24] [Server thread/INFO] [FermiumBooter]: FermiumBooter adding "mixins.fermiummixins.late.champions.jailer.json" for late mixin application.
[21:41:24] [Server thread/INFO] [FermiumBooter]: FermiumBooter adding "mixins.eaglemixins.nuclearcraft.radiationeffects.json" for late mixin application.
[21:41:24] [Server thread/INFO] [FermiumBooter]: FermiumBooter adding "mixins.eaglemixins.nuclearcraft.fixhazmatdmg.json" for late mixin application.
[21:41:24] [Server thread/INFO] [FermiumBooter]: FermiumBooter adding "mixins.eaglemixins.dregorarl.firsttimesetup.json" for late mixin application.
[21:41:24] [Server thread/INFO] [FermiumBooter]: FermiumBooter adding "mixins.fermiummixins.late.itemphysics.servercrash.json" for late mixin application.
[21:41:24] [Server thread/INFO] [FermiumBooter]: FermiumBooter adding "mixins.fermiummixins.late.defiledlands.bookwyrms.json" for late mixin application.
[21:41:24] [Server thread/INFO] [FermiumBooter]: FermiumBooter adding "mixins.aaam.antiqueatlas.tiles.autobiomerules.json" for late mixin application.
[21:41:24] [Server thread/INFO] [FermiumBooter]: FermiumBooter adding "mixins.eaglemixins.cookingforblockheads.loottables.json" for late mixin application.
[21:41:24] [Server thread/INFO] [FermiumBooter]: FermiumBooter adding "mixins.fermiummixins.late.neat.optifinerender.json" for late mixin application.
[21:41:24] [Server thread/INFO] [FermiumBooter]: FermiumBooter adding "mixins.srpmixins.srp.lurecooldownstack.json" for late mixin application.
[21:41:24] [Server thread/INFO] [FermiumBooter]: FermiumBooter adding "mixins.localizator.forge.modlist.json" for late mixin application.
[21:41:24] [Server thread/INFO] [FermiumBooter]: FermiumBooter adding "mixins.localizator.charm.worldcratesname.json" for late mixin application.
[21:41:24] [Server thread/INFO] [FermiumBooter]: FermiumBooter adding "mixins.luckified.rlartifacts.json" for late mixin application.
[21:41:24] [Server thread/INFO] [FermiumBooter]: FermiumBooter adding "mixins.rlmixins.late.sme.subjectenchants.json" for late mixin application.
[21:41:24] [Server thread/INFO] [FermiumBooter]: FermiumBooter adding "mixins.srpmixins.srp.beckonupgradedeny.json" for late mixin application.
[21:41:24] [Server thread/INFO] [FermiumBooter]: FermiumBooter adding "mixins.somanyenchantments.infernalmobs_randomenchants.json" for late mixin application.
[21:41:24] [Server thread/INFO] [FermiumBooter]: FermiumBooter adding "mixins.localizator.forgottenitems.descriptions.json" for late mixin application.
[21:41:24] [Server thread/INFO] [FermiumBooter]: FermiumBooter adding "mixins.srpmixins.srp.loottables.json" for late mixin application.
[21:41:24] [Server thread/INFO] [FermiumBooter]: FermiumBooter adding "mixins.fermiummixins.late.champions.reflecting.json" for late mixin application.
[21:41:24] [Server thread/INFO] [FermiumBooter]: FermiumBooter adding "mixins.localizator.variedcommodities.book.json" for late mixin application.
[21:41:24] [Server thread/INFO] [FermiumBooter]: FermiumBooter adding "mixins.aaam.antiqueatlas.tiles.customvillagetiles.json" for late mixin application.
[21:41:24] [Server thread/INFO] [FermiumBooter]: FermiumBooter adding "mixins.vcfix.jei.stoplogspam.json" for late mixin application.
[21:41:24] [Server thread/INFO] [FermiumBooter]: FermiumBooter adding "mixins.aaam.antiqueatlas.overhaul.recipedupe.json" for late mixin application.
[21:41:24] [Server thread/INFO] [FermiumBooter]: FermiumBooter adding "mixins.srpmixins.srp.clientpotions.json" for late mixin application.
[21:41:24] [Server thread/INFO] [FermiumBooter]: FermiumBooter adding "mixins.fermiummixins.late.reskillable.tracking.json" for late mixin application.
[21:41:24] [Server thread/INFO] [FermiumBooter]: FermiumBooter adding "mixins.vcfix.vc.stopdrop.json" for late mixin application.
[21:41:24] [Server thread/INFO] [FermiumBooter]: FermiumBooter adding "mixins.srpmixins.srp.biomepacket.json" for late mixin application.
[21:41:24] [Server thread/INFO] [FermiumBooter]: FermiumBooter adding "mixins.fermiummixins.late.champions.deathmessage.json" for late mixin application.
[21:41:24] [Server thread/INFO] [FermiumBooter]: FermiumBooter adding "mixins.aaam.antiqueatlas.tiles.stitchtonull.json" for late mixin application.
[21:41:24] [Server thread/INFO] [FermiumBooter]: FermiumBooter adding "mixins.aaam.antiqueatlas.displaydisablemarkertypes.json" for late mixin application.
[21:41:24] [Server thread/INFO] [FermiumBooter]: FermiumBooter adding "mixins.fermiummixins.late.carryon.chesthorse.json" for late mixin application.
[21:41:24] [Server thread/INFO] [FermiumBooter]: FermiumBooter adding "mixins.rlmixins.late.bettersurvival.optimization.json" for late mixin application.
[21:41:24] [Server thread/INFO] [FermiumBooter]: FermiumBooter adding "mixins.srpmixins.srp.infsquidcap.json" for late mixin application.
[21:41:24] [Server thread/INFO] [FermiumBooter]: FermiumBooter adding "mixins.fermiummixins.late.openterraingenerator.worldgencrash.json" for late mixin application.
[21:41:24] [Server thread/INFO] [FermiumBooter]: FermiumBooter adding "mixins.rlmixins.late.potioncore.reach.json" for late mixin application.
[21:41:24] [Server thread/INFO] [FermiumBooter]: FermiumBooter adding "mixins.srpmixins.srp.adaptwhileburningfix.json" for late mixin application.
[21:41:24] [Server thread/INFO] [FermiumBooter]: FermiumBooter adding "mixins.srpmixins.bloodmoon.entirespawnfix.json" for late mixin application.
[21:41:24] [Server thread/INFO] [FermiumBooter]: FermiumBooter adding "mixins.aaam.antiqueatlas.overhaul.langkey.json" for late mixin application.
[21:41:24] [Server thread/INFO] [FermiumBooter]: FermiumBooter adding "mixins.fermiummixins.late.reskillable.undershirt.json" for late mixin application.
[21:41:24] [Server thread/INFO] [FermiumBooter]: FermiumBooter adding "mixins.srpmixins.srp.blockbreakblacklist.json" for late mixin application.
[21:41:24] [Server thread/INFO] [FermiumBooter]: FermiumBooter adding "mixins.srpmixins.morephases.json" for late mixin application.
[21:41:24] [Server thread/INFO] [FermiumBooter]: FermiumBooter adding "mixins.bounceable.potioncore.json" for late mixin application.
[21:41:24] [Server thread/INFO] [FermiumBooter]: FermiumBooter adding "mixins.fermiummixins.late.quark.monsterboxperformance.json" for late mixin application.
[21:41:24] [Server thread/INFO] [FermiumBooter]: FermiumBooter adding "mixins.fermiummixins.late.dramatictrees.lighting.json" for late mixin application.
[21:41:24] [Server thread/INFO] [FermiumBooter]: FermiumBooter adding "mixins.fermiummixins.late.infernalmobs.configperformance.json" for late mixin application.
[21:41:24] [Server thread/INFO] [FermiumBooter]: FermiumBooter adding "mixins.localizator.charm.compostergui.json" for late mixin application.
[21:41:24] [Server thread/INFO] [FermiumBooter]: FermiumBooter adding "mixins.fermiummixins.late.switchbow.arrowlaunchernullstacks.json" for late mixin application.
[21:41:24] [Server thread/INFO] [FermiumBooter]: FermiumBooter adding "mixins.localizator.fmb.fishes.etc.json" for late mixin application.
[21:41:24] [Server thread/INFO] [FermiumBooter]: FermiumBooter adding "mixins.srpmixins.srp.infestationreversiontoggle.json" for late mixin application.
[21:41:24] [Server thread/INFO] [FermiumBooter]: FermiumBooter adding "mixins.srpmixins.srp.fogmultiplayerfix.json" for late mixin application.
[21:41:24] [Server thread/INFO] [FermiumBooter]: FermiumBooter adding "mixins.fermiummixins.late.bettermineshafts.blacklist.json" for late mixin application.
[21:41:24] [Server thread/INFO] [FermiumBooter]: FermiumBooter adding "mixins.rlmixins.late.quark.hatbaubles.json" for late mixin application.
[21:41:24] [Server thread/INFO] [FermiumBooter]: FermiumBooter adding "mixins.fermiummixins.late.betternether.doordupe.json" for late mixin application.
[21:41:24] [Server thread/INFO] [FermiumBooter]: FermiumBooter adding "mixins.fermiummixins.late.locks.dupe.json" for late mixin application.
[21:41:24] [Server thread/INFO] [FermiumBooter]: FermiumBooter adding "mixins.eaglemixins.fishsundeadrising.limitparasiteinfestation.json" for late mixin application.
[21:41:24] [Server thread/INFO] [FermiumBooter]: FermiumBooter adding "mixins.fermiummixins.late.charm.rustingdurability.json" for late mixin application.
[21:41:24] [Server thread/INFO] [FermiumBooter]: FermiumBooter adding "mixins.fermiummixins.late.potioncore.invert.json" for late mixin application.
[21:41:24] [Server thread/INFO] [FermiumBooter]: FermiumBooter adding "mixins.eaglemixins.srparasites.disabledefaultgearevo.json" for late mixin application.
[21:41:24] [Server thread/INFO] [FermiumBooter]: FermiumBooter adding "mixins.rlmixins.late.betterfoliage.chunkanimator.json" for late mixin application.
[21:41:24] [Server thread/INFO] [FermiumBooter]: FermiumBooter adding "mixins.luckified.infernalmobs.json" for late mixin application.
[21:41:24] [Server thread/INFO] [FermiumBooter]: FermiumBooter adding "mixins.srpmixins.srp.configlistfix.json" for late mixin application.
[21:41:24] [Server thread/INFO] [FermiumBooter]: FermiumBooter adding "mixins.fermiummixins.late.champions.droppedxp.json" for late mixin application.
[21:41:24] [Server thread/INFO] [FermiumBooter]: FermiumBooter adding "mixins.localizator.bountifulbaubles.wormholemessages.json" for late mixin application.
[21:41:24] [Server thread/INFO] [FermiumBooter]: FermiumBooter adding "mixins.srpmixins.srp.aiblockinfestfix.json" for late mixin application.
[21:41:24] [Server thread/INFO] [FermiumBooter]: FermiumBooter adding "mixins.srpmixins.srp.forgottenconfigs.json" for late mixin application.
[21:41:24] [Server thread/INFO] [FermiumBooter]: FermiumBooter adding "mixins.aaam.mapselect.json" for late mixin application.
[21:41:24] [Server thread/INFO] [FermiumBooter]: FermiumBooter adding "mixins.optifinecitpatch.firstenchant.json" for late mixin application.
[21:41:24] [Server thread/INFO] [FermiumBooter]: FermiumBooter adding "mixins.fermiummixins.late.betternether.soupbowl.json" for late mixin application.
[21:41:24] [Server thread/INFO] [FermiumBooter]: FermiumBooter adding "mixins.localizator.battletowers.messages.json" for late mixin application.
[21:41:24] [Server thread/INFO] [FermiumBooter]: FermiumBooter adding "mixins.fermiummixins.late.quark.chatlinkcrash.json" for late mixin application.
[21:41:24] [Server thread/INFO] [FermiumBooter]: FermiumBooter adding "mixins.fermiummixins.late.openterraingenerator.cacheloadspeed.json" for late mixin application.
[21:41:24] [Server thread/INFO] [FermiumBooter]: FermiumBooter adding "mixins.localizator.xat.weighttooltip.json" for late mixin application.
[21:41:24] [Server thread/INFO] [FermiumBooter]: FermiumBooter adding "mixins.srpmixins.srp.cooldownbypass.json" for late mixin application.
[21:41:24] [Server thread/INFO] [FermiumBooter]: FermiumBooter adding "mixins.srpmixins.srp.infestationoverhaul.json" for late mixin application.
[21:41:24] [Server thread/INFO] [FermiumBooter]: FermiumBooter adding "mixins.rlmixins.late.srparasites.cleaver.json" for late mixin application.
[21:41:24] [Server thread/INFO] [FermiumBooter]: FermiumBooter adding "mixins.eaglemixins.cookingforblockheads.moreice.json" for late mixin application.
[21:41:24] [Server thread/INFO] [FermiumBooter]: FermiumBooter adding "mixins.fermiummixins.late.lycanitesmobs.spriggan.json" for late mixin application.
[21:41:24] [Server thread/INFO] [FermiumBooter]: FermiumBooter adding "mixins.fermiummixins.late.bountifulbaubles.knockback.json" for late mixin application.
[21:41:24] [Server thread/INFO] [FermiumBooter]: FermiumBooter adding "mixins.rlmixins.late.bettersurvival.vampirism.json" for late mixin application.
[21:41:24] [Server thread/INFO] [FermiumBooter]: FermiumBooter adding "mixins.fermiummixins.late.dynamicsurroundings.potionamplifier.json" for late mixin application.
[21:41:24] [Server thread/INFO] [FermiumBooter]: FermiumBooter adding "mixins.fermiummixins.late.infernalmobs.particle.json" for late mixin application.
[21:41:24] [Server thread/INFO] [FermiumBooter]: FermiumBooter adding "mixins.rlmixins.late.epicsiegemod.digging.json" for late mixin application.
[21:41:24] [Server thread/INFO] [FermiumBooter]: FermiumBooter adding "mixins.srpmixins.srp.simmermantp.json" for late mixin application.
[21:41:24] [Server thread/INFO] [FermiumBooter]: FermiumBooter adding "mixins.fermiummixins.late.quark.disableemotes.json" for late mixin application.
[21:41:24] [Server thread/INFO] [FermiumBooter]: FermiumBooter adding "mixins.aaam.aarc.json" for late mixin application.
[21:41:24] [Server thread/INFO] [FermiumBooter]: FermiumBooter adding "mixins.fermiummixins.late.quark.enderwatcher.json" for late mixin application.
[21:41:24] [Server thread/INFO] [FermiumBooter]: FermiumBooter adding "mixins.srpmixins.srp.minassimilations.json" for late mixin application.
[21:41:24] [Server thread/INFO] [FermiumBooter]: FermiumBooter adding "mixins.srpmixins.srp.minferalisations.json" for late mixin application.
[21:41:24] [Server thread/INFO] [FermiumBooter]: FermiumBooter adding "mixins.eaglemixins.playerbosses.abyssalriftspawn.json" for late mixin application.
[21:41:24] [Server thread/INFO] [FermiumBooter]: FermiumBooter adding "mixins.furnacexpstorage.jei.json" for late mixin application.
[21:41:24] [Server thread/INFO] [FermiumBooter]: FermiumBooter adding "mixins.fermiummixins.late.bountifulbaubles.flaregun.json" for late mixin application.
[21:41:24] [Server thread/INFO] [FermiumBooter]: FermiumBooter adding "mixins.fermiummixins.late.betterfoliage.cache.json" for late mixin application.
[21:41:24] [Server thread/INFO] [FermiumBooter]: FermiumBooter adding "mixins.eaglemixins.nuclearcraft.radiationscalechange.json" for late mixin application.
[21:41:24] [Server thread/INFO] [FermiumBooter]: FermiumBooter adding "mixins.srpmixins.srp.commandfix.json" for late mixin application.
[21:41:24] [Server thread/INFO] [FermiumBooter]: FermiumBooter adding "mixins.eaglemixins.nuclearcraft.inventoryradiation.json" for late mixin application.
[21:41:24] [Server thread/INFO] [FermiumBooter]: FermiumBooter adding "mixins.fermiummixins.late.potioncore.revival.json" for late mixin application.
[21:41:24] [Server thread/INFO] [FermiumBooter]: FermiumBooter adding "mixins.amphitheremod.newvariants.json" for late mixin application.
[21:41:24] [Server thread/INFO] [FermiumBooter]: FermiumBooter adding "mixins.srpmixins.srp.damagefix.json" for late mixin application.
[21:41:24] [Server thread/INFO] [FermiumBooter]: FermiumBooter adding "mixins.srpmixins.srp.waterspawns.json" for late mixin application.
[21:41:24] [Server thread/INFO] [FermiumBooter]: FermiumBooter adding "mixins.fermiummixins.late.quark.stonelingspawn.json" for late mixin application.
[21:41:24] [Server thread/INFO] [FermiumBooter]: FermiumBooter adding "mixins.fermiummixins.late.itemphysics.carryonq.json" for late mixin application.
[21:41:24] [Server thread/INFO] [FermiumBooter]: FermiumBooter adding "mixins.eaglemixins.fishsundeadrising.cancelcustomsweep.json" for late mixin application.
[21:41:24] [Server thread/INFO] [FermiumBooter]: FermiumBooter adding "mixins.fermiummixins.late.bountifulbaubles.binding.json" for late mixin application.
[21:41:24] [Server thread/INFO] [FermiumBooter]: FermiumBooter adding "mixins.eaglemixins.nuclearcraft.shieldingrecipe.json" for late mixin application.
[21:41:24] [Server thread/WARN] [mixin]: Error loading class: net/optifine/config/ParserEnchantmentId (java.lang.ClassNotFoundException: The specified class 'net.optifine.config.ParserEnchantmentId' was not found)
[21:41:24] [Server thread/WARN] [mixin]: @Mixin target net.optifine.config.ParserEnchantmentId was not found mixins.optifinecitpatch.fixmissing.json:optifine.ParserEnchantmentIdMixin
[21:41:24] [Server thread/WARN] [mixin]: Error loading class: net/optifine/CustomItems (java.lang.ClassNotFoundException: The specified class 'net.optifine.CustomItems' was not found)
[21:41:24] [Server thread/WARN] [mixin]: @Mixin target net.optifine.CustomItems was not found mixins.optifinecitpatch.reloadonlogin.json:optifine.CustomItemsAccessor
[21:41:24] [Server thread/INFO] [ASMUtil]: Transforming class atomicstryker/infernalmobs/common/InfernalMobsCore
[21:41:24] [Server thread/INFO] [ASMUtil]: Transforming class atomicstryker/infernalmobs/common/InfernalMobsCore
[21:41:24] [Server thread/INFO] [ASMUtil]: Transforming class com/dhanantry/scapeandrunparasites/entity/ai/misc/EntityPInfected
[21:41:24] [Server thread/INFO] [ASMUtil]: Transforming class com/dhanantry/scapeandrunparasites/entity/ai/misc/EntityPInfected
[21:41:24] [Server thread/WARN] [mixin]: Error loading class: codechicken/multipart/BlockMultipart (java.lang.ClassNotFoundException: The specified class 'codechicken.multipart.BlockMultipart' was not found)
[21:41:24] [Server thread/WARN] [mixin]: Error loading class: buildcraft/transport/block/BlockPipeHolder (java.lang.ClassNotFoundException: The specified class 'buildcraft.transport.block.BlockPipeHolder' was not found)
[21:41:24] [Server thread/WARN] [mixin]: Error loading class: mrtjp/projectred/illumination/BlockLamp (java.lang.ClassNotFoundException: The specified class 'mrtjp.projectred.illumination.BlockLamp' was not found)
[21:41:24] [Server thread/WARN] [mixin]: Error loading class: mrtjp/projectred/expansion/BlockMachine (java.lang.ClassNotFoundException: The specified class 'mrtjp.projectred.expansion.BlockMachine' was not found)
[21:41:24] [Server thread/WARN] [mixin]: Error loading class: mrtjp/projectred/relocation/BlockFrame (java.lang.ClassNotFoundException: The specified class 'mrtjp.projectred.relocation.BlockFrame' was not found)
[21:41:24] [Server thread/WARN] [mixin]: Error loading class: mrtjp/projectred/exploration/BlockDecorativeWall (java.lang.ClassNotFoundException: The specified class 'mrtjp.projectred.exploration.BlockDecorativeWall' was not found)
[21:41:24] [Server thread/WARN] [mixin]: Error loading class: mrtjp/projectred/fabrication/BlockICMachine (java.lang.ClassNotFoundException: The specified class 'mrtjp.projectred.fabrication.BlockICMachine' was not found)
[21:41:24] [Server thread/WARN] [mixin]: Error loading class: thefloydman/moremystcraft/block/BlockLockedLectern (java.lang.ClassNotFoundException: The specified class 'thefloydman.moremystcraft.block.BlockLockedLectern' was not found)
[21:41:24] [Server thread/WARN] [mixin]: Error loading class: thefloydman/moremystcraft/block/BlockLockedBookstand (java.lang.ClassNotFoundException: The specified class 'thefloydman.moremystcraft.block.BlockLockedBookstand' was not found)
[21:41:24] [Server thread/WARN] [mixin]: Error loading class: buildcraft/lib/engine/BlockEngineBase_BC8 (java.lang.ClassNotFoundException: The specified class 'buildcraft.lib.engine.BlockEngineBase_BC8' was not found)
[21:41:24] [Server thread/WARN] [mixin]: Error loading class: buildcraft/factory/block/BlockDistiller (java.lang.ClassNotFoundException: The specified class 'buildcraft.factory.block.BlockDistiller' was not found)
[21:41:24] [Server thread/WARN] [mixin]: Error loading class: net/optifine/CustomItems (java.lang.ClassNotFoundException: The specified class 'net.optifine.CustomItems' was not found)
[21:41:24] [Server thread/WARN] [mixin]: @Mixin target net.optifine.CustomItems was not found mixins.optifinecitpatch.logspam.json:optifine.CustomItemsMixin_LogSpam
[21:41:24] [Server thread/INFO] [ASMUtil]: Transforming class com/tmtravlr/potioncore/PotionCoreEventHandler
[21:41:24] [Server thread/INFO] [ASMUtil]: Transforming class com/tmtravlr/potioncore/PotionCoreEventHandler
[21:41:24] [Server thread/WARN] [mixin]: Error loading class: net/optifine/CustomItems (java.lang.ClassNotFoundException: The specified class 'net.optifine.CustomItems' was not found)
[21:41:24] [Server thread/WARN] [mixin]: @Mixin target net.optifine.CustomItems was not found mixins.optifinecitpatch.firstenchant.json:optifine.CustomItemsMixin_OnlyFirstEnchant
[21:41:24] [Server thread/INFO] [ASMUtil]: Transforming class vazkii/quark/management/feature/LinkItems
[21:41:24] [Server thread/INFO] [ASMUtil]: Transforming class vazkii/quark/management/feature/LinkItems
[21:41:25] [Server thread/INFO] [FML]: Attempting connection with missing mods [minecraft, mcp, FML, forge, creativecoredummy, itemphysic, ivtoolkit, otgcore, foamfixcore, jsonpaintings, tnt_utilities_core, fermiumbooter, aarcaddon, adhooks, advanced-fishing, aireducer, alcatrazcore, amphitheremod, antiqueatlas, antiqueatlasautomarker, antiquecities, anvilpatch, aquaculture, armorunder, astikorcarts, attributefix, autoreglib, base, battletowers, baubles, baubleye, bedbreakbegone, mujmajnkraftsbettersurvival, bettercaves, bettermineshafts, betternether, betterquesting, bettertabs, biomesoplenty, bloodmoon, bnbgaminglib, boatdeletebegone, bounceable, bountifulbaubles, bountiful, bq_msi, bqtweaker, callablehorses, carrots, carryon, cd4017be_lib, champions, charm, chunkpregenerator, classyhats, collisiondamage, comforts, compatskills, contentcreator, contenttweaker, coralreef, corpsecomplex, craftablechainmail, crafttweaker, crafttweakerjei, crafttweakerutils, creativecore, ctintegration, defiledlands, cookingforblockheads, disenchanter, dldungeonsjbg, dregorarl, dsurround, dynamictrees, dynamictreesbop, dynamictreesdefiledlands, dynamictreesquark, dttraverse, eaglemixins, editableedibles, elenaidodge, enhancedvisuals, epicsiegemod, familiarfauna, fancymenu, fantasticlib, normalasm, fermiummixins, firstaid, mod_lavacow, fishingmadebetter, foamfix, foodexpansion, foodfix, forgeendertech, forgelin, forgottenitems, framevoidpatch, friendlyendermite, furnacexpstorage, fxcontrol, globalgamerules, grapplemod, helpfixer, iceandfire, ichunutil, incontrol, infernalmobs, inspirations, inventorytweaks, itlt, jei, jmt_mcmt, konkrete, lagbgonrevived, levelup2, librarianliblate, librarianlib, localizator, locks, loottweaker, lostcities, lycanitesmobs, mantle, materialtweaker, mcwbridges, testdummy, mobends, modtweaker, mtlib, multimine, noisethreader, notreepunching, nuclearcraft, openterraingenerator, optifinecitpatch, guilib, paintingselgui, phosphorcrashfix, pigstep, placebo, playerbosses, portaldupebegone, potioncore, potionfingers, qualitytools, quark, reachfix, realistictorches, reborncore, reccomplex, reskillable, artifacts, bettercombatmod, luckified, rlmixins, rltweaker, roguelike, roughtweaks, rustic, savemystronghold, scalinghealth, sereneseasons, setbonus, shieldbreak, silentlib, simpledifficulty, sit, snowrealmagic, somanyenchantments, spark, spartandefiled, spartanfire, spartanshields, spartanweaponry, spawnercontrol, srparasites, srpmixins, bq_standard, surge, switchbow, tnt_utilities, toolbelt, traverse, xat, trumpetskeleton, tschipplib, tumbleweed, underneath, variedcommodities, vcfix, dimstack, waystones, wearablebackpacks, wolfarmor, xpfromharvest, xpbook, yungslaw, orelib, phosphor-lighting, kiwi, llibrary] at CLIENT
[21:41:25] [Server thread/INFO] [FML]: Attempting connection with missing mods [minecraft, mcp, FML, forge, creativecoredummy, itemphysic, ivtoolkit, otgcore, foamfixcore, jsonpaintings, tnt_utilities_core, fermiumbooter, aarcaddon, adhooks, advanced-fishing, aireducer, alcatrazcore, amphitheremod, antiqueatlas, antiqueatlasautomarker, antiquecities, anvilpatch, aquaculture, armorunder, astikorcarts, attributefix, autoreglib, base, battletowers, baubles, baubleye, bedbreakbegone, mujmajnkraftsbettersurvival, bettercaves, bettermineshafts, betternether, betterquesting, bettertabs, biomesoplenty, bloodmoon, bnbgaminglib, boatdeletebegone, bounceable, bountifulbaubles, bountiful, bq_msi, bqtweaker, callablehorses, carrots, carryon, cd4017be_lib, champions, charm, chunkpregenerator, classyhats, collisiondamage, comforts, compatskills, contentcreator, contenttweaker, coralreef, corpsecomplex, craftablechainmail, crafttweaker, crafttweakerjei, crafttweakerutils, creativecore, ctintegration, defiledlands, cookingforblockheads, disenchanter, dldungeonsjbg, dregorarl, dsurround, dynamictrees, dynamictreesbop, dynamictreesdefiledlands, dynamictreesquark, dttraverse, eaglemixins, editableedibles, elenaidodge, enhancedvisuals, epicsiegemod, familiarfauna, fancymenu, fantasticlib, normalasm, fermiummixins, firstaid, mod_lavacow, fishingmadebetter, foamfix, foodexpansion, foodfix, forgeendertech, forgelin, forgottenitems, framevoidpatch, friendlyendermite, furnacexpstorage, fxcontrol, globalgamerules, grapplemod, helpfixer, iceandfire, ichunutil, incontrol, infernalmobs, inspirations, inventorytweaks, itlt, jei, jmt_mcmt, konkrete, lagbgonrevived, levelup2, librarianliblate, librarianlib, localizator, locks, loottweaker, lostcities, lycanitesmobs, mantle, materialtweaker, mcwbridges, testdummy, mobends, modtweaker, mtlib, multimine, noisethreader, notreepunching, nuclearcraft, openterraingenerator, optifinecitpatch, guilib, paintingselgui, phosphorcrashfix, pigstep, placebo, playerbosses, portaldupebegone, potioncore, potionfingers, qualitytools, quark, reachfix, realistictorches, reborncore, reccomplex, reskillable, artifacts, bettercombatmod, luckified, rlmixins, rltweaker, roguelike, roughtweaks, rustic, savemystronghold, scalinghealth, sereneseasons, setbonus, shieldbreak, silentlib, simpledifficulty, sit, snowrealmagic, somanyenchantments, spark, spartandefiled, spartanfire, spartanshields, spartanweaponry, spawnercontrol, srparasites, srpmixins, bq_standard, surge, switchbow, tnt_utilities, toolbelt, traverse, xat, trumpetskeleton, tschipplib, tumbleweed, underneath, variedcommodities, vcfix, dimstack, waystones, wearablebackpacks, wolfarmor, xpfromharvest, xpbook, yungslaw, orelib, phosphor-lighting, kiwi, llibrary] at SERVER
[21:41:25] [Server thread/INFO] [STDOUT]: [pl.asie.foamfix.coremod.FoamFixTransformer:spliceClasses:114]: Spliced in METHOD: net.minecraft.network.PacketBuffer.func_180714_a
[21:41:25] [Server thread/INFO] [ASMUtil]: Transforming class net/minecraftforge/fml/common/network/internal/FMLProxyPacket
[21:41:25] [Server thread/INFO] [ASMUtil]: Transforming method net/minecraftforge/fml/common/network/internal/FMLProxyPacket.func_148833_a(Lnet/minecraft/network/INetHandler;)V
[21:41:25] [Server thread/INFO] [STDOUT]: [pl.asie.foamfix.coremod.FoamFixTransformer:spliceClasses:114]: Spliced in METHOD: net.minecraft.client.renderer.block.model.ModelResourceLocation.<init>
[21:41:25] [Server thread/INFO] [STDOUT]: [pl.asie.patchy.helpers.ConstructorReplacingTransformer$FFMethodVisitor:visitTypeInsn:73]: Replaced NEW for net/minecraft/util/ClassInheritanceMultiMap to pl/asie/foamfix/coremod/common/FoamyClassInheritanceMultiMap
[21:41:25] [Server thread/INFO] [STDOUT]: [pl.asie.patchy.helpers.ConstructorReplacingTransformer$FFMethodVisitor:visitMethodInsn:85]: Replaced INVOKESPECIAL for net/minecraft/util/ClassInheritanceMultiMap to pl/asie/foamfix/coremod/common/FoamyClassInheritanceMultiMap
[21:41:25] [Server thread/WARN] [mixin]: Static binding violation: PRIVATE @Overwrite method func_76615_h in mixins.phosphor.json:common.MixinChunk cannot reduce visibiliy of PUBLIC target method, visibility will be upgraded.
[21:41:25] [Server thread/INFO] [ASMUtil]: Transforming class net/minecraftforge/fml/common/network/simpleimpl/SimpleChannelHandlerWrapper
[21:41:25] [Server thread/INFO] [ASMUtil]: Transforming method net/minecraftforge/fml/common/network/simpleimpl/SimpleChannelHandlerWrapper.channelRead0(Lio/netty/channel/ChannelHandlerContext;Lnet/minecraftforge/fml/common/network/simpleimpl/IMessage;)V
[21:41:25] [Server thread/INFO] [Meson ASM]: Transforming BrewingRecipeRegistry
[21:41:25] [Server thread/INFO] [Meson ASM]: Applying Transformation to method (Names [isValidInput, isValidInput, ] Descriptor (Lnet/minecraft/item/ItemStack;)Z / (Laip;)Z)
[21:41:25] [Server thread/INFO] [Meson ASM]: Located method, patching...
[21:41:25] [Server thread/INFO] [Meson ASM]: Located target IF_ICMPEQ L0
[21:41:25] [Server thread/INFO] [Meson ASM]: Patch result: true
[21:41:25] [Server thread/INFO] [Quark ASM]: Transforming net.minecraft.util.DamageSource
[21:41:25] [Server thread/INFO] [Quark ASM]: Applying Transformation to method (Names [causePlayerDamage, func_76365_a] Descriptor (Lnet/minecraft/entity/player/EntityPlayer;)Lnet/minecraft/util/DamageSource;)
[21:41:25] [Server thread/INFO] [Quark ASM]: Located Method, patching...
[21:41:25] [Server thread/INFO] [Quark ASM]: Patch result: true
[21:41:25] [Server thread/INFO] [Pulsar-inspirations]: Skipping Pulse ToughAsNailsPlugin; missing dependency: toughasnails
[21:41:25] [Server thread/INFO] [Pulsar-inspirations]: Skipping Pulse TheOneProbePlugin; missing dependency: theoneprobe
[21:41:25] [Server thread/INFO] [Pulsar-inspirations]: Skipping Pulse WailaPlugin; missing dependency: waila
[21:41:25] [Server thread/INFO] [Pulsar-inspirations]: Skipping Pulse LeatherWorks; missing dependency: leatherworks
[21:41:25] [Server thread/INFO] [Pulsar-inspirations]: Skipping Pulse RatsPlugin; missing dependency: rats
[21:41:25] [Server thread/INFO] [Pulsar-inspirations]: Skipping Pulse TwilightForestPlugin; missing dependency: twilightforest
[21:41:25] [Server thread/INFO] [ASMUtil]: Transforming class com/tmtravlr/potioncore/PotionCoreEventHandler
[21:41:25] [Server thread/INFO] [ASMUtil]: Transforming class com/tmtravlr/potioncore/PotionCoreEventHandler
[21:41:25] [Server thread/INFO] [ASMUtil]: Transforming class com/tmtravlr/potioncore/potion/PotionPotionSickness
[21:41:25] [Server thread/INFO] [ASMUtil]: Transforming class com/tmtravlr/potioncore/potion/PotionPotionSickness
[21:41:26] [Thread-2/INFO] [STDERR]: [crafttweaker.mc1120.CraftTweaker:lambda$onConstruction$1:107]: javax.net.ssl.SSLHandshakeException: Received fatal alert: handshake_failure
[21:41:26] [Thread-2/INFO] [STDERR]: [crafttweaker.mc1120.CraftTweaker:lambda$onConstruction$1:107]: 	at sun.security.ssl.Alert.createSSLException(Alert.java:131)
[21:41:26] [Thread-2/INFO] [STDERR]: [crafttweaker.mc1120.CraftTweaker:lambda$onConstruction$1:107]: 	at sun.security.ssl.Alert.createSSLException(Alert.java:117)
[21:41:26] [Thread-2/INFO] [STDERR]: [crafttweaker.mc1120.CraftTweaker:lambda$onConstruction$1:107]: 	at sun.security.ssl.TransportContext.fatal(TransportContext.java:364)
[21:41:26] [Thread-2/INFO] [STDERR]: [crafttweaker.mc1120.CraftTweaker:lambda$onConstruction$1:107]: 	at sun.security.ssl.Alert$AlertConsumer.consume(Alert.java:305)
[21:41:26] [Thread-2/INFO] [STDERR]: [crafttweaker.mc1120.CraftTweaker:lambda$onConstruction$1:107]: 	at sun.security.ssl.TransportContext.dispatch(TransportContext.java:203)
[21:41:26] [Thread-2/INFO] [STDERR]: [crafttweaker.mc1120.CraftTweaker:lambda$onConstruction$1:107]: 	at sun.security.ssl.SSLTransport.decode(SSLTransport.java:155)
[21:41:26] [Thread-2/INFO] [STDERR]: [crafttweaker.mc1120.CraftTweaker:lambda$onConstruction$1:107]: 	at sun.security.ssl.SSLSocketImpl.decode(SSLSocketImpl.java:1382)
[21:41:26] [Thread-2/INFO] [STDERR]: [crafttweaker.mc1120.CraftTweaker:lambda$onConstruction$1:107]: 	at sun.security.ssl.SSLSocketImpl.readHandshakeRecord(SSLSocketImpl.java:1295)
[21:41:26] [Thread-2/INFO] [STDERR]: [crafttweaker.mc1120.CraftTweaker:lambda$onConstruction$1:107]: 	at sun.security.ssl.SSLSocketImpl.startHandshake(SSLSocketImpl.java:417)
[21:41:26] [Thread-2/INFO] [STDERR]: [crafttweaker.mc1120.CraftTweaker:lambda$onConstruction$1:107]: 	at sun.security.ssl.SSLSocketImpl.startHandshake(SSLSocketImpl.java:389)
[21:41:26] [Thread-2/INFO] [STDERR]: [crafttweaker.mc1120.CraftTweaker:lambda$onConstruction$1:107]: 	at sun.net.www.protocol.https.HttpsClient.afterConnect(HttpsClient.java:567)
[21:41:26] [Thread-2/INFO] [STDERR]: [crafttweaker.mc1120.CraftTweaker:lambda$onConstruction$1:107]: 	at sun.net.www.protocol.https.AbstractDelegateHttpsURLConnection.connect(AbstractDelegateHttpsURLConnection.java:201)
[21:41:26] [Thread-2/INFO] [STDERR]: [crafttweaker.mc1120.CraftTweaker:lambda$onConstruction$1:107]: 	at sun.net.www.protocol.http.HttpURLConnection.getInputStream0(HttpURLConnection.java:1626)
[21:41:26] [Thread-2/INFO] [STDERR]: [crafttweaker.mc1120.CraftTweaker:lambda$onConstruction$1:107]: 	at sun.net.www.protocol.http.HttpURLConnection.getInputStream(HttpURLConnection.java:1554)
[21:41:26] [Thread-2/INFO] [STDERR]: [crafttweaker.mc1120.CraftTweaker:lambda$onConstruction$1:107]: 	at sun.net.www.protocol.https.HttpsURLConnectionImpl.getInputStream(HttpsURLConnectionImpl.java:268)
[21:41:26] [Thread-2/INFO] [STDERR]: [crafttweaker.mc1120.CraftTweaker:lambda$onConstruction$1:107]: 	at crafttweaker.mc1120.CraftTweaker.lambda$onConstruction$1(CraftTweaker.java:103)
[21:41:26] [Thread-2/INFO] [STDERR]: [crafttweaker.mc1120.CraftTweaker:lambda$onConstruction$1:107]: 	at java.lang.Thread.run(Thread.java:750)
[21:41:26] [Server thread/INFO] [TNTUtils Core]: About to patch obfuscated class amp (net.minecraft.world.Explosion)
[21:41:26] [Server thread/INFO] [TNTUtils Core]: Successfully injected into func_77279_a(Z)V
[21:41:26] [Server thread/ERROR] [FML]: The mod carryon is expecting signature fd21553434f4905f2f73ea7838147ac4ea07bd88 for source carryon-1.12.2-1.12.7.23.jar, however there is no signature matching that description
[21:41:26] [Server thread/INFO] [STDOUT]: [pl.asie.foamfix.coremod.patches.GhostBusterDefinitionPatch:apply:136]: Added ghost buster patch (radius = 4) in net/minecraftforge/fluids/BlockFluidClassic func_180650_b
[21:41:26] [Server thread/INFO] [de.keksuccino.konkrete.Konkrete]: [KONKRETE] Successfully initialized!
[21:41:26] [Server thread/INFO] [de.keksuccino.konkrete.Konkrete]: [KONKRETE] Server-side libs ready to use!
[21:41:26] [Server thread/INFO] [fancymenu/FancyMenu]: [FANCYMENU] Loading v2.14.9 in server-side mode!
[21:41:26] [Server thread/INFO] [ASMUtil]: Transforming class atomicstryker/infernalmobs/common/InfernalMobsCore
[21:41:26] [Server thread/INFO] [ASMUtil]: Transforming class atomicstryker/infernalmobs/common/InfernalMobsCore
[21:41:26] [Server thread/INFO] [ASMUtil]: Transforming class atomicstryker/infernalmobs/common/MobModifier
[21:41:26] [Server thread/INFO] [ASMUtil]: Transforming class atomicstryker/infernalmobs/common/MobModifier
[21:41:26] [Server thread/INFO] [ASMUtil]: Transforming class atomicstryker/infernalmobs/common/MobModifier
[21:41:26] [Server thread/INFO] [ASMUtil]: Transforming class atomicstryker/infernalmobs/common/MobModifier
[21:41:26] [Server thread/ERROR] [FML]: The mod inventorytweaks is expecting signature 55d2cd4f5f0961410bf7b91ef6c6bf00a766dcbe for source InventoryTweaks-1.64+dev.151.jar, however there is no signature matching that description
[21:41:27] [Server thread/INFO] [ASMUtil]: Transforming class atomicstryker/multimine/common/MultiMine
[21:41:27] [Server thread/INFO] [ASMUtil]: Transforming class atomicstryker/multimine/common/MultiMine
[21:41:27] [Server thread/ERROR] [FML]: The mod notreepunching is expecting signature 3c2d6be715971d1ed58a028cdb3fae72987fc934 for source notreepunching-2.0.21.jar, however there is no signature matching that description
[21:41:27] [Server thread/ERROR] [FML]: The mod reborncore is expecting signature 8727a3141c8ec7f173b87aa78b9b9807867c4e6b for source RebornCore-1.12.2-3.19.5-universal.jar, however there is no signature matching that description
[21:41:27] [Server thread/ERROR] [reborncore]: Invalid fingerprint detected for RebornCore!
[21:41:27] [Server thread/INFO] [STDOUT]: [com.pg85.otg.forge.asm.excluded.OTGClassTransformer:transform:91]: OTG-Core transforming: net.minecraftforge.common.DimensionManager : net/minecraftforge/common/DimensionManager
[21:41:27] [Server thread/INFO] [FML]: Processing ObjectHolder annotations
[21:41:28] [Server thread/INFO] [FML]: Found 2292 ObjectHolder annotations
[21:41:28] [Server thread/INFO] [FML]: Identifying ItemStackHolder annotations
[21:41:28] [Server thread/INFO] [FML]: Found 17 ItemStackHolder annotations
[21:41:28] [Server thread/INFO] [FML]: Configured a dormant chunk cache size of 8
[21:41:28] [Server thread/INFO] [Meson ASM]: Transforming StructureStart
[21:41:28] [Server thread/INFO] [Meson ASM]: Applying Transformation to method (Names [generateStructure, func_75068_a, a] Descriptor (Lnet/minecraft/world/World;Ljava/util/Random;Lnet/minecraft/world/gen/structure/StructureBoundingBox;)V / (Lamu;Ljava/util/Random;Lbbg;)V)
[21:41:28] [Server thread/INFO] [Meson ASM]: Located method, patching...
[21:41:28] [Server thread/INFO] [Meson ASM]: Located target INVOKEVIRTUAL bbx.a (Lamu;Ljava/util/Random;Lbbg;)Z
[21:41:28] [Server thread/INFO] [Meson ASM]: Patch result: true
[21:41:28] [Server thread/INFO] [Meson ASM]: Transforming StructureVillagePieces$Village
[21:41:28] [Server thread/INFO] [Meson ASM]: Applying Transformation to method (Names [biomeDoor, func_189925_i, i] Descriptor ()Lnet/minecraft/block/BlockDoor; / ()Laqa;)
[21:41:28] [Server thread/INFO] [Meson ASM]: Located method, patching...
[21:41:28] [Server thread/INFO] [Meson ASM]: Located target ALOAD 0
[21:41:28] [Server thread/INFO] [Meson ASM]: Patch result: true
[21:41:28] [Server thread/INFO] [ASMUtil]: Transforming class net/minecraft/world/storage/loot/functions/EnchantRandomly
[21:41:28] [Server thread/INFO] [ASMUtil]: Transforming class net/minecraft/world/storage/loot/functions/EnchantRandomly
[21:41:28] [Server thread/INFO] [AUW]: Starting[B] DS...
[21:41:28] [Server thread/INFO] [ASMUtil]: Transforming class crafttweaker/mc1120/entity/MCEntity
[21:41:28] [Server thread/INFO] [ASMUtil]: Transforming class crafttweaker/mc1120/entity/MCEntity
[21:41:28] [Server thread/ERROR] [Crafttweaker]: Catching
java.lang.ClassNotFoundException: surreal.contentcreator.client.MCTextureMap
	at net.minecraft.launchwrapper.LaunchClassLoader.findClass(LaunchClassLoader.java:191) ~[launchwrapper-1.12.jar:?]
	at java.lang.ClassLoader.loadClass(ClassLoader.java:418) ~[?:1.8.0_503]
	at java.lang.ClassLoader.loadClass(ClassLoader.java:351) ~[?:1.8.0_503]
	at java.lang.Class.forName0(Native Method) ~[?:1.8.0_503]
	at java.lang.Class.forName(Class.java:351) ~[?:1.8.0_503]
	at crafttweaker.mc1120.CraftTweaker.lambda$onPreInitialization$2(CraftTweaker.java:137) ~[CraftTweaker.class:?]
	at java.lang.Iterable.forEach(Iterable.java:75) [?:1.8.0_503]
	at crafttweaker.mc1120.CraftTweaker.onPreInitialization(CraftTweaker.java:135) [CraftTweaker.class:?]
	at sun.reflect.NativeMethodAccessorImpl.invoke0(Native Method) ~[?:1.8.0_503]
	at sun.reflect.NativeMethodAccessorImpl.invoke(NativeMethodAccessorImpl.java:62) ~[?:1.8.0_503]
	at sun.reflect.DelegatingMethodAccessorImpl.invoke(DelegatingMethodAccessorImpl.java:43) ~[?:1.8.0_503]
	at java.lang.reflect.Method.invoke(Method.java:498) ~[?:1.8.0_503]
	at net.minecraftforge.fml.common.FMLModContainer.handleModStateEvent(FMLModContainer.java:637) [FMLModContainer.class:?]
	at sun.reflect.GeneratedMethodAccessor15.invoke(Unknown Source) ~[?:?]
	at sun.reflect.DelegatingMethodAccessorImpl.invoke(DelegatingMethodAccessorImpl.java:43) ~[?:1.8.0_503]
	at java.lang.reflect.Method.invoke(Method.java:498) ~[?:1.8.0_503]
	at com.google.common.eventbus.Subscriber.invokeSubscriberMethod(Subscriber.java:91) [minecraft_server.1.12.2.jar:?]
	at com.google.common.eventbus.Subscriber$SynchronizedSubscriber.invokeSubscriberMethod(Subscriber.java:150) [minecraft_server.1.12.2.jar:?]
	at com.google.common.eventbus.Subscriber$1.run(Subscriber.java:76) [minecraft_server.1.12.2.jar:?]
	at com.google.common.util.concurrent.MoreExecutors$DirectExecutor.execute(MoreExecutors.java:399) [minecraft_server.1.12.2.jar:?]
	at com.google.common.eventbus.Subscriber.dispatchEvent(Subscriber.java:71) [minecraft_server.1.12.2.jar:?]
	at com.google.common.eventbus.Dispatcher$PerThreadQueuedDispatcher.dispatch(Dispatcher.java:116) [minecraft_server.1.12.2.jar:?]
	at com.google.common.eventbus.EventBus.post(EventBus.java:217) [minecraft_server.1.12.2.jar:?]
	at net.minecraftforge.fml.common.LoadController.sendEventToModContainer(LoadController.java:219) [LoadController.class:?]
	at net.minecraftforge.fml.common.LoadController.propogateStateMessage(LoadController.java:197) [LoadController.class:?]
	at sun.reflect.NativeMethodAccessorImpl.invoke0(Native Method) ~[?:1.8.0_503]
	at sun.reflect.NativeMethodAccessorImpl.invoke(NativeMethodAccessorImpl.java:62) ~[?:1.8.0_503]
	at sun.reflect.DelegatingMethodAccessorImpl.invoke(DelegatingMethodAccessorImpl.java:43) ~[?:1.8.0_503]
	at java.lang.reflect.Method.invoke(Method.java:498) ~[?:1.8.0_503]
	at com.google.common.eventbus.Subscriber.invokeSubscriberMethod(Subscriber.java:91) [minecraft_server.1.12.2.jar:?]
	at com.google.common.eventbus.Subscriber$SynchronizedSubscriber.invokeSubscriberMethod(Subscriber.java:150) [minecraft_server.1.12.2.jar:?]
	at com.google.common.eventbus.Subscriber$1.run(Subscriber.java:76) [minecraft_server.1.12.2.jar:?]
	at com.google.common.util.concurrent.MoreExecutors$DirectExecutor.execute(MoreExecutors.java:399) [minecraft_server.1.12.2.jar:?]
	at com.google.common.eventbus.Subscriber.dispatchEvent(Subscriber.java:71) [minecraft_server.1.12.2.jar:?]
	at com.google.common.eventbus.Dispatcher$PerThreadQueuedDispatcher.dispatch(Dispatcher.java:116) [minecraft_server.1.12.2.jar:?]
	at com.google.common.eventbus.EventBus.post(EventBus.java:217) [minecraft_server.1.12.2.jar:?]
	at net.minecraftforge.fml.common.LoadController.distributeStateMessage(LoadController.java:136) [LoadController.class:?]
	at net.minecraftforge.fml.common.Loader.preinitializeMods(Loader.java:629) [Loader.class:?]
	at net.minecraftforge.fml.server.FMLServerHandler.beginServerLoading(FMLServerHandler.java:99) [FMLServerHandler.class:?]
	at net.minecraftforge.fml.common.FMLCommonHandler.onServerStart(FMLCommonHandler.java:333) [FMLCommonHandler.class:?]
	at net.minecraft.server.dedicated.DedicatedServer.init(DedicatedServer.java:125) [nz.class:?]
	at net.minecraft.server.MinecraftServer.run(MinecraftServer.java:486) [MinecraftServer.class:?]
	at java.lang.Thread.run(Thread.java:750) [?:1.8.0_503]
Caused by: net.minecraftforge.fml.common.asm.ASMTransformerWrapper$TransformerException: Exception in class transformer net.minecraftforge.fml.common.asm.transformers.SideTransformer@20440c6c from coremod FMLCorePlugin
	at net.minecraftforge.fml.common.asm.ASMTransformerWrapper$TransformerWrapper.transform(ASMTransformerWrapper.java:260) ~[server.jar:?]
	at net.minecraft.launchwrapper.LaunchClassLoader.runTransformers(LaunchClassLoader.java:279) ~[launchwrapper-1.12.jar:?]
	at net.minecraft.launchwrapper.LaunchClassLoader.findClass(LaunchClassLoader.java:176) ~[launchwrapper-1.12.jar:?]
	... 42 more
Caused by: java.lang.RuntimeException: Attempted to load class surreal/contentcreator/client/MCTextureMap for invalid side SERVER
	at net.minecraftforge.fml.common.asm.transformers.SideTransformer.transform(SideTransformer.java:62) ~[server.jar:?]
	at net.minecraftforge.fml.common.asm.ASMTransformerWrapper$TransformerWrapper.transform(ASMTransformerWrapper.java:256) ~[server.jar:?]
	at net.minecraft.launchwrapper.LaunchClassLoader.runTransformers(LaunchClassLoader.java:279) ~[launchwrapper-1.12.jar:?]
	at net.minecraft.launchwrapper.LaunchClassLoader.findClass(LaunchClassLoader.java:176) ~[launchwrapper-1.12.jar:?]
	... 42 more
[21:41:29] [Server thread/INFO] [ASMUtil]: Transforming class vazkii/quark/management/feature/LinkItems
[21:41:29] [Server thread/INFO] [ASMUtil]: Transforming class vazkii/quark/management/feature/LinkItems
[21:41:29] [Server thread/INFO] [Quark]: 'Greener grass' is forcefully disabled as it's incompatible with the following loaded mods: [sereneseasons]
[21:41:29] [Server thread/INFO] [Quark]: 'Automatic tool restock' is forcefully disabled as it's incompatible with the following loaded mods: [inventorytweaks]
[21:41:29] [Server thread/INFO] [Quark]: 'Inventory sorting' is forcefully disabled as it's incompatible with the following loaded mods: [inventorytweaks]
[21:41:29] [Server thread/INFO] [Quark]: 'Better vanilla flower pot' is forcefully disabled as it's incompatible with the following loaded mods: [inspirations]
[21:41:29] [Server thread/INFO] [Quark]: Module world is enabled
[21:41:29] [Server thread/INFO] [Quark]: Module client is enabled
[21:41:29] [Server thread/INFO] [Quark]: Module vanity is enabled
[21:41:29] [Server thread/INFO] [Quark]: Module management is enabled
[21:41:29] [Server thread/INFO] [Quark]: Module decoration is enabled
[21:41:29] [Server thread/INFO] [Quark]: Module building is enabled
[21:41:29] [Server thread/INFO] [Quark]: Module automation is enabled
[21:41:29] [Server thread/INFO] [Quark]: Module misc is enabled
[21:41:29] [Server thread/INFO] [Quark]: Module experimental is disabled
[21:41:29] [Server thread/INFO] [Quark]: Module tweaks is enabled
[21:41:29] [Server thread/INFO] [STDOUT]: [pl.asie.foamfix.coremod.FoamFixTransformer:spliceClasses:114]: Spliced in METHOD: net.minecraftforge.common.property.ExtendedBlockState.createState
[21:41:29] [Server thread/INFO] [STDOUT]: [pl.asie.foamfix.coremod.FoamFixTransformer:spliceClasses:165]: Added FIELD: net.minecraftforge.common.property.ExtendedBlockState.foamfix_mapper
[21:41:29] [Server thread/INFO] [base]: Module Tool has successfully loaded
[21:41:29] [Server thread/INFO] [Ice And Fire]: A raven flies from the north to the sea
[21:41:29] [Server thread/INFO] [Ice And Fire]: A dragon whispers her name in the east
[21:41:29] [Server thread/INFO] [ASMUtil]: Transforming class com/tmtravlr/potioncore/potion/PotionCure
[21:41:29] [Server thread/INFO] [ASMUtil]: Transforming class com/tmtravlr/potioncore/potion/PotionCure
[21:41:29] [Server thread/INFO] [ASMUtil]: Transforming class com/tmtravlr/potioncore/potion/PotionVulnerable
[21:41:29] [Server thread/INFO] [ASMUtil]: Transforming class com/tmtravlr/potioncore/potion/PotionVulnerable
[21:41:29] [Server thread/INFO] [ASMUtil]: Transforming class com/tmtravlr/potioncore/PotionCoreEffects
[21:41:29] [Server thread/INFO] [ASMUtil]: Transforming class com/tmtravlr/potioncore/PotionCoreEffects
[21:41:29] [Server thread/INFO] [ASMUtil]: Transforming class paulevs/betternether/blocks/BlockChestOfDrawers
[21:41:29] [Server thread/INFO] [ASMUtil]: Transforming class paulevs/betternether/blocks/BlockChestOfDrawers
[21:41:29] [Server thread/INFO] [STDOUT]: [com.lycanitesmobs.LycanitesMobs:logInfo:278]: [LycanitesMobs] [Info] [] Config version created successfully.
[21:41:29] [Server thread/INFO] [STDOUT]: [com.lycanitesmobs.LycanitesMobs:logInfo:278]: [LycanitesMobs] [Info] [] Config general created successfully.
[21:41:30] [Server thread/INFO] [STDOUT]: [com.lycanitesmobs.LycanitesMobs:logInfo:278]: [LycanitesMobs] [Info] [] Config itemlists created successfully.
[21:41:30] [Server thread/INFO] [STDOUT]: [com.lycanitesmobs.LycanitesMobs:logDebug:290]: [LycanitesMobs] [Debug] [] Loading item pale_soup from JSON...
[21:41:30] [Server thread/INFO] [STDOUT]: [com.lycanitesmobs.LycanitesMobs:logDebug:290]: [LycanitesMobs] [Debug] [] Loading item cooked_arisaur_meat from JSON...
[21:41:30] [Server thread/INFO] [STDOUT]: [com.lycanitesmobs.LycanitesMobs:logDebug:290]: [LycanitesMobs] [Debug] [] Loading item cooked_yale_meat from JSON...
[21:41:30] [Server thread/INFO] [STDOUT]: [com.lycanitesmobs.LycanitesMobs:logDebug:290]: [LycanitesMobs] [Debug] [] Loading item cooked_silex_meat from JSON...
[21:41:30] [Server thread/INFO] [STDOUT]: [com.lycanitesmobs.LycanitesMobs:logDebug:290]: [LycanitesMobs] [Debug] [] Loading item explorers_risotto from JSON...
[21:41:30] [Server thread/INFO] [STDOUT]: [com.lycanitesmobs.LycanitesMobs:logDebug:290]: [LycanitesMobs] [Debug] [] Loading item raw_silex_meat from JSON...
[21:41:30] [Server thread/INFO] [STDOUT]: [com.lycanitesmobs.LycanitesMobs:logDebug:290]: [LycanitesMobs] [Debug] [] Loading item searing_taco from JSON...
[21:41:30] [Server thread/INFO] [STDOUT]: [com.lycanitesmobs.LycanitesMobs:logDebug:290]: [LycanitesMobs] [Debug] [] Loading item raw_pinky_meat from JSON...
[21:41:30] [Server thread/INFO] [STDOUT]: [com.lycanitesmobs.LycanitesMobs:logDebug:290]: [LycanitesMobs] [Debug] [] Loading item raw_bobeko_meat from JSON...
[21:41:30] [Server thread/INFO] [STDOUT]: [com.lycanitesmobs.LycanitesMobs:logDebug:290]: [LycanitesMobs] [Debug] [] Loading item cooked_pinky_meat from JSON...
[21:41:30] [Server thread/INFO] [STDOUT]: [com.lycanitesmobs.LycanitesMobs:logDebug:290]: [LycanitesMobs] [Debug] [] Loading item cooked_ika_meat from JSON...
[21:41:30] [Server thread/INFO] [STDOUT]: [com.lycanitesmobs.LycanitesMobs:logDebug:290]: [LycanitesMobs] [Debug] [] Loading item paleo_salad from JSON...
[21:41:30] [Server thread/INFO] [STDOUT]: [com.lycanitesmobs.LycanitesMobs:logDebug:290]: [LycanitesMobs] [Debug] [] Loading item cooked_chupacabra_meat from JSON...
[21:41:30] [Server thread/INFO] [STDOUT]: [com.lycanitesmobs.LycanitesMobs:logDebug:290]: [LycanitesMobs] [Debug] [] Loading item tropical_curry from JSON...
[21:41:30] [Server thread/INFO] [STDOUT]: [com.lycanitesmobs.LycanitesMobs:logDebug:290]: [LycanitesMobs] [Debug] [] Loading item cooked_cephignis_meat from JSON...
[21:41:30] [Server thread/INFO] [STDOUT]: [com.lycanitesmobs.LycanitesMobs:logDebug:290]: [LycanitesMobs] [Debug] [] Loading item raw_ika_meat from JSON...
[21:41:30] [Server thread/INFO] [STDOUT]: [com.lycanitesmobs.LycanitesMobs:logDebug:290]: [LycanitesMobs] [Debug] [] Loading item devil_lasagna from JSON...
[21:41:30] [Server thread/INFO] [STDOUT]: [com.lycanitesmobs.LycanitesMobs:logDebug:290]: [LycanitesMobs] [Debug] [] Loading item raw_chupacabra_meat from JSON...
[21:41:30] [Server thread/INFO] [STDOUT]: [com.lycanitesmobs.LycanitesMobs:logDebug:290]: [LycanitesMobs] [Debug] [] Loading item battle_burrito from JSON...
[21:41:30] [Server thread/INFO] [STDOUT]: [com.lycanitesmobs.LycanitesMobs:logDebug:290]: [LycanitesMobs] [Debug] [] Loading item raw_aspid_meat from JSON...
[21:41:30] [Server thread/INFO] [STDOUT]: [com.lycanitesmobs.LycanitesMobs:logDebug:290]: [LycanitesMobs] [Debug] [] Loading item cooked_aspid_meat from JSON...
[21:41:30] [Server thread/INFO] [STDOUT]: [com.lycanitesmobs.LycanitesMobs:logDebug:290]: [LycanitesMobs] [Debug] [] Loading item blood_chili from JSON...
[21:41:30] [Server thread/INFO] [STDOUT]: [com.lycanitesmobs.LycanitesMobs:logDebug:290]: [LycanitesMobs] [Debug] [] Loading item bulwark_burger from JSON...
[21:41:30] [Server thread/INFO] [STDOUT]: [com.lycanitesmobs.LycanitesMobs:logDebug:290]: [LycanitesMobs] [Debug] [] Loading item cooked_maka_meat from JSON...
[21:41:30] [Server thread/INFO] [STDOUT]: [com.lycanitesmobs.LycanitesMobs:logDebug:290]: [LycanitesMobs] [Debug] [] Loading item seashell_maki from JSON...
[21:41:30] [Server thread/INFO] [STDOUT]: [com.lycanitesmobs.LycanitesMobs:logDebug:290]: [LycanitesMobs] [Debug] [] Loading item amber_cake from JSON...
[21:41:30] [Server thread/INFO] [STDOUT]: [com.lycanitesmobs.LycanitesMobs:logDebug:290]: [LycanitesMobs] [Debug] [] Loading item raw_arisaur_meat from JSON...
[21:41:30] [Server thread/INFO] [STDOUT]: [com.lycanitesmobs.LycanitesMobs:logDebug:290]: [LycanitesMobs] [Debug] [] Loading item cooked_concapede_meat from JSON...
[21:41:30] [Server thread/INFO] [STDOUT]: [com.lycanitesmobs.LycanitesMobs:logDebug:290]: [LycanitesMobs] [Debug] [] Loading item lapis_fish_and_chips from JSON...
[21:41:30] [Server thread/INFO] [STDOUT]: [com.lycanitesmobs.LycanitesMobs:logDebug:290]: [LycanitesMobs] [Debug] [] Loading item caecilian_ramen from JSON...
[21:41:30] [Server thread/INFO] [STDOUT]: [com.lycanitesmobs.LycanitesMobs:logDebug:290]: [LycanitesMobs] [Debug] [] Loading item raw_concapede_meat from JSON...
[21:41:30] [Server thread/INFO] [STDOUT]: [com.lycanitesmobs.LycanitesMobs:logDebug:290]: [LycanitesMobs] [Debug] [] Loading item peaks_kebab from JSON...
[21:41:30] [Server thread/INFO] [STDOUT]: [com.lycanitesmobs.LycanitesMobs:logDebug:290]: [LycanitesMobs] [Debug] [] Loading item cooked_krake_meat from JSON...
[21:41:30] [Server thread/INFO] [STDOUT]: [com.lycanitesmobs.LycanitesMobs:logDebug:290]: [LycanitesMobs] [Debug] [] Loading item cooked_joust_meat from JSON...
[21:41:30] [Server thread/INFO] [STDOUT]: [com.lycanitesmobs.LycanitesMobs:logDebug:290]: [LycanitesMobs] [Debug] [] Loading item raw_maka_meat from JSON...
[21:41:30] [Server thread/INFO] [STDOUT]: [com.lycanitesmobs.LycanitesMobs:logDebug:290]: [LycanitesMobs] [Debug] [] Loading item raw_krake_meat from JSON...
[21:41:30] [Server thread/INFO] [STDOUT]: [com.lycanitesmobs.LycanitesMobs:logDebug:290]: [LycanitesMobs] [Debug] [] Loading item raw_joust_meat from JSON...
[21:41:30] [Server thread/INFO] [STDOUT]: [com.lycanitesmobs.LycanitesMobs:logDebug:290]: [LycanitesMobs] [Debug] [] Loading item raw_yale_meat from JSON...
[21:41:30] [Server thread/INFO] [STDOUT]: [com.lycanitesmobs.LycanitesMobs:logDebug:290]: [LycanitesMobs] [Debug] [] Loading item moss_pie from JSON...
[21:41:30] [Server thread/INFO] [STDOUT]: [com.lycanitesmobs.LycanitesMobs:logDebug:290]: [LycanitesMobs] [Debug] [] Loading item cooked_bobeko_meat from JSON...
[21:41:30] [Server thread/INFO] [FML]: Ignored smelting recipe with conflicting input: 1xtile.air@32767 = 6xitem.sugar@0
[21:41:30] [Server thread/INFO] [STDOUT]: [com.lycanitesmobs.LycanitesMobs:logInfo:278]: [LycanitesMobs] [Info] [] Config spawning created successfully.
[21:41:30] [Server thread/WARN] [net.minecraft.network.datasync.EntityDataManager]: defineId called for: class com.lycanitesmobs.core.entity.BaseCreatureEntity from class com.lycanitesmobs.core.entity.AgeableCreatureEntity
[21:41:30] [Server thread/WARN] [net.minecraft.network.datasync.EntityDataManager]: defineId called for: class com.lycanitesmobs.core.entity.BaseCreatureEntity from class com.lycanitesmobs.core.entity.AgeableCreatureEntity
[21:41:30] [Server thread/WARN] [net.minecraft.network.datasync.EntityDataManager]: defineId called for: class com.lycanitesmobs.core.entity.BaseCreatureEntity from class com.lycanitesmobs.core.entity.TameableCreatureEntity
[21:41:30] [Server thread/WARN] [net.minecraft.network.datasync.EntityDataManager]: defineId called for: class com.lycanitesmobs.core.entity.BaseCreatureEntity from class com.lycanitesmobs.core.entity.TameableCreatureEntity
[21:41:30] [Server thread/WARN] [net.minecraft.network.datasync.EntityDataManager]: defineId called for: class com.lycanitesmobs.core.entity.BaseCreatureEntity from class com.lycanitesmobs.core.entity.TameableCreatureEntity
[21:41:30] [Server thread/WARN] [net.minecraft.network.datasync.EntityDataManager]: defineId called for: class com.lycanitesmobs.core.entity.BaseCreatureEntity from class com.lycanitesmobs.core.entity.TameableCreatureEntity
[21:41:30] [Server thread/INFO] [STDOUT]: [com.lycanitesmobs.LycanitesMobs:logDebug:290]: [LycanitesMobs] [Debug] [] Loading 98 JSON Spawners...
[21:41:30] [Server thread/INFO] [STDOUT]: [com.lycanitesmobs.LycanitesMobs:logDebug:290]: [LycanitesMobs] [Debug] [] Complete! 98 JSON Spawners Loaded In Total.
[21:41:30] [Server thread/INFO] [STDOUT]: [com.lycanitesmobs.LycanitesMobs:logInfo:278]: [LycanitesMobs] [Info] [] Config mobevents created successfully.
[21:41:30] [Server thread/INFO] [STDOUT]: [com.lycanitesmobs.LycanitesMobs:logInfo:278]: [LycanitesMobs] [Info] [] Config worldgen created successfully.
[21:41:30] [Server thread/INFO] [STDOUT]: [com.lycanitesmobs.LycanitesMobs:logDebug:290]: [LycanitesMobs] [Debug] [] Loading 8 JSON Dungeon Themes...
[21:41:30] [Server thread/INFO] [STDOUT]: [com.lycanitesmobs.LycanitesMobs:logDebug:290]: [LycanitesMobs] [Debug] [] Complete! 8 JSON Dungeon Themes Loaded In Total.
[21:41:30] [Server thread/INFO] [STDOUT]: [com.lycanitesmobs.LycanitesMobs:logDebug:290]: [LycanitesMobs] [Debug] [] Loading 1 JSON Dungeon Structures...
[21:41:30] [Server thread/INFO] [STDOUT]: [com.lycanitesmobs.LycanitesMobs:logDebug:290]: [LycanitesMobs] [Debug] [] Complete! 1 JSON Dungeon Structures Loaded In Total.
[21:41:30] [Server thread/INFO] [STDOUT]: [com.lycanitesmobs.LycanitesMobs:logDebug:290]: [LycanitesMobs] [Debug] [] Loading 14 JSON Dungeon Sectors...
[21:41:30] [Server thread/INFO] [STDOUT]: [com.lycanitesmobs.LycanitesMobs:logDebug:290]: [LycanitesMobs] [Debug] [] Complete! 14 JSON Dungeon Sectors Loaded In Total.
[21:41:30] [Server thread/INFO] [STDOUT]: [com.lycanitesmobs.LycanitesMobs:logDebug:290]: [LycanitesMobs] [Debug] [] Loading 9 JSON Dungeon Schematics...
[21:41:30] [Server thread/INFO] [STDOUT]: [com.lycanitesmobs.LycanitesMobs:logDebug:290]: [LycanitesMobs] [Debug] [] Complete! 9 JSON Dungeon Schematics Loaded In Total.
[21:41:31] [Server thread/WARN] [biomesoplenty]: There was an issue retrieving trail info from remote!
[21:41:31] [Server thread/INFO] [STDOUT]: [pl.asie.foamfix.coremod.patches.GhostBusterDefinitionPatch:apply:136]: Added ghost buster patch (radius = 3) in biomesoplenty/common/block/BlockBOPGrass spreadGrass
[21:41:31] [Server thread/INFO] [STDOUT]: [pl.asie.foamfix.coremod.patches.GhostBusterDefinitionPatch:apply:136]: Added ghost buster patch (radius = 1) in net/minecraftforge/fluids/BlockFluidFinite func_180650_b
[21:41:31] [Server thread/INFO] [biomesoplenty]: gravel_beach.json: Detected config file 
[21:41:31] [Server thread/INFO] [biomesoplenty]: gravel_beach.json: You can't set a property to its default value, only changed properties can be included in config files. 
 Property: topBlock, Value: minecraft:gravel
[21:41:31] [Server thread/INFO] [biomesoplenty]: gravel_beach.json: You can't set a property to its default value, only changed properties can be included in config files. 
 Property: fillerBlock, Value: minecraft:gravel
[21:41:31] [Server thread/INFO] [biomesoplenty]: gravel_beach.json: You can't set a property to its default value, only changed properties can be included in config files. 
 Property: skyColor, Value: -1
[21:41:31] [Server thread/INFO] [biomesoplenty]: gravel_beach.json: You can't set a property to its default value, only changed properties can be included in config files. 
 Property: fogColor, Value: -1
[21:41:31] [Server thread/INFO] [biomesoplenty]: gravel_beach.json: You can't set a property to its default value, only changed properties can be included in config files. 
 Property: fogDensity, Value: 1.0
[21:41:31] [Server thread/INFO] [biomesoplenty]: gravel_beach.json: You can't set a property to its default value, only changed properties can be included in config files. 
 Property: hasBiomeEssence, Value: false
[21:41:31] [Server thread/INFO] [biomesoplenty]: gravel_beach.json: You can't set a property to its default value, only changed properties can be included in config files. 
 Property: seaFloorBlock, Value: minecraft:dirt[snowy=false,variant=dirt]
[21:41:31] [Server thread/INFO] [biomesoplenty]: gravel_beach.json: You can't set a property to its default value, only changed properties can be included in config files. 
 Property: averageHeight, Value: 64.0
[21:41:31] [Server thread/INFO] [biomesoplenty]: gravel_beach.json: You can't set a property to its default value, only changed properties can be included in config files. 
 Property: variationBelow, Value: 3.0
[21:41:31] [Server thread/INFO] [biomesoplenty]: gravel_beach.json: You can't set a property to its default value, only changed properties can be included in config files. 
 Property: variationAbove, Value: 4.0
[21:41:31] [Server thread/INFO] [biomesoplenty]: gravel_beach.json: You can't set a property to its default value, only changed properties can be included in config files. 
 Property: canSpawnInBiome, Value: false
[21:41:31] [Server thread/INFO] [biomesoplenty]: gravel_beach.json: You can't set a property to its default value, only changed properties can be included in config files. 
 Property: canGenerateVillages, Value: false
[21:41:31] [Server thread/INFO] [biomesoplenty]: gravel_beach.json: You can't set a property to its default value, only changed properties can be included in config files. 
 Property: canGenerateRivers, Value: true
[21:41:31] [Server thread/INFO] [biomesoplenty]: gravel_beach.json: You can't set a property to its default value, only changed properties can be included in config files. 
 Property: beachBiomeLocation, Value: minecraft:beaches
[21:41:31] [Server thread/INFO] [biomesoplenty]: white_beach.json: Detected config file 
[21:41:31] [Server thread/INFO] [biomesoplenty]: white_beach.json: You can't set a property to its default value, only changed properties can be included in config files. 
 Property: topBlock, Value: biomesoplenty:white_sand
[21:41:31] [Server thread/INFO] [biomesoplenty]: white_beach.json: You can't set a property to its default value, only changed properties can be included in config files. 
 Property: fillerBlock, Value: biomesoplenty:white_sand
[21:41:31] [Server thread/INFO] [biomesoplenty]: white_beach.json: You can't set a property to its default value, only changed properties can be included in config files. 
 Property: skyColor, Value: 507391
[21:41:31] [Server thread/INFO] [biomesoplenty]: white_beach.json: You can't set a property to its default value, only changed properties can be included in config files. 
 Property: fogColor, Value: 11925759
[21:41:31] [Server thread/INFO] [biomesoplenty]: white_beach.json: You can't set a property to its default value, only changed properties can be included in config files. 
 Property: fogDensity, Value: 1.0
[21:41:31] [Server thread/INFO] [biomesoplenty]: white_beach.json: You can't set a property to its default value, only changed properties can be included in config files. 
 Property: hasBiomeEssence, Value: false
[21:41:31] [Server thread/INFO] [biomesoplenty]: white_beach.json: You can't set a property to its default value, only changed properties can be included in config files. 
 Property: seaFloorBlock, Value: minecraft:dirt[snowy=false,variant=dirt]
[21:41:31] [Server thread/INFO] [biomesoplenty]: white_beach.json: You can't set a property to its default value, only changed properties can be included in config files. 
 Property: averageHeight, Value: 64.0
[21:41:31] [Server thread/INFO] [biomesoplenty]: white_beach.json: You can't set a property to its default value, only changed properties can be included in config files. 
 Property: variationBelow, Value: 1.0
[21:41:31] [Server thread/INFO] [biomesoplenty]: white_beach.json: You can't set a property to its default value, only changed properties can be included in config files. 
 Property: variationAbove, Value: 1.0
[21:41:31] [Server thread/INFO] [biomesoplenty]: white_beach.json: You can't set a property to its default value, only changed properties can be included in config files. 
 Property: canSpawnInBiome, Value: false
[21:41:31] [Server thread/INFO] [biomesoplenty]: white_beach.json: You can't set a property to its default value, only changed properties can be included in config files. 
 Property: canGenerateVillages, Value: false
[21:41:31] [Server thread/INFO] [biomesoplenty]: white_beach.json: You can't set a property to its default value, only changed properties can be included in config files. 
 Property: canGenerateRivers, Value: true
[21:41:31] [Server thread/INFO] [biomesoplenty]: white_beach.json: You can't set a property to its default value, only changed properties can be included in config files. 
 Property: beachBiomeLocation, Value: minecraft:beaches
[21:41:31] [Server thread/INFO] [biomesoplenty]: origin_beach.json: Detected config file 
[21:41:31] [Server thread/INFO] [biomesoplenty]: origin_beach.json: You can't set a property to its default value, only changed properties can be included in config files. 
 Property: topBlock, Value: minecraft:sand[variant=sand]
[21:41:31] [Server thread/INFO] [biomesoplenty]: origin_beach.json: You can't set a property to its default value, only changed properties can be included in config files. 
 Property: fillerBlock, Value: minecraft:sand[variant=sand]
[21:41:31] [Server thread/INFO] [biomesoplenty]: origin_beach.json: You can't set a property to its default value, only changed properties can be included in config files. 
 Property: skyColor, Value: 8441086
[21:41:31] [Server thread/INFO] [biomesoplenty]: origin_beach.json: You can't set a property to its default value, only changed properties can be included in config files. 
 Property: fogColor, Value: -1
[21:41:31] [Server thread/INFO] [biomesoplenty]: origin_beach.json: You can't set a property to its default value, only changed properties can be included in config files. 
 Property: fogDensity, Value: 1.0
[21:41:31] [Server thread/INFO] [biomesoplenty]: origin_beach.json: You can't set a property to its default value, only changed properties can be included in config files. 
 Property: hasBiomeEssence, Value: false
[21:41:31] [Server thread/INFO] [biomesoplenty]: origin_beach.json: You can't set a property to its default value, only changed properties can be included in config files. 
 Property: seaFloorBlock, Value: minecraft:dirt[snowy=false,variant=dirt]
[21:41:31] [Server thread/INFO] [biomesoplenty]: origin_beach.json: You can't set a property to its default value, only changed properties can be included in config files. 
 Property: averageHeight, Value: 64.0
[21:41:31] [Server thread/INFO] [biomesoplenty]: origin_beach.json: You can't set a property to its default value, only changed properties can be included in config files. 
 Property: variationBelow, Value: 1.0
[21:41:31] [Server thread/INFO] [biomesoplenty]: origin_beach.json: You can't set a property to its default value, only changed properties can be included in config files. 
 Property: variationAbove, Value: 1.0
[21:41:31] [Server thread/INFO] [biomesoplenty]: origin_beach.json: You can't set a property to its default value, only changed properties can be included in config files. 
 Property: canSpawnInBiome, Value: false
[21:41:31] [Server thread/INFO] [biomesoplenty]: origin_beach.json: You can't set a property to its default value, only changed properties can be included in config files. 
 Property: canGenerateVillages, Value: false
[21:41:31] [Server thread/INFO] [biomesoplenty]: origin_beach.json: You can't set a property to its default value, only changed properties can be included in config files. 
 Property: canGenerateRivers, Value: false
[21:41:31] [Server thread/INFO] [biomesoplenty]: origin_beach.json: You can't set a property to its default value, only changed properties can be included in config files. 
 Property: beachBiomeLocation, Value: minecraft:beaches
[21:41:31] [Server thread/INFO] [biomesoplenty]: alps.json: Detected config file 
[21:41:31] [Server thread/INFO] [biomesoplenty]: alps.json: You can't set a property to its default value, only changed properties can be included in config files. 
 Property: topBlock, Value: minecraft:snow
[21:41:31] [Server thread/INFO] [biomesoplenty]: alps.json: You can't set a property to its default value, only changed properties can be included in config files. 
 Property: fillerBlock, Value: minecraft:snow
[21:41:31] [Server thread/INFO] [biomesoplenty]: alps.json: You can't set a property to its default value, only changed properties can be included in config files. 
 Property: skyColor, Value: -1
[21:41:31] [Server thread/INFO] [biomesoplenty]: alps.json: You can't set a property to its default value, only changed properties can be included in config files. 
 Property: fogColor, Value: -1
[21:41:31] [Server thread/INFO] [biomesoplenty]: alps.json: You can't set a property to its default value, only changed properties can be included in config files. 
 Property: fogDensity, Value: 1.0
[21:41:31] [Server thread/INFO] [biomesoplenty]: alps.json: You can't set a property to its default value, only changed properties can be included in config files. 
 Property: hasBiomeEssence, Value: true
[21:41:31] [Server thread/INFO] [biomesoplenty]: alps.json: You can't set a property to its default value, only changed properties can be included in config files. 
 Property: seaFloorBlock, Value: minecraft:dirt[snowy=false,variant=dirt]
[21:41:31] [Server thread/INFO] [biomesoplenty]: alps.json: You can't set a property to its default value, only changed properties can be included in config files. 
 Property: averageHeight, Value: 198.0
[21:41:31] [Server thread/INFO] [biomesoplenty]: alps.json: You can't set a property to its default value, only changed properties can be included in config files. 
 Property: variationBelow, Value: 12.0
[21:41:31] [Server thread/INFO] [biomesoplenty]: alps.json: You can't set a property to its default value, only changed properties can be included in config files. 
 Property: variationAbove, Value: 12.0
[21:41:31] [Server thread/INFO] [biomesoplenty]: alps.json: You can't set a property to its default value, only changed properties can be included in config files. 
 Property: canSpawnInBiome, Value: false
[21:41:31] [Server thread/INFO] [biomesoplenty]: alps.json: You can't set a property to its default value, only changed properties can be included in config files. 
 Property: canGenerateVillages, Value: false
[21:41:31] [Server thread/INFO] [biomesoplenty]: alps.json: You can't set a property to its default value, only changed properties can be included in config files. 
 Property: canGenerateRivers, Value: false
[21:41:31] [Server thread/INFO] [biomesoplenty]: bamboo_forest.json: Detected config file 
[21:41:31] [Server thread/INFO] [biomesoplenty]: bamboo_forest.json: You can't set a property to its default value, only changed properties can be included in config files. 
 Property: topBlock, Value: minecraft:dirt[snowy=false,variant=podzol]
[21:41:31] [Server thread/INFO] [biomesoplenty]: bamboo_forest.json: You can't set a property to its default value, only changed properties can be included in config files. 
 Property: fillerBlock, Value: minecraft:dirt[snowy=false,variant=dirt]
[21:41:31] [Server thread/INFO] [biomesoplenty]: bamboo_forest.json: You can't set a property to its default value, only changed properties can be included in config files. 
 Property: skyColor, Value: -1
[21:41:31] [Server thread/INFO] [biomesoplenty]: bamboo_forest.json: You can't set a property to its default value, only changed properties can be included in config files. 
 Property: fogColor, Value: -1
[21:41:31] [Server thread/INFO] [biomesoplenty]: bamboo_forest.json: You can't set a property to its default value, only changed properties can be included in config files. 
 Property: fogDensity, Value: 1.0
[21:41:31] [Server thread/INFO] [biomesoplenty]: bamboo_forest.json: You can't set a property to its default value, only changed properties can be included in config files. 
 Property: hasBiomeEssence, Value: true
[21:41:31] [Server thread/INFO] [biomesoplenty]: bamboo_forest.json: You can't set a property to its default value, only changed properties can be included in config files. 
 Property: seaFloorBlock, Value: minecraft:dirt[snowy=false,variant=dirt]
[21:41:31] [Server thread/INFO] [biomesoplenty]: bamboo_forest.json: You can't set a property to its default value, only changed properties can be included in config files. 
 Property: averageHeight, Value: 68.0
[21:41:31] [Server thread/INFO] [biomesoplenty]: bamboo_forest.json: You can't set a property to its default value, only changed properties can be included in config files. 
 Property: variationBelow, Value: 5.0
[21:41:31] [Server thread/INFO] [biomesoplenty]: bamboo_forest.json: You can't set a property to its default value, only changed properties can be included in config files. 
 Property: variationAbove, Value: 10.0
[21:41:31] [Server thread/INFO] [biomesoplenty]: bamboo_forest.json: You can't set a property to its default value, only changed properties can be included in config files. 
 Property: canSpawnInBiome, Value: true
[21:41:31] [Server thread/INFO] [biomesoplenty]: bamboo_forest.json: You can't set a property to its default value, only changed properties can be included in config files. 
 Property: canGenerateVillages, Value: false
[21:41:31] [Server thread/INFO] [biomesoplenty]: bamboo_forest.json: You can't set a property to its default value, only changed properties can be included in config files. 
 Property: canGenerateRivers, Value: true
[21:41:31] [Server thread/INFO] [biomesoplenty]: bamboo_forest.json: You can't set a property to its default value, only changed properties can be included in config files. 
 Property: beachBiomeLocation, Value: minecraft:beaches
[21:41:31] [Server thread/INFO] [biomesoplenty]: bayou.json: Detected config file 
[21:41:31] [Server thread/INFO] [biomesoplenty]: bayou.json: You can't set a property to its default value, only changed properties can be included in config files. 
 Property: topBlock, Value: minecraft:grass[snowy=false]
[21:41:31] [Server thread/INFO] [biomesoplenty]: bayou.json: You can't set a property to its default value, only changed properties can be included in config files. 
 Property: fillerBlock, Value: minecraft:dirt[snowy=false,variant=dirt]
[21:41:31] [Server thread/INFO] [biomesoplenty]: bayou.json: You can't set a property to its default value, only changed properties can be included in config files. 
 Property: skyColor, Value: -1
[21:41:31] [Server thread/INFO] [biomesoplenty]: bayou.json: You can't set a property to its default value, only changed properties can be included in config files. 
 Property: fogColor, Value: -1
[21:41:31] [Server thread/INFO] [biomesoplenty]: bayou.json: You can't set a property to its default value, only changed properties can be included in config files. 
 Property: fogDensity, Value: 1.0
[21:41:31] [Server thread/INFO] [biomesoplenty]: bayou.json: You can't set a property to its default value, only changed properties can be included in config files. 
 Property: hasBiomeEssence, Value: true
[21:41:31] [Server thread/INFO] [biomesoplenty]: bayou.json: You can't set a property to its default value, only changed properties can be included in config files. 
 Property: seaFloorBlock, Value: biomesoplenty:mud[variant=mud]
[21:41:31] [Server thread/INFO] [biomesoplenty]: bayou.json: You can't set a property to its default value, only changed properties can be included in config files. 
 Property: averageHeight, Value: 62.0
[21:41:31] [Server thread/INFO] [biomesoplenty]: bayou.json: You can't set a property to its default value, only changed properties can be included in config files. 
 Property: variationBelow, Value: 6.0
[21:41:31] [Server thread/INFO] [biomesoplenty]: bayou.json: You can't set a property to its default value, only changed properties can be included in config files. 
 Property: variationAbove, Value: 3.0
[21:41:31] [Server thread/INFO] [biomesoplenty]: bayou.json: You can't set a property to its default value, only changed properties can be included in config files. 
 Property: canSpawnInBiome, Value: false
[21:41:31] [Server thread/INFO] [biomesoplenty]: bayou.json: You can't set a property to its default value, only changed properties can be included in config files. 
 Property: canGenerateVillages, Value: false
[21:41:31] [Server thread/INFO] [biomesoplenty]: bayou.json: You can't set a property to its default value, only changed properties can be included in config files. 
 Property: canGenerateRivers, Value: false
[21:41:31] [Server thread/INFO] [biomesoplenty]: bog.json: Detected config file 
[21:41:31] [Server thread/INFO] [biomesoplenty]: bog.json: You can't set a property to its default value, only changed properties can be included in config files. 
 Property: topBlock, Value: biomesoplenty:grass[snowy=false,variant=loamy]
[21:41:31] [Server thread/INFO] [biomesoplenty]: bog.json: You can't set a property to its default value, only changed properties can be included in config files. 
 Property: fillerBlock, Value: biomesoplenty:dirt[coarse=false,variant=loamy]
[21:41:31] [Server thread/INFO] [biomesoplenty]: bog.json: You can't set a property to its default value, only changed properties can be included in config files. 
 Property: skyColor, Value: -1
[21:41:31] [Server thread/INFO] [biomesoplenty]: bog.json: You can't set a property to its default value, only changed properties can be included in config files. 
 Property: fogColor, Value: -1
[21:41:31] [Server thread/INFO] [biomesoplenty]: bog.json: You can't set a property to its default value, only changed properties can be included in config files. 
 Property: fogDensity, Value: 1.0
[21:41:31] [Server thread/INFO] [biomesoplenty]: bog.json: You can't set a property to its default value, only changed properties can be included in config files. 
 Property: hasBiomeEssence, Value: true
[21:41:31] [Server thread/INFO] [biomesoplenty]: bog.json: You can't set a property to its default value, only changed properties can be included in config files. 
 Property: seaFloorBlock, Value: biomesoplenty:mud[variant=mud]
[21:41:31] [Server thread/INFO] [biomesoplenty]: bog.json: You can't set a property to its default value, only changed properties can be included in config files. 
 Property: averageHeight, Value: 63.0
[21:41:31] [Server thread/INFO] [biomesoplenty]: bog.json: You can't set a property to its default value, only changed properties can be included in config files. 
 Property: variationBelow, Value: 5.0
[21:41:31] [Server thread/INFO] [biomesoplenty]: bog.json: You can't set a property to its default value, only changed properties can be included in config files. 
 Property: variationAbove, Value: 1.0
[21:41:31] [Server thread/INFO] [biomesoplenty]: bog.json: You can't set a property to its default value, only changed properties can be included in config files. 
 Property: canSpawnInBiome, Value: true
[21:41:31] [Server thread/INFO] [biomesoplenty]: bog.json: You can't set a property to its default value, only changed properties can be included in config files. 
 Property: canGenerateVillages, Value: false
[21:41:31] [Server thread/INFO] [biomesoplenty]: bog.json: You can't set a property to its default value, only changed properties can be included in config files. 
 Property: canGenerateRivers, Value: false
[21:41:31] [Server thread/INFO] [biomesoplenty]: bog.json: You can't set a property to its default value, only changed properties can be included in config files. 
 Property: beachBiomeLocation, Value: biomesoplenty:gravel_beach
[21:41:31] [Server thread/INFO] [biomesoplenty]: boreal_forest.json: Detected config file 
[21:41:31] [Server thread/INFO] [biomesoplenty]: boreal_forest.json: You can't set a property to its default value, only changed properties can be included in config files. 
 Property: topBlock, Value: minecraft:grass[snowy=false]
[21:41:31] [Server thread/INFO] [biomesoplenty]: boreal_forest.json: You can't set a property to its default value, only changed properties can be included in config files. 
 Property: fillerBlock, Value: minecraft:dirt[snowy=false,variant=dirt]
[21:41:31] [Server thread/INFO] [biomesoplenty]: boreal_forest.json: You can't set a property to its default value, only changed properties can be included in config files. 
 Property: skyColor, Value: -1
[21:41:31] [Server thread/INFO] [biomesoplenty]: boreal_forest.json: You can't set a property to its default value, only changed properties can be included in config files. 
 Property: fogColor, Value: -1
[21:41:31] [Server thread/INFO] [biomesoplenty]: boreal_forest.json: You can't set a property to its default value, only changed properties can be included in config files. 
 Property: fogDensity, Value: 1.0
[21:41:31] [Server thread/INFO] [biomesoplenty]: boreal_forest.json: You can't set a property to its default value, only changed properties can be included in config files. 
 Property: hasBiomeEssence, Value: true
[21:41:31] [Server thread/INFO] [biomesoplenty]: boreal_forest.json: You can't set a property to its default value, only changed properties can be included in config files. 
 Property: seaFloorBlock, Value: minecraft:dirt[snowy=false,variant=dirt]
[21:41:31] [Server thread/INFO] [biomesoplenty]: boreal_forest.json: You can't set a property to its default value, only changed properties can be included in config files. 
 Property: averageHeight, Value: 70.0
[21:41:31] [Server thread/INFO] [biomesoplenty]: boreal_forest.json: You can't set a property to its default value, only changed properties can be included in config files. 
 Property: variationBelow, Value: 15.0
[21:41:31] [Server thread/INFO] [biomesoplenty]: boreal_forest.json: You can't set a property to its default value, only changed properties can be included in config files. 
 Property: variationAbove, Value: 30.0
[21:41:31] [Server thread/INFO] [biomesoplenty]: boreal_forest.json: You can't set a property to its default value, only changed properties can be included in config files. 
 Property: canSpawnInBiome, Value: true
[21:41:31] [Server thread/INFO] [biomesoplenty]: boreal_forest.json: You can't set a property to its default value, only changed properties can be included in config files. 
 Property: canGenerateVillages, Value: false
[21:41:31] [Server thread/INFO] [biomesoplenty]: boreal_forest.json: You can't set a property to its default value, only changed properties can be included in config files. 
 Property: canGenerateRivers, Value: true
[21:41:31] [Server thread/INFO] [biomesoplenty]: boreal_forest.json: You can't set a property to its default value, only changed properties can be included in config files. 
 Property: beachBiomeLocation, Value: biomesoplenty:gravel_beach
[21:41:31] [Server thread/INFO] [biomesoplenty]: brushland.json: Detected config file 
[21:41:31] [Server thread/INFO] [biomesoplenty]: brushland.json: You can't set a property to its default value, only changed properties can be included in config files. 
 Property: topBlock, Value: biomesoplenty:grass[snowy=false,variant=sandy]
[21:41:31] [Server thread/INFO] [biomesoplenty]: brushland.json: You can't set a property to its default value, only changed properties can be included in config files. 
 Property: fillerBlock, Value: biomesoplenty:dirt[coarse=false,variant=sandy]
[21:41:31] [Server thread/INFO] [biomesoplenty]: brushland.json: You can't set a property to its default value, only changed properties can be included in config files. 
 Property: skyColor, Value: -1
[21:41:31] [Server thread/INFO] [biomesoplenty]: brushland.json: You can't set a property to its default value, only changed properties can be included in config files. 
 Property: fogColor, Value: -1
[21:41:31] [Server thread/INFO] [biomesoplenty]: brushland.json: You can't set a property to its default value, only changed properties can be included in config files. 
 Property: fogDensity, Value: 1.0
[21:41:31] [Server thread/INFO] [biomesoplenty]: brushland.json: You can't set a property to its default value, only changed properties can be included in config files. 
 Property: hasBiomeEssence, Value: true
[21:41:31] [Server thread/INFO] [biomesoplenty]: brushland.json: You can't set a property to its default value, only changed properties can be included in config files. 
 Property: seaFloorBlock, Value: minecraft:dirt[snowy=false,variant=dirt]
[21:41:31] [Server thread/INFO] [biomesoplenty]: brushland.json: You can't set a property to its default value, only changed properties can be included in config files. 
 Property: averageHeight, Value: 66.0
[21:41:31] [Server thread/INFO] [biomesoplenty]: brushland.json: You can't set a property to its default value, only changed properties can be included in config files. 
 Property: variationBelow, Value: 3.0
[21:41:31] [Server thread/INFO] [biomesoplenty]: brushland.json: You can't set a property to its default value, only changed properties can be included in config files. 
 Property: variationAbove, Value: 20.0
[21:41:31] [Server thread/INFO] [biomesoplenty]: brushland.json: You can't set a property to its default value, only changed properties can be included in config files. 
 Property: canSpawnInBiome, Value: true
[21:41:31] [Server thread/INFO] [biomesoplenty]: brushland.json: You can't set a property to its default value, only changed properties can be included in config files. 
 Property: canGenerateVillages, Value: true
[21:41:31] [Server thread/INFO] [biomesoplenty]: brushland.json: You can't set a property to its default value, only changed properties can be included in config files. 
 Property: canGenerateRivers, Value: true
[21:41:31] [Server thread/INFO] [biomesoplenty]: brushland.json: You can't set a property to its default value, only changed properties can be included in config files. 
 Property: beachBiomeLocation, Value: minecraft:beaches
[21:41:31] [Server thread/INFO] [biomesoplenty]: chaparral.json: Detected config file 
[21:41:31] [Server thread/INFO] [biomesoplenty]: chaparral.json: You can't set a property to its default value, only changed properties can be included in config files. 
 Property: topBlock, Value: minecraft:grass[snowy=false]
[21:41:31] [Server thread/INFO] [biomesoplenty]: chaparral.json: You can't set a property to its default value, only changed properties can be included in config files. 
 Property: fillerBlock, Value: minecraft:dirt[snowy=false,variant=dirt]
[21:41:31] [Server thread/INFO] [biomesoplenty]: chaparral.json: You can't set a property to its default value, only changed properties can be included in config files. 
 Property: skyColor, Value: -1
[21:41:31] [Server thread/INFO] [biomesoplenty]: chaparral.json: You can't set a property to its default value, only changed properties can be included in config files. 
 Property: fogColor, Value: -1
[21:41:31] [Server thread/INFO] [biomesoplenty]: chaparral.json: You can't set a property to its default value, only changed properties can be included in config files. 
 Property: fogDensity, Value: 1.0
[21:41:31] [Server thread/INFO] [biomesoplenty]: chaparral.json: You can't set a property to its default value, only changed properties can be included in config files. 
 Property: hasBiomeEssence, Value: true
[21:41:31] [Server thread/INFO] [biomesoplenty]: chaparral.json: You can't set a property to its default value, only changed properties can be included in config files. 
 Property: seaFloorBlock, Value: minecraft:dirt[snowy=false,variant=dirt]
[21:41:31] [Server thread/INFO] [biomesoplenty]: chaparral.json: You can't set a property to its default value, only changed properties can be included in config files. 
 Property: averageHeight, Value: 80.0
[21:41:31] [Server thread/INFO] [biomesoplenty]: chaparral.json: You can't set a property to its default value, only changed properties can be included in config files. 
 Property: variationBelow, Value: 10.0
[21:41:31] [Server thread/INFO] [biomesoplenty]: chaparral.json: You can't set a property to its default value, only changed properties can be included in config files. 
 Property: variationAbove, Value: 20.0
[21:41:31] [Server thread/INFO] [biomesoplenty]: chaparral.json: You can't set a property to its default value, only changed properties can be included in config files. 
 Property: canSpawnInBiome, Value: true
[21:41:31] [Server thread/INFO] [biomesoplenty]: chaparral.json: You can't set a property to its default value, only changed properties can be included in config files. 
 Property: canGenerateVillages, Value: true
[21:41:31] [Server thread/INFO] [biomesoplenty]: chaparral.json: You can't set a property to its default value, only changed properties can be included in config files. 
 Property: canGenerateRivers, Value: true
[21:41:31] [Server thread/INFO] [biomesoplenty]: chaparral.json: You can't set a property to its default value, only changed properties can be included in config files. 
 Property: beachBiomeLocation, Value: minecraft:beaches
[21:41:31] [Server thread/INFO] [biomesoplenty]: cherry_blossom_grove.json: Detected config file 
[21:41:31] [Server thread/INFO] [biomesoplenty]: cherry_blossom_grove.json: You can't set a property to its default value, only changed properties can be included in config files. 
 Property: topBlock, Value: biomesoplenty:grass[snowy=false,variant=silty]
[21:41:31] [Server thread/INFO] [biomesoplenty]: cherry_blossom_grove.json: You can't set a property to its default value, only changed properties can be included in config files. 
 Property: fillerBlock, Value: biomesoplenty:dirt[coarse=false,variant=silty]
[21:41:31] [Server thread/INFO] [biomesoplenty]: cherry_blossom_grove.json: You can't set a property to its default value, only changed properties can be included in config files. 
 Property: skyColor, Value: -1
[21:41:31] [Server thread/INFO] [biomesoplenty]: cherry_blossom_grove.json: You can't set a property to its default value, only changed properties can be included in config files. 
 Property: fogColor, Value: -1
[21:41:31] [Server thread/INFO] [biomesoplenty]: cherry_blossom_grove.json: You can't set a property to its default value, only changed properties can be included in config files. 
 Property: fogDensity, Value: 1.0
[21:41:31] [Server thread/INFO] [biomesoplenty]: cherry_blossom_grove.json: You can't set a property to its default value, only changed properties can be included in config files. 
 Property: hasBiomeEssence, Value: true
[21:41:31] [Server thread/INFO] [biomesoplenty]: cherry_blossom_grove.json: You can't set a property to its default value, only changed properties can be included in config files. 
 Property: seaFloorBlock, Value: minecraft:dirt[snowy=false,variant=dirt]
[21:41:31] [Server thread/INFO] [biomesoplenty]: cherry_blossom_grove.json: You can't set a property to its default value, only changed properties can be included in config files. 
 Property: averageHeight, Value: 63.0
[21:41:31] [Server thread/INFO] [biomesoplenty]: cherry_blossom_grove.json: You can't set a property to its default value, only changed properties can be included in config files. 
 Property: variationBelow, Value: 5.0
[21:41:31] [Server thread/INFO] [biomesoplenty]: cherry_blossom_grove.json: You can't set a property to its default value, only changed properties can be included in config files. 
 Property: variationAbove, Value: 25.0
[21:41:31] [Server thread/INFO] [biomesoplenty]: cherry_blossom_grove.json: You can't set a property to its default value, only changed properties can be included in config files. 
 Property: canSpawnInBiome, Value: false
[21:41:31] [Server thread/INFO] [biomesoplenty]: cherry_blossom_grove.json: You can't set a property to its default value, only changed properties can be included in config files. 
 Property: canGenerateVillages, Value: false
[21:41:31] [Server thread/INFO] [biomesoplenty]: cherry_blossom_grove.json: You can't set a property to its default value, only changed properties can be included in config files. 
 Property: canGenerateRivers, Value: true
[21:41:31] [Server thread/INFO] [biomesoplenty]: cherry_blossom_grove.json: You can't set a property to its default value, only changed properties can be included in config files. 
 Property: beachBiomeLocation, Value: minecraft:beaches
[21:41:31] [Server thread/INFO] [biomesoplenty]: cold_desert.json: Detected config file 
[21:41:31] [Server thread/INFO] [biomesoplenty]: cold_desert.json: You can't set a property to its default value, only changed properties can be included in config files. 
 Property: topBlock, Value: minecraft:gravel
[21:41:31] [Server thread/INFO] [biomesoplenty]: cold_desert.json: You can't set a property to its default value, only changed properties can be included in config files. 
 Property: fillerBlock, Value: minecraft:stone[variant=stone]
[21:41:31] [Server thread/INFO] [biomesoplenty]: cold_desert.json: You can't set a property to its default value, only changed properties can be included in config files. 
 Property: skyColor, Value: -1
[21:41:31] [Server thread/INFO] [biomesoplenty]: cold_desert.json: You can't set a property to its default value, only changed properties can be included in config files. 
 Property: fogColor, Value: -1
[21:41:31] [Server thread/INFO] [biomesoplenty]: cold_desert.json: You can't set a property to its default value, only changed properties can be included in config files. 
 Property: fogDensity, Value: 1.0
[21:41:31] [Server thread/INFO] [biomesoplenty]: cold_desert.json: You can't set a property to its default value, only changed properties can be included in config files. 
 Property: hasBiomeEssence, Value: true
[21:41:31] [Server thread/INFO] [biomesoplenty]: cold_desert.json: You can't set a property to its default value, only changed properties can be included in config files. 
 Property: seaFloorBlock, Value: minecraft:dirt[snowy=false,variant=dirt]
[21:41:31] [Server thread/INFO] [biomesoplenty]: cold_desert.json: You can't set a property to its default value, only changed properties can be included in config files. 
 Property: averageHeight, Value: 64.0
[21:41:31] [Server thread/INFO] [biomesoplenty]: cold_desert.json: You can't set a property to its default value, only changed properties can be included in config files. 
 Property: variationBelow, Value: 5.0
[21:41:31] [Server thread/INFO] [biomesoplenty]: cold_desert.json: You can't set a property to its default value, only changed properties can be included in config files. 
 Property: variationAbove, Value: 10.0
[21:41:31] [Server thread/INFO] [biomesoplenty]: cold_desert.json: You can't set a property to its default value, only changed properties can be included in config files. 
 Property: canSpawnInBiome, Value: false
[21:41:31] [Server thread/INFO] [biomesoplenty]: cold_desert.json: You can't set a property to its default value, only changed properties can be included in config files. 
 Property: canGenerateVillages, Value: false
[21:41:31] [Server thread/INFO] [biomesoplenty]: cold_desert.json: You can't set a property to its default value, only changed properties can be included in config files. 
 Property: canGenerateRivers, Value: false
[21:41:31] [Server thread/INFO] [biomesoplenty]: cold_desert.json: You can't set a property to its default value, only changed properties can be included in config files. 
 Property: beachBiomeLocation, Value: biomesoplenty:gravel_beach
[21:41:31] [Server thread/INFO] [biomesoplenty]: coniferous_forest.json: Detected config file 
[21:41:31] [Server thread/INFO] [biomesoplenty]: coniferous_forest.json: You can't set a property to its default value, only changed properties can be included in config files. 
 Property: topBlock, Value: biomesoplenty:grass[snowy=false,variant=loamy]
[21:41:31] [Server thread/INFO] [biomesoplenty]: coniferous_forest.json: You can't set a property to its default value, only changed properties can be included in config files. 
 Property: fillerBlock, Value: biomesoplenty:dirt[coarse=false,variant=loamy]
[21:41:31] [Server thread/INFO] [biomesoplenty]: coniferous_forest.json: You can't set a property to its default value, only changed properties can be included in config files. 
 Property: skyColor, Value: -1
[21:41:31] [Server thread/INFO] [biomesoplenty]: coniferous_forest.json: You can't set a property to its default value, only changed properties can be included in config files. 
 Property: fogColor, Value: -1
[21:41:31] [Server thread/INFO] [biomesoplenty]: coniferous_forest.json: You can't set a property to its default value, only changed properties can be included in config files. 
 Property: fogDensity, Value: 1.0
[21:41:31] [Server thread/INFO] [biomesoplenty]: coniferous_forest.json: You can't set a property to its default value, only changed properties can be included in config files. 
 Property: hasBiomeEssence, Value: true
[21:41:31] [Server thread/INFO] [biomesoplenty]: coniferous_forest.json: You can't set a property to its default value, only changed properties can be included in config files. 
 Property: seaFloorBlock, Value: minecraft:dirt[snowy=false,variant=dirt]
[21:41:31] [Server thread/INFO] [biomesoplenty]: coniferous_forest.json: You can't set a property to its default value, only changed properties can be included in config files. 
 Property: averageHeight, Value: 68.0
[21:41:31] [Server thread/INFO] [biomesoplenty]: coniferous_forest.json: You can't set a property to its default value, only changed properties can be included in config files. 
 Property: variationBelow, Value: 10.0
[21:41:31] [Server thread/INFO] [biomesoplenty]: coniferous_forest.json: You can't set a property to its default value, only changed properties can be included in config files. 
 Property: variationAbove, Value: 20.0
[21:41:31] [Server thread/INFO] [biomesoplenty]: coniferous_forest.json: You can't set a property to its default value, only changed properties can be included in config files. 
 Property: canSpawnInBiome, Value: true
[21:41:31] [Server thread/INFO] [biomesoplenty]: coniferous_forest.json: You can't set a property to its default value, only changed properties can be included in config files. 
 Property: canGenerateVillages, Value: true
[21:41:31] [Server thread/INFO] [biomesoplenty]: coniferous_forest.json: You can't set a property to its default value, only changed properties can be included in config files. 
 Property: canGenerateRivers, Value: true
[21:41:31] [Server thread/INFO] [biomesoplenty]: coniferous_forest.json: You can't set a property to its default value, only changed properties can be included in config files. 
 Property: beachBiomeLocation, Value: biomesoplenty:gravel_beach
[21:41:31] [Server thread/INFO] [biomesoplenty]: crag.json: Detected config file 
[21:41:31] [Server thread/INFO] [biomesoplenty]: crag.json: You can't set a property to its default value, only changed properties can be included in config files. 
 Property: topBlock, Value: minecraft:gravel
[21:41:31] [Server thread/INFO] [biomesoplenty]: crag.json: You can't set a property to its default value, only changed properties can be included in config files. 
 Property: fillerBlock, Value: minecraft:stone[variant=stone]
[21:41:31] [Server thread/INFO] [biomesoplenty]: crag.json: You can't set a property to its default value, only changed properties can be included in config files. 
 Property: skyColor, Value: -1
[21:41:31] [Server thread/INFO] [biomesoplenty]: crag.json: You can't set a property to its default value, only changed properties can be included in config files. 
 Property: fogColor, Value: -1
[21:41:31] [Server thread/INFO] [biomesoplenty]: crag.json: You can't set a property to its default value, only changed properties can be included in config files. 
 Property: fogDensity, Value: 1.0
[21:41:31] [Server thread/INFO] [biomesoplenty]: crag.json: You can't set a property to its default value, only changed properties can be included in config files. 
 Property: hasBiomeEssence, Value: true
[21:41:31] [Server thread/INFO] [biomesoplenty]: crag.json: You can't set a property to its default value, only changed properties can be included in config files. 
 Property: seaFloorBlock, Value: minecraft:dirt[snowy=false,variant=dirt]
[21:41:31] [Server thread/INFO] [biomesoplenty]: crag.json: You can't set a property to its default value, only changed properties can be included in config files. 
 Property: averageHeight, Value: 100.0
[21:41:31] [Server thread/INFO] [biomesoplenty]: crag.json: You can't set a property to its default value, only changed properties can be included in config files. 
 Property: variationBelow, Value: 80.0
[21:41:31] [Server thread/INFO] [biomesoplenty]: crag.json: You can't set a property to its default value, only changed properties can be included in config files. 
 Property: variationAbove, Value: 200.0
[21:41:31] [Server thread/INFO] [biomesoplenty]: crag.json: You can't set a property to its default value, only changed properties can be included in config files. 
 Property: canSpawnInBiome, Value: false
[21:41:31] [Server thread/INFO] [biomesoplenty]: crag.json: You can't set a property to its default value, only changed properties can be included in config files. 
 Property: canGenerateVillages, Value: false
[21:41:31] [Server thread/INFO] [biomesoplenty]: crag.json: You can't set a property to its default value, only changed properties can be included in config files. 
 Property: canGenerateRivers, Value: false
[21:41:31] [Server thread/INFO] [biomesoplenty]: dead_forest.json: Detected config file 
[21:41:31] [Server thread/INFO] [biomesoplenty]: dead_forest.json: You can't set a property to its default value, only changed properties can be included in config files. 
 Property: topBlock, Value: biomesoplenty:grass[snowy=false,variant=loamy]
[21:41:31] [Server thread/INFO] [biomesoplenty]: dead_forest.json: You can't set a property to its default value, only changed properties can be included in config files. 
 Property: fillerBlock, Value: biomesoplenty:dirt[coarse=false,variant=loamy]
[21:41:31] [Server thread/INFO] [biomesoplenty]: dead_forest.json: You can't set a property to its default value, only changed properties can be included in config files. 
 Property: skyColor, Value: -1
[21:41:31] [Server thread/INFO] [biomesoplenty]: dead_forest.json: You can't set a property to its default value, only changed properties can be included in config files. 
 Property: fogColor, Value: -1
[21:41:31] [Server thread/INFO] [biomesoplenty]: dead_forest.json: You can't set a property to its default value, only changed properties can be included in config files. 
 Property: fogDensity, Value: 1.0
[21:41:31] [Server thread/INFO] [biomesoplenty]: dead_forest.json: You can't set a property to its default value, only changed properties can be included in config files. 
 Property: hasBiomeEssence, Value: true
[21:41:31] [Server thread/INFO] [biomesoplenty]: dead_forest.json: You can't set a property to its default value, only changed properties can be included in config files. 
 Property: seaFloorBlock, Value: minecraft:dirt[snowy=false,variant=dirt]
[21:41:31] [Server thread/INFO] [biomesoplenty]: dead_forest.json: You can't set a property to its default value, only changed properties can be included in config files. 
 Property: averageHeight, Value: 68.0
[21:41:31] [Server thread/INFO] [biomesoplenty]: dead_forest.json: You can't set a property to its default value, only changed properties can be included in config files. 
 Property: variationBelow, Value: 8.0
[21:41:31] [Server thread/INFO] [biomesoplenty]: dead_forest.json: You can't set a property to its default value, only changed properties can be included in config files. 
 Property: variationAbove, Value: 25.0
[21:41:31] [Server thread/INFO] [biomesoplenty]: dead_forest.json: You can't set a property to its default value, only changed properties can be included in config files. 
 Property: canSpawnInBiome, Value: false
[21:41:31] [Server thread/INFO] [biomesoplenty]: dead_forest.json: You can't set a property to its default value, only changed properties can be included in config files. 
 Property: canGenerateVillages, Value: false
[21:41:31] [Server thread/INFO] [biomesoplenty]: dead_forest.json: You can't set a property to its default value, only changed properties can be included in config files. 
 Property: canGenerateRivers, Value: true
[21:41:31] [Server thread/INFO] [biomesoplenty]: dead_forest.json: You can't set a property to its default value, only changed properties can be included in config files. 
 Property: beachBiomeLocation, Value: biomesoplenty:gravel_beach
[21:41:31] [Server thread/INFO] [biomesoplenty]: dead_swamp.json: Detected config file 
[21:41:31] [Server thread/INFO] [biomesoplenty]: dead_swamp.json: You can't set a property to its default value, only changed properties can be included in config files. 
 Property: topBlock, Value: biomesoplenty:grass[snowy=false,variant=loamy]
[21:41:31] [Server thread/INFO] [biomesoplenty]: dead_swamp.json: You can't set a property to its default value, only changed properties can be included in config files. 
 Property: fillerBlock, Value: biomesoplenty:dirt[coarse=false,variant=loamy]
[21:41:31] [Server thread/INFO] [biomesoplenty]: dead_swamp.json: You can't set a property to its default value, only changed properties can be included in config files. 
 Property: skyColor, Value: -1
[21:41:31] [Server thread/INFO] [biomesoplenty]: dead_swamp.json: You can't set a property to its default value, only changed properties can be included in config files. 
 Property: fogColor, Value: -1
[21:41:31] [Server thread/INFO] [biomesoplenty]: dead_swamp.json: You can't set a property to its default value, only changed properties can be included in config files. 
 Property: fogDensity, Value: 1.0
[21:41:31] [Server thread/INFO] [biomesoplenty]: dead_swamp.json: You can't set a property to its default value, only changed properties can be included in config files. 
 Property: hasBiomeEssence, Value: true
[21:41:31] [Server thread/INFO] [biomesoplenty]: dead_swamp.json: You can't set a property to its default value, only changed properties can be included in config files. 
 Property: seaFloorBlock, Value: biomesoplenty:mud[variant=mud]
[21:41:31] [Server thread/INFO] [biomesoplenty]: dead_swamp.json: You can't set a property to its default value, only changed properties can be included in config files. 
 Property: averageHeight, Value: 63.0
[21:41:31] [Server thread/INFO] [biomesoplenty]: dead_swamp.json: You can't set a property to its default value, only changed properties can be included in config files. 
 Property: variationBelow, Value: 6.0
[21:41:31] [Server thread/INFO] [biomesoplenty]: dead_swamp.json: You can't set a property to its default value, only changed properties can be included in config files. 
 Property: variationAbove, Value: 3.0
[21:41:31] [Server thread/INFO] [biomesoplenty]: dead_swamp.json: You can't set a property to its default value, only changed properties can be included in config files. 
 Property: canSpawnInBiome, Value: false
[21:41:31] [Server thread/INFO] [biomesoplenty]: dead_swamp.json: You can't set a property to its default value, only changed properties can be included in config files. 
 Property: canGenerateVillages, Value: false
[21:41:31] [Server thread/INFO] [biomesoplenty]: dead_swamp.json: You can't set a property to its default value, only changed properties can be included in config files. 
 Property: canGenerateRivers, Value: false
[21:41:31] [Server thread/INFO] [biomesoplenty]: eucalyptus_forest.json: Detected config file 
[21:41:31] [Server thread/INFO] [biomesoplenty]: eucalyptus_forest.json: You can't set a property to its default value, only changed properties can be included in config files. 
 Property: topBlock, Value: minecraft:grass[snowy=false]
[21:41:31] [Server thread/INFO] [biomesoplenty]: eucalyptus_forest.json: You can't set a property to its default value, only changed properties can be included in config files. 
 Property: fillerBlock, Value: minecraft:dirt[snowy=false,variant=dirt]
[21:41:31] [Server thread/INFO] [biomesoplenty]: eucalyptus_forest.json: You can't set a property to its default value, only changed properties can be included in config files. 
 Property: skyColor, Value: -1
[21:41:31] [Server thread/INFO] [biomesoplenty]: eucalyptus_forest.json: You can't set a property to its default value, only changed properties can be included in config files. 
 Property: fogColor, Value: -1
[21:41:31] [Server thread/INFO] [biomesoplenty]: eucalyptus_forest.json: You can't set a property to its default value, only changed properties can be included in config files. 
 Property: fogDensity, Value: 1.0
[21:41:31] [Server thread/INFO] [biomesoplenty]: eucalyptus_forest.json: You can't set a property to its default value, only changed properties can be included in config files. 
 Property: hasBiomeEssence, Value: true
[21:41:31] [Server thread/INFO] [biomesoplenty]: eucalyptus_forest.json: You can't set a property to its default value, only changed properties can be included in config files. 
 Property: seaFloorBlock, Value: minecraft:dirt[snowy=false,variant=dirt]
[21:41:31] [Server thread/INFO] [biomesoplenty]: eucalyptus_forest.json: You can't set a property to its default value, only changed properties can be included in config files. 
 Property: averageHeight, Value: 64.0
[21:41:31] [Server thread/INFO] [biomesoplenty]: eucalyptus_forest.json: You can't set a property to its default value, only changed properties can be included in config files. 
 Property: variationBelow, Value: 10.0
[21:41:31] [Server thread/INFO] [biomesoplenty]: eucalyptus_forest.json: You can't set a property to its default value, only changed properties can be included in config files. 
 Property: variationAbove, Value: 20.0
[21:41:31] [Server thread/INFO] [biomesoplenty]: eucalyptus_forest.json: You can't set a property to its default value, only changed properties can be included in config files. 
 Property: canSpawnInBiome, Value: true
[21:41:31] [Server thread/INFO] [biomesoplenty]: eucalyptus_forest.json: You can't set a property to its default value, only changed properties can be included in config files. 
 Property: canGenerateVillages, Value: false
[21:41:31] [Server thread/INFO] [biomesoplenty]: eucalyptus_forest.json: You can't set a property to its default value, only changed properties can be included in config files. 
 Property: canGenerateRivers, Value: true
[21:41:31] [Server thread/INFO] [biomesoplenty]: eucalyptus_forest.json: You can't set a property to its default value, only changed properties can be included in config files. 
 Property: beachBiomeLocation, Value: minecraft:beaches
[21:41:31] [Server thread/INFO] [biomesoplenty]: fen.json: Detected config file 
[21:41:31] [Server thread/INFO] [biomesoplenty]: fen.json: You can't set a property to its default value, only changed properties can be included in config files. 
 Property: topBlock, Value: biomesoplenty:grass[snowy=false,variant=loamy]
[21:41:31] [Server thread/INFO] [biomesoplenty]: fen.json: You can't set a property to its default value, only changed properties can be included in config files. 
 Property: fillerBlock, Value: biomesoplenty:dirt[coarse=false,variant=loamy]
[21:41:31] [Server thread/INFO] [biomesoplenty]: fen.json: You can't set a property to its default value, only changed properties can be included in config files. 
 Property: skyColor, Value: -1
[21:41:31] [Server thread/INFO] [biomesoplenty]: fen.json: You can't set a property to its default value, only changed properties can be included in config files. 
 Property: fogColor, Value: -1
[21:41:31] [Server thread/INFO] [biomesoplenty]: fen.json: You can't set a property to its default value, only changed properties can be included in config files. 
 Property: fogDensity, Value: 1.0
[21:41:31] [Server thread/INFO] [biomesoplenty]: fen.json: You can't set a property to its default value, only changed properties can be included in config files. 
 Property: hasBiomeEssence, Value: true
[21:41:31] [Server thread/INFO] [biomesoplenty]: fen.json: You can't set a property to its default value, only changed properties can be included in config files. 
 Property: seaFloorBlock, Value: minecraft:dirt[snowy=false,variant=dirt]
[21:41:31] [Server thread/INFO] [biomesoplenty]: fen.json: You can't set a property to its default value, only changed properties can be included in config files. 
 Property: averageHeight, Value: 63.0
[21:41:31] [Server thread/INFO] [biomesoplenty]: fen.json: You can't set a property to its default value, only changed properties can be included in config files. 
 Property: variationBelow, Value: 8.0
[21:41:31] [Server thread/INFO] [biomesoplenty]: fen.json: You can't set a property to its default value, only changed properties can be included in config files. 
 Property: variationAbove, Value: 6.0
[21:41:31] [Server thread/INFO] [biomesoplenty]: fen.json: You can't set a property to its default value, only changed properties can be included in config files. 
 Property: canSpawnInBiome, Value: false
[21:41:31] [Server thread/INFO] [biomesoplenty]: fen.json: You can't set a property to its default value, only changed properties can be included in config files. 
 Property: canGenerateVillages, Value: false
[21:41:31] [Server thread/INFO] [biomesoplenty]: fen.json: You can't set a property to its default value, only changed properties can be included in config files. 
 Property: canGenerateRivers, Value: false
[21:41:31] [Server thread/INFO] [biomesoplenty]: fen.json: You can't set a property to its default value, only changed properties can be included in config files. 
 Property: beachBiomeLocation, Value: biomesoplenty:gravel_beach
[21:41:31] [Server thread/INFO] [biomesoplenty]: flower_field.json: Detected config file 
[21:41:31] [Server thread/INFO] [biomesoplenty]: flower_field.json: You can't set a property to its default value, only changed properties can be included in config files. 
 Property: topBlock, Value: minecraft:grass[snowy=false]
[21:41:31] [Server thread/INFO] [biomesoplenty]: flower_field.json: You can't set a property to its default value, only changed properties can be included in config files. 
 Property: fillerBlock, Value: minecraft:dirt[snowy=false,variant=dirt]
[21:41:31] [Server thread/INFO] [biomesoplenty]: flower_field.json: You can't set a property to its default value, only changed properties can be included in config files. 
 Property: skyColor, Value: -1
[21:41:31] [Server thread/INFO] [biomesoplenty]: flower_field.json: You can't set a property to its default value, only changed properties can be included in config files. 
 Property: fogColor, Value: -1
[21:41:31] [Server thread/INFO] [biomesoplenty]: flower_field.json: You can't set a property to its default value, only changed properties can be included in config files. 
 Property: fogDensity, Value: 1.0
[21:41:31] [Server thread/INFO] [biomesoplenty]: flower_field.json: You can't set a property to its default value, only changed properties can be included in config files. 
 Property: hasBiomeEssence, Value: true
[21:41:31] [Server thread/INFO] [biomesoplenty]: flower_field.json: You can't set a property to its default value, only changed properties can be included in config files. 
 Property: seaFloorBlock, Value: minecraft:dirt[snowy=false,variant=dirt]
[21:41:31] [Server thread/INFO] [biomesoplenty]: flower_field.json: You can't set a property to its default value, only changed properties can be included in config files. 
 Property: averageHeight, Value: 64.0
[21:41:31] [Server thread/INFO] [biomesoplenty]: flower_field.json: You can't set a property to its default value, only changed properties can be included in config files. 
 Property: variationBelow, Value: 5.0
[21:41:31] [Server thread/INFO] [biomesoplenty]: flower_field.json: You can't set a property to its default value, only changed properties can be included in config files. 
 Property: variationAbove, Value: 5.0
[21:41:31] [Server thread/INFO] [biomesoplenty]: flower_field.json: You can't set a property to its default value, only changed properties can be included in config files. 
 Property: canSpawnInBiome, Value: true
[21:41:31] [Server thread/INFO] [biomesoplenty]: flower_field.json: You can't set a property to its default value, only changed properties can be included in config files. 
 Property: canGenerateVillages, Value: false
[21:41:31] [Server thread/INFO] [biomesoplenty]: flower_field.json: You can't set a property to its default value, only changed properties can be included in config files. 
 Property: canGenerateRivers, Value: true
[21:41:31] [Server thread/INFO] [biomesoplenty]: flower_field.json: You can't set a property to its default value, only changed properties can be included in config files. 
 Property: beachBiomeLocation, Value: minecraft:beaches
[21:41:31] [Server thread/INFO] [biomesoplenty]: grassland.json: Detected config file 
[21:41:31] [Server thread/INFO] [biomesoplenty]: grassland.json: You can't set a property to its default value, only changed properties can be included in config files. 
 Property: topBlock, Value: minecraft:grass[snowy=false]
[21:41:31] [Server thread/INFO] [biomesoplenty]: grassland.json: You can't set a property to its default value, only changed properties can be included in config files. 
 Property: fillerBlock, Value: minecraft:dirt[snowy=false,variant=dirt]
[21:41:31] [Server thread/INFO] [biomesoplenty]: grassland.json: You can't set a property to its default value, only changed properties can be included in config files. 
 Property: skyColor, Value: -1
[21:41:31] [Server thread/INFO] [biomesoplenty]: grassland.json: You can't set a property to its default value, only changed properties can be included in config files. 
 Property: fogColor, Value: -1
[21:41:31] [Server thread/INFO] [biomesoplenty]: grassland.json: You can't set a property to its default value, only changed properties can be included in config files. 
 Property: fogDensity, Value: 1.0
[21:41:31] [Server thread/INFO] [biomesoplenty]: grassland.json: You can't set a property to its default value, only changed properties can be included in config files. 
 Property: hasBiomeEssence, Value: true
[21:41:31] [Server thread/INFO] [biomesoplenty]: grassland.json: You can't set a property to its default value, only changed properties can be included in config files. 
 Property: seaFloorBlock, Value: minecraft:dirt[snowy=false,variant=dirt]
[21:41:31] [Server thread/INFO] [biomesoplenty]: grassland.json: You can't set a property to its default value, only changed properties can be included in config files. 
 Property: averageHeight, Value: 64.0
[21:41:31] [Server thread/INFO] [biomesoplenty]: grassland.json: You can't set a property to its default value, only changed properties can be included in config files. 
 Property: variationBelow, Value: 6.0
[21:41:31] [Server thread/INFO] [biomesoplenty]: grassland.json: You can't set a property to its default value, only changed properties can be included in config files. 
 Property: variationAbove, Value: 25.0
[21:41:31] [Server thread/INFO] [biomesoplenty]: grassland.json: You can't set a property to its default value, only changed properties can be included in config files. 
 Property: canSpawnInBiome, Value: true
[21:41:31] [Server thread/INFO] [biomesoplenty]: grassland.json: You can't set a property to its default value, only changed properties can be included in config files. 
 Property: canGenerateVillages, Value: true
[21:41:31] [Server thread/INFO] [biomesoplenty]: grassland.json: You can't set a property to its default value, only changed properties can be included in config files. 
 Property: canGenerateRivers, Value: true
[21:41:31] [Server thread/INFO] [biomesoplenty]: grassland.json: You can't set a property to its default value, only changed properties can be included in config files. 
 Property: beachBiomeLocation, Value: biomesoplenty:gravel_beach
[21:41:31] [Server thread/INFO] [biomesoplenty]: grove.json: Detected config file 
[21:41:31] [Server thread/INFO] [biomesoplenty]: grove.json: You can't set a property to its default value, only changed properties can be included in config files. 
 Property: topBlock, Value: minecraft:grass[snowy=false]
[21:41:31] [Server thread/INFO] [biomesoplenty]: grove.json: You can't set a property to its default value, only changed properties can be included in config files. 
 Property: fillerBlock, Value: minecraft:dirt[snowy=false,variant=dirt]
[21:41:31] [Server thread/INFO] [biomesoplenty]: grove.json: You can't set a property to its default value, only changed properties can be included in config files. 
 Property: skyColor, Value: -1
[21:41:31] [Server thread/INFO] [biomesoplenty]: grove.json: You can't set a property to its default value, only changed properties can be included in config files. 
 Property: fogColor, Value: -1
[21:41:31] [Server thread/INFO] [biomesoplenty]: grove.json: You can't set a property to its default value, only changed properties can be included in config files. 
 Property: fogDensity, Value: 1.0
[21:41:31] [Server thread/INFO] [biomesoplenty]: grove.json: You can't set a property to its default value, only changed properties can be included in config files. 
 Property: hasBiomeEssence, Value: true
[21:41:31] [Server thread/INFO] [biomesoplenty]: grove.json: You can't set a property to its default value, only changed properties can be included in config files. 
 Property: seaFloorBlock, Value: minecraft:dirt[snowy=false,variant=dirt]
[21:41:31] [Server thread/INFO] [biomesoplenty]: grove.json: You can't set a property to its default value, only changed properties can be included in config files. 
 Property: averageHeight, Value: 66.0
[21:41:31] [Server thread/INFO] [biomesoplenty]: grove.json: You can't set a property to its default value, only changed properties can be included in config files. 
 Property: variationBelow, Value: 8.0
[21:41:31] [Server thread/INFO] [biomesoplenty]: grove.json: You can't set a property to its default value, only changed properties can be included in config files. 
 Property: variationAbove, Value: 20.0
[21:41:31] [Server thread/INFO] [biomesoplenty]: grove.json: You can't set a property to its default value, only changed properties can be included in config files. 
 Property: canSpawnInBiome, Value: true
[21:41:31] [Server thread/INFO] [biomesoplenty]: grove.json: You can't set a property to its default value, only changed properties can be included in config files. 
 Property: canGenerateVillages, Value: true
[21:41:31] [Server thread/INFO] [biomesoplenty]: grove.json: You can't set a property to its default value, only changed properties can be included in config files. 
 Property: canGenerateRivers, Value: true
[21:41:31] [Server thread/INFO] [biomesoplenty]: grove.json: You can't set a property to its default value, only changed properties can be included in config files. 
 Property: beachBiomeLocation, Value: minecraft:beaches
[21:41:31] [Server thread/INFO] [biomesoplenty]: highland.json: Detected config file 
[21:41:31] [Server thread/INFO] [biomesoplenty]: highland.json: You can't set a property to its default value, only changed properties can be included in config files. 
 Property: topBlock, Value: minecraft:grass[snowy=false]
[21:41:31] [Server thread/INFO] [biomesoplenty]: highland.json: You can't set a property to its default value, only changed properties can be included in config files. 
 Property: fillerBlock, Value: minecraft:dirt[snowy=false,variant=dirt]
[21:41:31] [Server thread/INFO] [biomesoplenty]: highland.json: You can't set a property to its default value, only changed properties can be included in config files. 
 Property: skyColor, Value: -1
[21:41:31] [Server thread/INFO] [biomesoplenty]: highland.json: You can't set a property to its default value, only changed properties can be included in config files. 
 Property: fogColor, Value: -1
[21:41:31] [Server thread/INFO] [biomesoplenty]: highland.json: You can't set a property to its default value, only changed properties can be included in config files. 
 Property: fogDensity, Value: 1.0
[21:41:31] [Server thread/INFO] [biomesoplenty]: highland.json: You can't set a property to its default value, only changed properties can be included in config files. 
 Property: hasBiomeEssence, Value: true
[21:41:31] [Server thread/INFO] [biomesoplenty]: highland.json: You can't set a property to its default value, only changed properties can be included in config files. 
 Property: seaFloorBlock, Value: minecraft:dirt[snowy=false,variant=dirt]
[21:41:31] [Server thread/INFO] [biomesoplenty]: highland.json: You can't set a property to its default value, only changed properties can be included in config files. 
 Property: averageHeight, Value: 100.0
[21:41:31] [Server thread/INFO] [biomesoplenty]: highland.json: You can't set a property to its default value, only changed properties can be included in config files. 
 Property: variationBelow, Value: 35.0
[21:41:31] [Server thread/INFO] [biomesoplenty]: highland.json: You can't set a property to its default value, only changed properties can be included in config files. 
 Property: variationAbove, Value: 35.0
[21:41:31] [Server thread/INFO] [biomesoplenty]: highland.json: You can't set a property to its default value, only changed properties can be included in config files. 
 Property: canSpawnInBiome, Value: true
[21:41:31] [Server thread/INFO] [biomesoplenty]: highland.json: You can't set a property to its default value, only changed properties can be included in config files. 
 Property: canGenerateVillages, Value: false
[21:41:31] [Server thread/INFO] [biomesoplenty]: highland.json: You can't set a property to its default value, only changed properties can be included in config files. 
 Property: canGenerateRivers, Value: false
[21:41:31] [Server thread/INFO] [biomesoplenty]: land_of_lakes.json: Detected config file 
[21:41:31] [Server thread/INFO] [biomesoplenty]: land_of_lakes.json: You can't set a property to its default value, only changed properties can be included in config files. 
 Property: topBlock, Value: biomesoplenty:grass[snowy=false,variant=loamy]
[21:41:31] [Server thread/INFO] [biomesoplenty]: land_of_lakes.json: You can't set a property to its default value, only changed properties can be included in config files. 
 Property: fillerBlock, Value: biomesoplenty:dirt[coarse=false,variant=loamy]
[21:41:31] [Server thread/INFO] [biomesoplenty]: land_of_lakes.json: You can't set a property to its default value, only changed properties can be included in config files. 
 Property: skyColor, Value: -1
[21:41:31] [Server thread/INFO] [biomesoplenty]: land_of_lakes.json: You can't set a property to its default value, only changed properties can be included in config files. 
 Property: fogColor, Value: -1
[21:41:31] [Server thread/INFO] [biomesoplenty]: land_of_lakes.json: You can't set a property to its default value, only changed properties can be included in config files. 
 Property: fogDensity, Value: 1.0
[21:41:31] [Server thread/INFO] [biomesoplenty]: land_of_lakes.json: You can't set a property to its default value, only changed properties can be included in config files. 
 Property: hasBiomeEssence, Value: true
[21:41:31] [Server thread/INFO] [biomesoplenty]: land_of_lakes.json: You can't set a property to its default value, only changed properties can be included in config files. 
 Property: seaFloorBlock, Value: biomesoplenty:mud[variant=mud]
[21:41:31] [Server thread/INFO] [biomesoplenty]: land_of_lakes.json: You can't set a property to its default value, only changed properties can be included in config files. 
 Property: averageHeight, Value: 63.0
[21:41:31] [Server thread/INFO] [biomesoplenty]: land_of_lakes.json: You can't set a property to its default value, only changed properties can be included in config files. 
 Property: variationBelow, Value: 10.0
[21:41:31] [Server thread/INFO] [biomesoplenty]: land_of_lakes.json: You can't set a property to its default value, only changed properties can be included in config files. 
 Property: variationAbove, Value: 10.0
[21:41:31] [Server thread/INFO] [biomesoplenty]: land_of_lakes.json: You can't set a property to its default value, only changed properties can be included in config files. 
 Property: canSpawnInBiome, Value: true
[21:41:31] [Server thread/INFO] [biomesoplenty]: land_of_lakes.json: You can't set a property to its default value, only changed properties can be included in config files. 
 Property: canGenerateVillages, Value: false
[21:41:31] [Server thread/INFO] [biomesoplenty]: land_of_lakes.json: You can't set a property to its default value, only changed properties can be included in config files. 
 Property: canGenerateRivers, Value: true
[21:41:31] [Server thread/INFO] [biomesoplenty]: land_of_lakes.json: You can't set a property to its default value, only changed properties can be included in config files. 
 Property: beachBiomeLocation, Value: biomesoplenty:gravel_beach
[21:41:31] [Server thread/INFO] [biomesoplenty]: lavender_fields.json: Detected config file 
[21:41:31] [Server thread/INFO] [biomesoplenty]: lavender_fields.json: You can't set a property to its default value, only changed properties can be included in config files. 
 Property: topBlock, Value: biomesoplenty:grass[snowy=false,variant=silty]
[21:41:31] [Server thread/INFO] [biomesoplenty]: lavender_fields.json: You can't set a property to its default value, only changed properties can be included in config files. 
 Property: fillerBlock, Value: biomesoplenty:dirt[coarse=false,variant=silty]
[21:41:31] [Server thread/INFO] [biomesoplenty]: lavender_fields.json: You can't set a property to its default value, only changed properties can be included in config files. 
 Property: skyColor, Value: -1
[21:41:31] [Server thread/INFO] [biomesoplenty]: lavender_fields.json: You can't set a property to its default value, only changed properties can be included in config files. 
 Property: fogColor, Value: -1
[21:41:31] [Server thread/INFO] [biomesoplenty]: lavender_fields.json: You can't set a property to its default value, only changed properties can be included in config files. 
 Property: fogDensity, Value: 1.0
[21:41:31] [Server thread/INFO] [biomesoplenty]: lavender_fields.json: You can't set a property to its default value, only changed properties can be included in config files. 
 Property: hasBiomeEssence, Value: true
[21:41:31] [Server thread/INFO] [biomesoplenty]: lavender_fields.json: You can't set a property to its default value, only changed properties can be included in config files. 
 Property: seaFloorBlock, Value: minecraft:dirt[snowy=false,variant=dirt]
[21:41:31] [Server thread/INFO] [biomesoplenty]: lavender_fields.json: You can't set a property to its default value, only changed properties can be included in config files. 
 Property: averageHeight, Value: 64.0
[21:41:31] [Server thread/INFO] [biomesoplenty]: lavender_fields.json: You can't set a property to its default value, only changed properties can be included in config files. 
 Property: variationBelow, Value: 4.0
[21:41:31] [Server thread/INFO] [biomesoplenty]: lavender_fields.json: You can't set a property to its default value, only changed properties can be included in config files. 
 Property: variationAbove, Value: 12.0
[21:41:31] [Server thread/INFO] [biomesoplenty]: lavender_fields.json: You can't set a property to its default value, only changed properties can be included in config files. 
 Property: canSpawnInBiome, Value: false
[21:41:31] [Server thread/INFO] [biomesoplenty]: lavender_fields.json: You can't set a property to its default value, only changed properties can be included in config files. 
 Property: canGenerateVillages, Value: false
[21:41:31] [Server thread/INFO] [biomesoplenty]: lavender_fields.json: You can't set a property to its default value, only changed properties can be included in config files. 
 Property: canGenerateRivers, Value: true
[21:41:31] [Server thread/INFO] [biomesoplenty]: lavender_fields.json: You can't set a property to its default value, only changed properties can be included in config files. 
 Property: beachBiomeLocation, Value: minecraft:beaches
[21:41:31] [Server thread/INFO] [biomesoplenty]: lush_desert.json: Detected config file 
[21:41:31] [Server thread/INFO] [biomesoplenty]: lush_desert.json: You can't set a property to its default value, only changed properties can be included in config files. 
 Property: topBlock, Value: minecraft:hardened_clay
[21:41:31] [Server thread/INFO] [biomesoplenty]: lush_desert.json: You can't set a property to its default value, only changed properties can be included in config files. 
 Property: fillerBlock, Value: minecraft:hardened_clay
[21:41:31] [Server thread/INFO] [biomesoplenty]: lush_desert.json: You can't set a property to its default value, only changed properties can be included in config files. 
 Property: skyColor, Value: -1
[21:41:31] [Server thread/INFO] [biomesoplenty]: lush_desert.json: You can't set a property to its default value, only changed properties can be included in config files. 
 Property: fogColor, Value: -1
[21:41:31] [Server thread/INFO] [biomesoplenty]: lush_desert.json: You can't set a property to its default value, only changed properties can be included in config files. 
 Property: fogDensity, Value: 1.0
[21:41:31] [Server thread/INFO] [biomesoplenty]: lush_desert.json: You can't set a property to its default value, only changed properties can be included in config files. 
 Property: hasBiomeEssence, Value: true
[21:41:31] [Server thread/INFO] [biomesoplenty]: lush_desert.json: You can't set a property to its default value, only changed properties can be included in config files. 
 Property: seaFloorBlock, Value: minecraft:dirt[snowy=false,variant=dirt]
[21:41:31] [Server thread/INFO] [biomesoplenty]: lush_desert.json: You can't set a property to its default value, only changed properties can be included in config files. 
 Property: averageHeight, Value: 63.0
[21:41:31] [Server thread/INFO] [biomesoplenty]: lush_desert.json: You can't set a property to its default value, only changed properties can be included in config files. 
 Property: variationBelow, Value: 8.0
[21:41:31] [Server thread/INFO] [biomesoplenty]: lush_desert.json: You can't set a property to its default value, only changed properties can be included in config files. 
 Property: variationAbove, Value: 40.0
[21:41:31] [Server thread/INFO] [biomesoplenty]: lush_desert.json: You can't set a property to its default value, only changed properties can be included in config files. 
 Property: canSpawnInBiome, Value: false
[21:41:31] [Server thread/INFO] [biomesoplenty]: lush_desert.json: You can't set a property to its default value, only changed properties can be included in config files. 
 Property: canGenerateVillages, Value: true
[21:41:31] [Server thread/INFO] [biomesoplenty]: lush_desert.json: You can't set a property to its default value, only changed properties can be included in config files. 
 Property: canGenerateRivers, Value: true
[21:41:31] [Server thread/INFO] [biomesoplenty]: lush_desert.json: You can't set a property to its default value, only changed properties can be included in config files. 
 Property: beachBiomeLocation, Value: minecraft:beaches
[21:41:31] [Server thread/INFO] [biomesoplenty]: lush_swamp.json: Detected config file 
[21:41:31] [Server thread/INFO] [biomesoplenty]: lush_swamp.json: You can't set a property to its default value, only changed properties can be included in config files. 
 Property: topBlock, Value: minecraft:grass[snowy=false]
[21:41:31] [Server thread/INFO] [biomesoplenty]: lush_swamp.json: You can't set a property to its default value, only changed properties can be included in config files. 
 Property: fillerBlock, Value: minecraft:dirt[snowy=false,variant=dirt]
[21:41:31] [Server thread/INFO] [biomesoplenty]: lush_swamp.json: You can't set a property to its default value, only changed properties can be included in config files. 
 Property: skyColor, Value: -1
[21:41:31] [Server thread/INFO] [biomesoplenty]: lush_swamp.json: You can't set a property to its default value, only changed properties can be included in config files. 
 Property: fogColor, Value: -1
[21:41:31] [Server thread/INFO] [biomesoplenty]: lush_swamp.json: You can't set a property to its default value, only changed properties can be included in config files. 
 Property: fogDensity, Value: 1.0
[21:41:31] [Server thread/INFO] [biomesoplenty]: lush_swamp.json: You can't set a property to its default value, only changed properties can be included in config files. 
 Property: hasBiomeEssence, Value: true
[21:41:31] [Server thread/INFO] [biomesoplenty]: lush_swamp.json: You can't set a property to its default value, only changed properties can be included in config files. 
 Property: seaFloorBlock, Value: minecraft:dirt[snowy=false,variant=dirt]
[21:41:31] [Server thread/INFO] [biomesoplenty]: lush_swamp.json: You can't set a property to its default value, only changed properties can be included in config files. 
 Property: averageHeight, Value: 63.0
[21:41:31] [Server thread/INFO] [biomesoplenty]: lush_swamp.json: You can't set a property to its default value, only changed properties can be included in config files. 
 Property: variationBelow, Value: 5.0
[21:41:31] [Server thread/INFO] [biomesoplenty]: lush_swamp.json: You can't set a property to its default value, only changed properties can be included in config files. 
 Property: variationAbove, Value: 10.0
[21:41:31] [Server thread/INFO] [biomesoplenty]: lush_swamp.json: You can't set a property to its default value, only changed properties can be included in config files. 
 Property: canSpawnInBiome, Value: true
[21:41:31] [Server thread/INFO] [biomesoplenty]: lush_swamp.json: You can't set a property to its default value, only changed properties can be included in config files. 
 Property: canGenerateVillages, Value: false
[21:41:31] [Server thread/INFO] [biomesoplenty]: lush_swamp.json: You can't set a property to its default value, only changed properties can be included in config files. 
 Property: canGenerateRivers, Value: false
[21:41:31] [Server thread/INFO] [biomesoplenty]: mangrove.json: Detected config file 
[21:41:31] [Server thread/INFO] [biomesoplenty]: mangrove.json: You can't set a property to its default value, only changed properties can be included in config files. 
 Property: topBlock, Value: biomesoplenty:mud[variant=mud]
[21:41:31] [Server thread/INFO] [biomesoplenty]: mangrove.json: You can't set a property to its default value, only changed properties can be included in config files. 
 Property: fillerBlock, Value: biomesoplenty:mud[variant=mud]
[21:41:31] [Server thread/INFO] [biomesoplenty]: mangrove.json: You can't set a property to its default value, only changed properties can be included in config files. 
 Property: skyColor, Value: -1
[21:41:31] [Server thread/INFO] [biomesoplenty]: mangrove.json: You can't set a property to its default value, only changed properties can be included in config files. 
 Property: fogColor, Value: -1
[21:41:31] [Server thread/INFO] [biomesoplenty]: mangrove.json: You can't set a property to its default value, only changed properties can be included in config files. 
 Property: fogDensity, Value: 1.0
[21:41:31] [Server thread/INFO] [biomesoplenty]: mangrove.json: You can't set a property to its default value, only changed properties can be included in config files. 
 Property: hasBiomeEssence, Value: true
[21:41:31] [Server thread/INFO] [biomesoplenty]: mangrove.json: You can't set a property to its default value, only changed properties can be included in config files. 
 Property: seaFloorBlock, Value: biomesoplenty:mud[variant=mud]
[21:41:31] [Server thread/INFO] [biomesoplenty]: mangrove.json: You can't set a property to its default value, only changed properties can be included in config files. 
 Property: averageHeight, Value: 62.0
[21:41:31] [Server thread/INFO] [biomesoplenty]: mangrove.json: You can't set a property to its default value, only changed properties can be included in config files. 
 Property: variationBelow, Value: 8.0
[21:41:31] [Server thread/INFO] [biomesoplenty]: mangrove.json: You can't set a property to its default value, only changed properties can be included in config files. 
 Property: variationAbove, Value: 2.0
[21:41:31] [Server thread/INFO] [biomesoplenty]: mangrove.json: You can't set a property to its default value, only changed properties can be included in config files. 
 Property: canSpawnInBiome, Value: false
[21:41:31] [Server thread/INFO] [biomesoplenty]: mangrove.json: You can't set a property to its default value, only changed properties can be included in config files. 
 Property: canGenerateVillages, Value: false
[21:41:31] [Server thread/INFO] [biomesoplenty]: mangrove.json: You can't set a property to its default value, only changed properties can be included in config files. 
 Property: canGenerateRivers, Value: false
[21:41:31] [Server thread/INFO] [biomesoplenty]: maple_woods.json: Detected config file 
[21:41:31] [Server thread/INFO] [biomesoplenty]: maple_woods.json: You can't set a property to its default value, only changed properties can be included in config files. 
 Property: topBlock, Value: minecraft:grass[snowy=false]
[21:41:31] [Server thread/INFO] [biomesoplenty]: maple_woods.json: You can't set a property to its default value, only changed properties can be included in config files. 
 Property: fillerBlock, Value: minecraft:dirt[snowy=false,variant=dirt]
[21:41:31] [Server thread/INFO] [biomesoplenty]: maple_woods.json: You can't set a property to its default value, only changed properties can be included in config files. 
 Property: skyColor, Value: -1
[21:41:31] [Server thread/INFO] [biomesoplenty]: maple_woods.json: You can't set a property to its default value, only changed properties can be included in config files. 
 Property: fogColor, Value: -1
[21:41:31] [Server thread/INFO] [biomesoplenty]: maple_woods.json: You can't set a property to its default value, only changed properties can be included in config files. 
 Property: fogDensity, Value: 1.0
[21:41:31] [Server thread/INFO] [biomesoplenty]: maple_woods.json: You can't set a property to its default value, only changed properties can be included in config files. 
 Property: hasBiomeEssence, Value: true
[21:41:31] [Server thread/INFO] [biomesoplenty]: maple_woods.json: You can't set a property to its default value, only changed properties can be included in config files. 
 Property: seaFloorBlock, Value: minecraft:dirt[snowy=false,variant=dirt]
[21:41:31] [Server thread/INFO] [biomesoplenty]: maple_woods.json: You can't set a property to its default value, only changed properties can be included in config files. 
 Property: averageHeight, Value: 70.0
[21:41:31] [Server thread/INFO] [biomesoplenty]: maple_woods.json: You can't set a property to its default value, only changed properties can be included in config files. 
 Property: variationBelow, Value: 10.0
[21:41:31] [Server thread/INFO] [biomesoplenty]: maple_woods.json: You can't set a property to its default value, only changed properties can be included in config files. 
 Property: variationAbove, Value: 25.0
[21:41:31] [Server thread/INFO] [biomesoplenty]: maple_woods.json: You can't set a property to its default value, only changed properties can be included in config files. 
 Property: canSpawnInBiome, Value: true
[21:41:31] [Server thread/INFO] [biomesoplenty]: maple_woods.json: You can't set a property to its default value, only changed properties can be included in config files. 
 Property: canGenerateVillages, Value: false
[21:41:31] [Server thread/INFO] [biomesoplenty]: maple_woods.json: You can't set a property to its default value, only changed properties can be included in config files. 
 Property: canGenerateRivers, Value: true
[21:41:31] [Server thread/INFO] [biomesoplenty]: maple_woods.json: You can't set a property to its default value, only changed properties can be included in config files. 
 Property: beachBiomeLocation, Value: biomesoplenty:gravel_beach
[21:41:31] [Server thread/INFO] [biomesoplenty]: marsh.json: Detected config file 
[21:41:31] [Server thread/INFO] [biomesoplenty]: marsh.json: You can't set a property to its default value, only changed properties can be included in config files. 
 Property: topBlock, Value: biomesoplenty:grass[snowy=false,variant=loamy]
[21:41:31] [Server thread/INFO] [biomesoplenty]: marsh.json: You can't set a property to its default value, only changed properties can be included in config files. 
 Property: fillerBlock, Value: biomesoplenty:dirt[coarse=false,variant=loamy]
[21:41:31] [Server thread/INFO] [biomesoplenty]: marsh.json: You can't set a property to its default value, only changed properties can be included in config files. 
 Property: skyColor, Value: -1
[21:41:31] [Server thread/INFO] [biomesoplenty]: marsh.json: You can't set a property to its default value, only changed properties can be included in config files. 
 Property: fogColor, Value: -1
[21:41:31] [Server thread/INFO] [biomesoplenty]: marsh.json: You can't set a property to its default value, only changed properties can be included in config files. 
 Property: fogDensity, Value: 1.0
[21:41:31] [Server thread/INFO] [biomesoplenty]: marsh.json: You can't set a property to its default value, only changed properties can be included in config files. 
 Property: hasBiomeEssence, Value: true
[21:41:31] [Server thread/INFO] [biomesoplenty]: marsh.json: You can't set a property to its default value, only changed properties can be included in config files. 
 Property: seaFloorBlock, Value: biomesoplenty:mud[variant=mud]
[21:41:31] [Server thread/INFO] [biomesoplenty]: marsh.json: You can't set a property to its default value, only changed properties can be included in config files. 
 Property: averageHeight, Value: 62.0
[21:41:31] [Server thread/INFO] [biomesoplenty]: marsh.json: You can't set a property to its default value, only changed properties can be included in config files. 
 Property: variationBelow, Value: 5.0
[21:41:31] [Server thread/INFO] [biomesoplenty]: marsh.json: You can't set a property to its default value, only changed properties can be included in config files. 
 Property: variationAbove, Value: 3.0
[21:41:31] [Server thread/INFO] [biomesoplenty]: marsh.json: You can't set a property to its default value, only changed properties can be included in config files. 
 Property: canSpawnInBiome, Value: false
[21:41:31] [Server thread/INFO] [biomesoplenty]: marsh.json: You can't set a property to its default value, only changed properties can be included in config files. 
 Property: canGenerateVillages, Value: false
[21:41:31] [Server thread/INFO] [biomesoplenty]: marsh.json: You can't set a property to its default value, only changed properties can be included in config files. 
 Property: canGenerateRivers, Value: false
[21:41:31] [Server thread/INFO] [biomesoplenty]: meadow.json: Detected config file 
[21:41:31] [Server thread/INFO] [biomesoplenty]: meadow.json: You can't set a property to its default value, only changed properties can be included in config files. 
 Property: topBlock, Value: minecraft:grass[snowy=false]
[21:41:31] [Server thread/INFO] [biomesoplenty]: meadow.json: You can't set a property to its default value, only changed properties can be included in config files. 
 Property: fillerBlock, Value: minecraft:dirt[snowy=false,variant=dirt]
[21:41:31] [Server thread/INFO] [biomesoplenty]: meadow.json: You can't set a property to its default value, only changed properties can be included in config files. 
 Property: skyColor, Value: -1
[21:41:31] [Server thread/INFO] [biomesoplenty]: meadow.json: You can't set a property to its default value, only changed properties can be included in config files. 
 Property: fogColor, Value: -1
[21:41:31] [Server thread/INFO] [biomesoplenty]: meadow.json: You can't set a property to its default value, only changed properties can be included in config files. 
 Property: fogDensity, Value: 1.0
[21:41:31] [Server thread/INFO] [biomesoplenty]: meadow.json: You can't set a property to its default value, only changed properties can be included in config files. 
 Property: hasBiomeEssence, Value: true
[21:41:31] [Server thread/INFO] [biomesoplenty]: meadow.json: You can't set a property to its default value, only changed properties can be included in config files. 
 Property: seaFloorBlock, Value: minecraft:dirt[snowy=false,variant=dirt]
[21:41:31] [Server thread/INFO] [biomesoplenty]: meadow.json: You can't set a property to its default value, only changed properties can be included in config files. 
 Property: averageHeight, Value: 64.0
[21:41:31] [Server thread/INFO] [biomesoplenty]: meadow.json: You can't set a property to its default value, only changed properties can be included in config files. 
 Property: variationBelow, Value: 5.0
[21:41:31] [Server thread/INFO] [biomesoplenty]: meadow.json: You can't set a property to its default value, only changed properties can be included in config files. 
 Property: variationAbove, Value: 5.0
[21:41:31] [Server thread/INFO] [biomesoplenty]: meadow.json: You can't set a property to its default value, only changed properties can be included in config files. 
 Property: canSpawnInBiome, Value: true
[21:41:31] [Server thread/INFO] [biomesoplenty]: meadow.json: You can't set a property to its default value, only changed properties can be included in config files. 
 Property: canGenerateVillages, Value: true
[21:41:31] [Server thread/INFO] [biomesoplenty]: meadow.json: You can't set a property to its default value, only changed properties can be included in config files. 
 Property: canGenerateRivers, Value: true
[21:41:31] [Server thread/INFO] [biomesoplenty]: meadow.json: You can't set a property to its default value, only changed properties can be included in config files. 
 Property: beachBiomeLocation, Value: biomesoplenty:gravel_beach
[21:41:31] [Server thread/INFO] [biomesoplenty]: moor.json: Detected config file 
[21:41:31] [Server thread/INFO] [biomesoplenty]: moor.json: You can't set a property to its default value, only changed properties can be included in config files. 
 Property: topBlock, Value: biomesoplenty:grass[snowy=false,variant=loamy]
[21:41:31] [Server thread/INFO] [biomesoplenty]: moor.json: You can't set a property to its default value, only changed properties can be included in config files. 
 Property: fillerBlock, Value: biomesoplenty:dirt[coarse=false,variant=loamy]
[21:41:31] [Server thread/INFO] [biomesoplenty]: moor.json: You can't set a property to its default value, only changed properties can be included in config files. 
 Property: skyColor, Value: -1
[21:41:31] [Server thread/INFO] [biomesoplenty]: moor.json: You can't set a property to its default value, only changed properties can be included in config files. 
 Property: fogColor, Value: -1
[21:41:31] [Server thread/INFO] [biomesoplenty]: moor.json: You can't set a property to its default value, only changed properties can be included in config files. 
 Property: fogDensity, Value: 1.0
[21:41:31] [Server thread/INFO] [biomesoplenty]: moor.json: You can't set a property to its default value, only changed properties can be included in config files. 
 Property: hasBiomeEssence, Value: true
[21:41:31] [Server thread/INFO] [biomesoplenty]: moor.json: You can't set a property to its default value, only changed properties can be included in config files. 
 Property: seaFloorBlock, Value: minecraft:dirt[snowy=false,variant=dirt]
[21:41:31] [Server thread/INFO] [biomesoplenty]: moor.json: You can't set a property to its default value, only changed properties can be included in config files. 
 Property: averageHeight, Value: 88.0
[21:41:31] [Server thread/INFO] [biomesoplenty]: moor.json: You can't set a property to its default value, only changed properties can be included in config files. 
 Property: variationBelow, Value: 8.0
[21:41:31] [Server thread/INFO] [biomesoplenty]: moor.json: You can't set a property to its default value, only changed properties can be included in config files. 
 Property: variationAbove, Value: 10.0
[21:41:31] [Server thread/INFO] [biomesoplenty]: moor.json: You can't set a property to its default value, only changed properties can be included in config files. 
 Property: canSpawnInBiome, Value: false
[21:41:31] [Server thread/INFO] [biomesoplenty]: moor.json: You can't set a property to its default value, only changed properties can be included in config files. 
 Property: canGenerateVillages, Value: false
[21:41:31] [Server thread/INFO] [biomesoplenty]: moor.json: You can't set a property to its default value, only changed properties can be included in config files. 
 Property: canGenerateRivers, Value: true
[21:41:31] [Server thread/INFO] [biomesoplenty]: mountain.json: Detected config file 
[21:41:31] [Server thread/INFO] [biomesoplenty]: mountain.json: You can't set a property to its default value, only changed properties can be included in config files. 
 Property: topBlock, Value: minecraft:grass[snowy=false]
[21:41:31] [Server thread/INFO] [biomesoplenty]: mountain.json: You can't set a property to its default value, only changed properties can be included in config files. 
 Property: fillerBlock, Value: minecraft:dirt[snowy=false,variant=dirt]
[21:41:31] [Server thread/INFO] [biomesoplenty]: mountain.json: You can't set a property to its default value, only changed properties can be included in config files. 
 Property: skyColor, Value: -1
[21:41:31] [Server thread/INFO] [biomesoplenty]: mountain.json: You can't set a property to its default value, only changed properties can be included in config files. 
 Property: fogColor, Value: -1
[21:41:31] [Server thread/INFO] [biomesoplenty]: mountain.json: You can't set a property to its default value, only changed properties can be included in config files. 
 Property: fogDensity, Value: 1.0
[21:41:31] [Server thread/INFO] [biomesoplenty]: mountain.json: You can't set a property to its default value, only changed properties can be included in config files. 
 Property: hasBiomeEssence, Value: true
[21:41:31] [Server thread/INFO] [biomesoplenty]: mountain.json: You can't set a property to its default value, only changed properties can be included in config files. 
 Property: seaFloorBlock, Value: minecraft:dirt[snowy=false,variant=dirt]
[21:41:31] [Server thread/INFO] [biomesoplenty]: mountain.json: You can't set a property to its default value, only changed properties can be included in config files. 
 Property: averageHeight, Value: 140.0
[21:41:31] [Server thread/INFO] [biomesoplenty]: mountain.json: You can't set a property to its default value, only changed properties can be included in config files. 
 Property: variationBelow, Value: 30.0
[21:41:31] [Server thread/INFO] [biomesoplenty]: mountain.json: You can't set a property to its default value, only changed properties can be included in config files. 
 Property: variationAbove, Value: 60.0
[21:41:31] [Server thread/INFO] [biomesoplenty]: mountain.json: You can't set a property to its default value, only changed properties can be included in config files. 
 Property: canSpawnInBiome, Value: false
[21:41:31] [Server thread/INFO] [biomesoplenty]: mountain.json: You can't set a property to its default value, only changed properties can be included in config files. 
 Property: canGenerateVillages, Value: false
[21:41:31] [Server thread/INFO] [biomesoplenty]: mountain.json: You can't set a property to its default value, only changed properties can be included in config files. 
 Property: canGenerateRivers, Value: false
[21:41:31] [Server thread/INFO] [biomesoplenty]: mystic_grove.json: Detected config file 
[21:41:31] [Server thread/INFO] [biomesoplenty]: mystic_grove.json: You can't set a property to its default value, only changed properties can be included in config files. 
 Property: topBlock, Value: biomesoplenty:grass[snowy=false,variant=silty]
[21:41:31] [Server thread/INFO] [biomesoplenty]: mystic_grove.json: You can't set a property to its default value, only changed properties can be included in config files. 
 Property: fillerBlock, Value: biomesoplenty:dirt[coarse=false,variant=silty]
[21:41:31] [Server thread/INFO] [biomesoplenty]: mystic_grove.json: You can't set a property to its default value, only changed properties can be included in config files. 
 Property: skyColor, Value: 8972496
[21:41:31] [Server thread/INFO] [biomesoplenty]: mystic_grove.json: You can't set a property to its default value, only changed properties can be included in config files. 
 Property: fogColor, Value: 16755401
[21:41:31] [Server thread/INFO] [biomesoplenty]: mystic_grove.json: You can't set a property to its default value, only changed properties can be included in config files. 
 Property: fogDensity, Value: 1.0
[21:41:31] [Server thread/INFO] [biomesoplenty]: mystic_grove.json: You can't set a property to its default value, only changed properties can be included in config files. 
 Property: hasBiomeEssence, Value: true
[21:41:31] [Server thread/INFO] [biomesoplenty]: mystic_grove.json: You can't set a property to its default value, only changed properties can be included in config files. 
 Property: seaFloorBlock, Value: minecraft:dirt[snowy=false,variant=dirt]
[21:41:31] [Server thread/INFO] [biomesoplenty]: mystic_grove.json: You can't set a property to its default value, only changed properties can be included in config files. 
 Property: averageHeight, Value: 63.0
[21:41:31] [Server thread/INFO] [biomesoplenty]: mystic_grove.json: You can't set a property to its default value, only changed properties can be included in config files. 
 Property: variationBelow, Value: 5.0
[21:41:31] [Server thread/INFO] [biomesoplenty]: mystic_grove.json: You can't set a property to its default value, only changed properties can be included in config files. 
 Property: variationAbove, Value: 20.0
[21:41:31] [Server thread/INFO] [biomesoplenty]: mystic_grove.json: You can't set a property to its default value, only changed properties can be included in config files. 
 Property: canSpawnInBiome, Value: false
[21:41:31] [Server thread/INFO] [biomesoplenty]: mystic_grove.json: You can't set a property to its default value, only changed properties can be included in config files. 
 Property: canGenerateVillages, Value: false
[21:41:31] [Server thread/INFO] [biomesoplenty]: mystic_grove.json: You can't set a property to its default value, only changed properties can be included in config files. 
 Property: canGenerateRivers, Value: false
[21:41:31] [Server thread/INFO] [biomesoplenty]: ominous_woods.json: Detected config file 
[21:41:31] [Server thread/INFO] [biomesoplenty]: ominous_woods.json: You can't set a property to its default value, only changed properties can be included in config files. 
 Property: topBlock, Value: biomesoplenty:grass[snowy=false,variant=loamy]
[21:41:31] [Server thread/INFO] [biomesoplenty]: ominous_woods.json: You can't set a property to its default value, only changed properties can be included in config files. 
 Property: fillerBlock, Value: biomesoplenty:dirt[coarse=false,variant=loamy]
[21:41:31] [Server thread/INFO] [biomesoplenty]: ominous_woods.json: You can't set a property to its default value, only changed properties can be included in config files. 
 Property: skyColor, Value: 3687520
[21:41:31] [Server thread/INFO] [biomesoplenty]: ominous_woods.json: You can't set a property to its default value, only changed properties can be included in config files. 
 Property: fogColor, Value: 3882316
[21:41:31] [Server thread/INFO] [biomesoplenty]: ominous_woods.json: You can't set a property to its default value, only changed properties can be included in config files. 
 Property: fogDensity, Value: 0.175
[21:41:31] [Server thread/INFO] [biomesoplenty]: ominous_woods.json: You can't set a property to its default value, only changed properties can be included in config files. 
 Property: hasBiomeEssence, Value: true
[21:41:31] [Server thread/INFO] [biomesoplenty]: ominous_woods.json: You can't set a property to its default value, only changed properties can be included in config files. 
 Property: seaFloorBlock, Value: minecraft:dirt[snowy=false,variant=dirt]
[21:41:31] [Server thread/INFO] [biomesoplenty]: ominous_woods.json: You can't set a property to its default value, only changed properties can be included in config files. 
 Property: averageHeight, Value: 66.0
[21:41:31] [Server thread/INFO] [biomesoplenty]: ominous_woods.json: You can't set a property to its default value, only changed properties can be included in config files. 
 Property: variationBelow, Value: 5.0
[21:41:31] [Server thread/INFO] [biomesoplenty]: ominous_woods.json: You can't set a property to its default value, only changed properties can be included in config files. 
 Property: variationAbove, Value: 10.0
[21:41:31] [Server thread/INFO] [biomesoplenty]: ominous_woods.json: You can't set a property to its default value, only changed properties can be included in config files. 
 Property: canSpawnInBiome, Value: false
[21:41:31] [Server thread/INFO] [biomesoplenty]: ominous_woods.json: You can't set a property to its default value, only changed properties can be included in config files. 
 Property: canGenerateVillages, Value: false
[21:41:31] [Server thread/INFO] [biomesoplenty]: ominous_woods.json: You can't set a property to its default value, only changed properties can be included in config files. 
 Property: canGenerateRivers, Value: false
[21:41:31] [Server thread/INFO] [biomesoplenty]: orchard.json: Detected config file 
[21:41:31] [Server thread/INFO] [biomesoplenty]: orchard.json: You can't set a property to its default value, only changed properties can be included in config files. 
 Property: topBlock, Value: minecraft:grass[snowy=false]
[21:41:31] [Server thread/INFO] [biomesoplenty]: orchard.json: You can't set a property to its default value, only changed properties can be included in config files. 
 Property: fillerBlock, Value: minecraft:dirt[snowy=false,variant=dirt]
[21:41:31] [Server thread/INFO] [biomesoplenty]: orchard.json: You can't set a property to its default value, only changed properties can be included in config files. 
 Property: skyColor, Value: -1
[21:41:31] [Server thread/INFO] [biomesoplenty]: orchard.json: You can't set a property to its default value, only changed properties can be included in config files. 
 Property: fogColor, Value: -1
[21:41:31] [Server thread/INFO] [biomesoplenty]: orchard.json: You can't set a property to its default value, only changed properties can be included in config files. 
 Property: fogDensity, Value: 1.0
[21:41:31] [Server thread/INFO] [biomesoplenty]: orchard.json: You can't set a property to its default value, only changed properties can be included in config files. 
 Property: hasBiomeEssence, Value: true
[21:41:31] [Server thread/INFO] [biomesoplenty]: orchard.json: You can't set a property to its default value, only changed properties can be included in config files. 
 Property: seaFloorBlock, Value: minecraft:dirt[snowy=false,variant=dirt]
[21:41:31] [Server thread/INFO] [biomesoplenty]: orchard.json: You can't set a property to its default value, only changed properties can be included in config files. 
 Property: averageHeight, Value: 64.0
[21:41:31] [Server thread/INFO] [biomesoplenty]: orchard.json: You can't set a property to its default value, only changed properties can be included in config files. 
 Property: variationBelow, Value: 4.0
[21:41:31] [Server thread/INFO] [biomesoplenty]: orchard.json: You can't set a property to its default value, only changed properties can be included in config files. 
 Property: variationAbove, Value: 15.0
[21:41:31] [Server thread/INFO] [biomesoplenty]: orchard.json: You can't set a property to its default value, only changed properties can be included in config files. 
 Property: canSpawnInBiome, Value: true
[21:41:31] [Server thread/INFO] [biomesoplenty]: orchard.json: You can't set a property to its default value, only changed properties can be included in config files. 
 Property: canGenerateVillages, Value: true
[21:41:31] [Server thread/INFO] [biomesoplenty]: orchard.json: You can't set a property to its default value, only changed properties can be included in config files. 
 Property: canGenerateRivers, Value: true
[21:41:31] [Server thread/INFO] [biomesoplenty]: orchard.json: You can't set a property to its default value, only changed properties can be included in config files. 
 Property: beachBiomeLocation, Value: minecraft:beaches
[21:41:31] [Server thread/INFO] [biomesoplenty]: outback.json: Detected config file 
[21:41:31] [Server thread/INFO] [biomesoplenty]: outback.json: You can't set a property to its default value, only changed properties can be included in config files. 
 Property: topBlock, Value: minecraft:sand[variant=red_sand]
[21:41:31] [Server thread/INFO] [biomesoplenty]: outback.json: You can't set a property to its default value, only changed properties can be included in config files. 
 Property: fillerBlock, Value: minecraft:sand[variant=red_sand]
[21:41:31] [Server thread/INFO] [biomesoplenty]: outback.json: You can't set a property to its default value, only changed properties can be included in config files. 
 Property: skyColor, Value: -1
[21:41:31] [Server thread/INFO] [biomesoplenty]: outback.json: You can't set a property to its default value, only changed properties can be included in config files. 
 Property: fogColor, Value: -1
[21:41:31] [Server thread/INFO] [biomesoplenty]: outback.json: You can't set a property to its default value, only changed properties can be included in config files. 
 Property: fogDensity, Value: 1.0
[21:41:31] [Server thread/INFO] [biomesoplenty]: outback.json: You can't set a property to its default value, only changed properties can be included in config files. 
 Property: hasBiomeEssence, Value: true
[21:41:31] [Server thread/INFO] [biomesoplenty]: outback.json: You can't set a property to its default value, only changed properties can be included in config files. 
 Property: seaFloorBlock, Value: minecraft:dirt[snowy=false,variant=dirt]
[21:41:31] [Server thread/INFO] [biomesoplenty]: outback.json: You can't set a property to its default value, only changed properties can be included in config files. 
 Property: averageHeight, Value: 72.0
[21:41:31] [Server thread/INFO] [biomesoplenty]: outback.json: You can't set a property to its default value, only changed properties can be included in config files. 
 Property: variationBelow, Value: 8.0
[21:41:31] [Server thread/INFO] [biomesoplenty]: outback.json: You can't set a property to its default value, only changed properties can be included in config files. 
 Property: variationAbove, Value: 10.0
[21:41:31] [Server thread/INFO] [biomesoplenty]: outback.json: You can't set a property to its default value, only changed properties can be included in config files. 
 Property: canSpawnInBiome, Value: true
[21:41:31] [Server thread/INFO] [biomesoplenty]: outback.json: You can't set a property to its default value, only changed properties can be included in config files. 
 Property: canGenerateVillages, Value: true
[21:41:31] [Server thread/INFO] [biomesoplenty]: outback.json: You can't set a property to its default value, only changed properties can be included in config files. 
 Property: canGenerateRivers, Value: true
[21:41:31] [Server thread/INFO] [biomesoplenty]: outback.json: You can't set a property to its default value, only changed properties can be included in config files. 
 Property: beachBiomeLocation, Value: minecraft:beaches
[21:41:31] [Server thread/INFO] [biomesoplenty]: overgrown_cliffs.json: Detected config file 
[21:41:31] [Server thread/INFO] [biomesoplenty]: overgrown_cliffs.json: You can't set a property to its default value, only changed properties can be included in config files. 
 Property: topBlock, Value: biomesoplenty:grass[snowy=false,variant=overgrown_stone]
[21:41:31] [Server thread/INFO] [biomesoplenty]: overgrown_cliffs.json: You can't set a property to its default value, only changed properties can be included in config files. 
 Property: fillerBlock, Value: minecraft:stone[variant=stone]
[21:41:31] [Server thread/INFO] [biomesoplenty]: overgrown_cliffs.json: You can't set a property to its default value, only changed properties can be included in config files. 
 Property: skyColor, Value: -1
[21:41:31] [Server thread/INFO] [biomesoplenty]: overgrown_cliffs.json: You can't set a property to its default value, only changed properties can be included in config files. 
 Property: fogColor, Value: -1
[21:41:31] [Server thread/INFO] [biomesoplenty]: overgrown_cliffs.json: You can't set a property to its default value, only changed properties can be included in config files. 
 Property: fogDensity, Value: 1.0
[21:41:31] [Server thread/INFO] [biomesoplenty]: overgrown_cliffs.json: You can't set a property to its default value, only changed properties can be included in config files. 
 Property: hasBiomeEssence, Value: true
[21:41:31] [Server thread/INFO] [biomesoplenty]: overgrown_cliffs.json: You can't set a property to its default value, only changed properties can be included in config files. 
 Property: seaFloorBlock, Value: minecraft:dirt[snowy=false,variant=dirt]
[21:41:31] [Server thread/INFO] [biomesoplenty]: overgrown_cliffs.json: You can't set a property to its default value, only changed properties can be included in config files. 
 Property: averageHeight, Value: 70.0
[21:41:31] [Server thread/INFO] [biomesoplenty]: overgrown_cliffs.json: You can't set a property to its default value, only changed properties can be included in config files. 
 Property: variationBelow, Value: 5.0
[21:41:31] [Server thread/INFO] [biomesoplenty]: overgrown_cliffs.json: You can't set a property to its default value, only changed properties can be included in config files. 
 Property: variationAbove, Value: 100.0
[21:41:31] [Server thread/INFO] [biomesoplenty]: overgrown_cliffs.json: You can't set a property to its default value, only changed properties can be included in config files. 
 Property: canSpawnInBiome, Value: false
[21:41:31] [Server thread/INFO] [biomesoplenty]: overgrown_cliffs.json: You can't set a property to its default value, only changed properties can be included in config files. 
 Property: canGenerateVillages, Value: false
[21:41:31] [Server thread/INFO] [biomesoplenty]: overgrown_cliffs.json: You can't set a property to its default value, only changed properties can be included in config files. 
 Property: canGenerateRivers, Value: false
[21:41:31] [Server thread/INFO] [biomesoplenty]: prairie.json: Detected config file 
[21:41:31] [Server thread/INFO] [biomesoplenty]: prairie.json: You can't set a property to its default value, only changed properties can be included in config files. 
 Property: topBlock, Value: biomesoplenty:grass[snowy=false,variant=silty]
[21:41:31] [Server thread/INFO] [biomesoplenty]: prairie.json: You can't set a property to its default value, only changed properties can be included in config files. 
 Property: fillerBlock, Value: biomesoplenty:dirt[coarse=false,variant=silty]
[21:41:31] [Server thread/INFO] [biomesoplenty]: prairie.json: You can't set a property to its default value, only changed properties can be included in config files. 
 Property: skyColor, Value: -1
[21:41:31] [Server thread/INFO] [biomesoplenty]: prairie.json: You can't set a property to its default value, only changed properties can be included in config files. 
 Property: fogColor, Value: -1
[21:41:31] [Server thread/INFO] [biomesoplenty]: prairie.json: You can't set a property to its default value, only changed properties can be included in config files. 
 Property: fogDensity, Value: 1.0
[21:41:31] [Server thread/INFO] [biomesoplenty]: prairie.json: You can't set a property to its default value, only changed properties can be included in config files. 
 Property: hasBiomeEssence, Value: true
[21:41:31] [Server thread/INFO] [biomesoplenty]: prairie.json: You can't set a property to its default value, only changed properties can be included in config files. 
 Property: seaFloorBlock, Value: minecraft:dirt[snowy=false,variant=dirt]
[21:41:31] [Server thread/INFO] [biomesoplenty]: prairie.json: You can't set a property to its default value, only changed properties can be included in config files. 
 Property: averageHeight, Value: 64.0
[21:41:31] [Server thread/INFO] [biomesoplenty]: prairie.json: You can't set a property to its default value, only changed properties can be included in config files. 
 Property: variationBelow, Value: 4.0
[21:41:31] [Server thread/INFO] [biomesoplenty]: prairie.json: You can't set a property to its default value, only changed properties can be included in config files. 
 Property: variationAbove, Value: 6.0
[21:41:31] [Server thread/INFO] [biomesoplenty]: prairie.json: You can't set a property to its default value, only changed properties can be included in config files. 
 Property: canSpawnInBiome, Value: true
[21:41:31] [Server thread/INFO] [biomesoplenty]: prairie.json: You can't set a property to its default value, only changed properties can be included in config files. 
 Property: canGenerateVillages, Value: true
[21:41:31] [Server thread/INFO] [biomesoplenty]: prairie.json: You can't set a property to its default value, only changed properties can be included in config files. 
 Property: canGenerateRivers, Value: true
[21:41:31] [Server thread/INFO] [biomesoplenty]: prairie.json: You can't set a property to its default value, only changed properties can be included in config files. 
 Property: beachBiomeLocation, Value: minecraft:beaches
[21:41:31] [Server thread/INFO] [biomesoplenty]: quagmire.json: Detected config file 
[21:41:31] [Server thread/INFO] [biomesoplenty]: quagmire.json: You can't set a property to its default value, only changed properties can be included in config files. 
 Property: topBlock, Value: biomesoplenty:mud[variant=mud]
[21:41:31] [Server thread/INFO] [biomesoplenty]: quagmire.json: You can't set a property to its default value, only changed properties can be included in config files. 
 Property: fillerBlock, Value: biomesoplenty:mud[variant=mud]
[21:41:31] [Server thread/INFO] [biomesoplenty]: quagmire.json: You can't set a property to its default value, only changed properties can be included in config files. 
 Property: skyColor, Value: -1
[21:41:31] [Server thread/INFO] [biomesoplenty]: quagmire.json: You can't set a property to its default value, only changed properties can be included in config files. 
 Property: fogColor, Value: -1
[21:41:31] [Server thread/INFO] [biomesoplenty]: quagmire.json: You can't set a property to its default value, only changed properties can be included in config files. 
 Property: fogDensity, Value: 1.0
[21:41:31] [Server thread/INFO] [biomesoplenty]: quagmire.json: You can't set a property to its default value, only changed properties can be included in config files. 
 Property: hasBiomeEssence, Value: true
[21:41:31] [Server thread/INFO] [biomesoplenty]: quagmire.json: You can't set a property to its default value, only changed properties can be included in config files. 
 Property: seaFloorBlock, Value: biomesoplenty:mud[variant=mud]
[21:41:31] [Server thread/INFO] [biomesoplenty]: quagmire.json: You can't set a property to its default value, only changed properties can be included in config files. 
 Property: averageHeight, Value: 63.0
[21:41:31] [Server thread/INFO] [biomesoplenty]: quagmire.json: You can't set a property to its default value, only changed properties can be included in config files. 
 Property: variationBelow, Value: 5.0
[21:41:31] [Server thread/INFO] [biomesoplenty]: quagmire.json: You can't set a property to its default value, only changed properties can be included in config files. 
 Property: variationAbove, Value: 10.0
[21:41:31] [Server thread/INFO] [biomesoplenty]: quagmire.json: You can't set a property to its default value, only changed properties can be included in config files. 
 Property: canSpawnInBiome, Value: false
[21:41:31] [Server thread/INFO] [biomesoplenty]: quagmire.json: You can't set a property to its default value, only changed properties can be included in config files. 
 Property: canGenerateVillages, Value: false
[21:41:31] [Server thread/INFO] [biomesoplenty]: quagmire.json: You can't set a property to its default value, only changed properties can be included in config files. 
 Property: canGenerateRivers, Value: false
[21:41:31] [Server thread/INFO] [biomesoplenty]: rainforest.json: Detected config file 
[21:41:31] [Server thread/INFO] [biomesoplenty]: rainforest.json: You can't set a property to its default value, only changed properties can be included in config files. 
 Property: topBlock, Value: minecraft:grass[snowy=false]
[21:41:31] [Server thread/INFO] [biomesoplenty]: rainforest.json: You can't set a property to its default value, only changed properties can be included in config files. 
 Property: fillerBlock, Value: minecraft:dirt[snowy=false,variant=dirt]
[21:41:31] [Server thread/INFO] [biomesoplenty]: rainforest.json: You can't set a property to its default value, only changed properties can be included in config files. 
 Property: skyColor, Value: -1
[21:41:31] [Server thread/INFO] [biomesoplenty]: rainforest.json: You can't set a property to its default value, only changed properties can be included in config files. 
 Property: fogColor, Value: -1
[21:41:31] [Server thread/INFO] [biomesoplenty]: rainforest.json: You can't set a property to its default value, only changed properties can be included in config files. 
 Property: fogDensity, Value: 1.0
[21:41:31] [Server thread/INFO] [biomesoplenty]: rainforest.json: You can't set a property to its default value, only changed properties can be included in config files. 
 Property: hasBiomeEssence, Value: true
[21:41:31] [Server thread/INFO] [biomesoplenty]: rainforest.json: You can't set a property to its default value, only changed properties can be included in config files. 
 Property: seaFloorBlock, Value: minecraft:dirt[snowy=false,variant=dirt]
[21:41:31] [Server thread/INFO] [biomesoplenty]: rainforest.json: You can't set a property to its default value, only changed properties can be included in config files. 
 Property: averageHeight, Value: 80.0
[21:41:31] [Server thread/INFO] [biomesoplenty]: rainforest.json: You can't set a property to its default value, only changed properties can be included in config files. 
 Property: variationBelow, Value: 50.0
[21:41:31] [Server thread/INFO] [biomesoplenty]: rainforest.json: You can't set a property to its default value, only changed properties can be included in config files. 
 Property: variationAbove, Value: 50.0
[21:41:31] [Server thread/INFO] [biomesoplenty]: rainforest.json: You can't set a property to its default value, only changed properties can be included in config files. 
 Property: canSpawnInBiome, Value: false
[21:41:31] [Server thread/INFO] [biomesoplenty]: rainforest.json: You can't set a property to its default value, only changed properties can be included in config files. 
 Property: canGenerateVillages, Value: false
[21:41:31] [Server thread/INFO] [biomesoplenty]: rainforest.json: You can't set a property to its default value, only changed properties can be included in config files. 
 Property: canGenerateRivers, Value: false
[21:41:31] [Server thread/INFO] [biomesoplenty]: redwood_forest.json: Detected config file 
[21:41:31] [Server thread/INFO] [biomesoplenty]: redwood_forest.json: You can't set a property to its default value, only changed properties can be included in config files. 
 Property: topBlock, Value: minecraft:dirt[snowy=false,variant=podzol]
[21:41:31] [Server thread/INFO] [biomesoplenty]: redwood_forest.json: You can't set a property to its default value, only changed properties can be included in config files. 
 Property: fillerBlock, Value: minecraft:dirt[snowy=false,variant=dirt]
[21:41:31] [Server thread/INFO] [biomesoplenty]: redwood_forest.json: You can't set a property to its default value, only changed properties can be included in config files. 
 Property: skyColor, Value: -1
[21:41:31] [Server thread/INFO] [biomesoplenty]: redwood_forest.json: You can't set a property to its default value, only changed properties can be included in config files. 
 Property: fogColor, Value: -1
[21:41:31] [Server thread/INFO] [biomesoplenty]: redwood_forest.json: You can't set a property to its default value, only changed properties can be included in config files. 
 Property: fogDensity, Value: 1.0
[21:41:31] [Server thread/INFO] [biomesoplenty]: redwood_forest.json: You can't set a property to its default value, only changed properties can be included in config files. 
 Property: hasBiomeEssence, Value: true
[21:41:31] [Server thread/INFO] [biomesoplenty]: redwood_forest.json: You can't set a property to its default value, only changed properties can be included in config files. 
 Property: seaFloorBlock, Value: minecraft:dirt[snowy=false,variant=dirt]
[21:41:31] [Server thread/INFO] [biomesoplenty]: redwood_forest.json: You can't set a property to its default value, only changed properties can be included in config files. 
 Property: averageHeight, Value: 70.0
[21:41:31] [Server thread/INFO] [biomesoplenty]: redwood_forest.json: You can't set a property to its default value, only changed properties can be included in config files. 
 Property: variationBelow, Value: 4.0
[21:41:31] [Server thread/INFO] [biomesoplenty]: redwood_forest.json: You can't set a property to its default value, only changed properties can be included in config files. 
 Property: variationAbove, Value: 10.0
[21:41:31] [Server thread/INFO] [biomesoplenty]: redwood_forest.json: You can't set a property to its default value, only changed properties can be included in config files. 
 Property: canSpawnInBiome, Value: false
[21:41:31] [Server thread/INFO] [biomesoplenty]: redwood_forest.json: You can't set a property to its default value, only changed properties can be included in config files. 
 Property: canGenerateVillages, Value: false
[21:41:31] [Server thread/INFO] [biomesoplenty]: redwood_forest.json: You can't set a property to its default value, only changed properties can be included in config files. 
 Property: canGenerateRivers, Value: false
[21:41:31] [Server thread/INFO] [biomesoplenty]: redwood_forest.json: You can't set a property to its default value, only changed properties can be included in config files. 
 Property: beachBiomeLocation, Value: minecraft:beaches
[21:41:31] [Server thread/INFO] [biomesoplenty]: sacred_springs.json: Detected config file 
[21:41:31] [Server thread/INFO] [biomesoplenty]: sacred_springs.json: You can't set a property to its default value, only changed properties can be included in config files. 
 Property: topBlock, Value: minecraft:grass[snowy=false]
[21:41:31] [Server thread/INFO] [biomesoplenty]: sacred_springs.json: You can't set a property to its default value, only changed properties can be included in config files. 
 Property: fillerBlock, Value: minecraft:dirt[snowy=false,variant=dirt]
[21:41:31] [Server thread/INFO] [biomesoplenty]: sacred_springs.json: You can't set a property to its default value, only changed properties can be included in config files. 
 Property: skyColor, Value: -1
[21:41:31] [Server thread/INFO] [biomesoplenty]: sacred_springs.json: You can't set a property to its default value, only changed properties can be included in config files. 
 Property: fogColor, Value: -1
[21:41:31] [Server thread/INFO] [biomesoplenty]: sacred_springs.json: You can't set a property to its default value, only changed properties can be included in config files. 
 Property: fogDensity, Value: 1.0
[21:41:31] [Server thread/INFO] [biomesoplenty]: sacred_springs.json: You can't set a property to its default value, only changed properties can be included in config files. 
 Property: hasBiomeEssence, Value: true
[21:41:31] [Server thread/INFO] [biomesoplenty]: sacred_springs.json: You can't set a property to its default value, only changed properties can be included in config files. 
 Property: seaFloorBlock, Value: minecraft:dirt[snowy=false,variant=dirt]
[21:41:31] [Server thread/INFO] [biomesoplenty]: sacred_springs.json: You can't set a property to its default value, only changed properties can be included in config files. 
 Property: averageHeight, Value: 64.0
[21:41:31] [Server thread/INFO] [biomesoplenty]: sacred_springs.json: You can't set a property to its default value, only changed properties can be included in config files. 
 Property: variationBelow, Value: 10.0
[21:41:31] [Server thread/INFO] [biomesoplenty]: sacred_springs.json: You can't set a property to its default value, only changed properties can be included in config files. 
 Property: variationAbove, Value: 10.0
[21:41:31] [Server thread/INFO] [biomesoplenty]: sacred_springs.json: You can't set a property to its default value, only changed properties can be included in config files. 
 Property: canSpawnInBiome, Value: false
[21:41:31] [Server thread/INFO] [biomesoplenty]: sacred_springs.json: You can't set a property to its default value, only changed properties can be included in config files. 
 Property: canGenerateVillages, Value: false
[21:41:31] [Server thread/INFO] [biomesoplenty]: sacred_springs.json: You can't set a property to its default value, only changed properties can be included in config files. 
 Property: canGenerateRivers, Value: false
[21:41:31] [Server thread/INFO] [biomesoplenty]: seasonal_forest.json: Detected config file 
[21:41:31] [Server thread/INFO] [biomesoplenty]: seasonal_forest.json: You can't set a property to its default value, only changed properties can be included in config files. 
 Property: topBlock, Value: minecraft:grass[snowy=false]
[21:41:31] [Server thread/INFO] [biomesoplenty]: seasonal_forest.json: You can't set a property to its default value, only changed properties can be included in config files. 
 Property: fillerBlock, Value: minecraft:dirt[snowy=false,variant=dirt]
[21:41:31] [Server thread/INFO] [biomesoplenty]: seasonal_forest.json: You can't set a property to its default value, only changed properties can be included in config files. 
 Property: skyColor, Value: -1
[21:41:31] [Server thread/INFO] [biomesoplenty]: seasonal_forest.json: You can't set a property to its default value, only changed properties can be included in config files. 
 Property: fogColor, Value: -1
[21:41:31] [Server thread/INFO] [biomesoplenty]: seasonal_forest.json: You can't set a property to its default value, only changed properties can be included in config files. 
 Property: fogDensity, Value: 1.0
[21:41:31] [Server thread/INFO] [biomesoplenty]: seasonal_forest.json: You can't set a property to its default value, only changed properties can be included in config files. 
 Property: hasBiomeEssence, Value: true
[21:41:31] [Server thread/INFO] [biomesoplenty]: seasonal_forest.json: You can't set a property to its default value, only changed properties can be included in config files. 
 Property: seaFloorBlock, Value: minecraft:dirt[snowy=false,variant=dirt]
[21:41:31] [Server thread/INFO] [biomesoplenty]: seasonal_forest.json: You can't set a property to its default value, only changed properties can be included in config files. 
 Property: averageHeight, Value: 75.0
[21:41:31] [Server thread/INFO] [biomesoplenty]: seasonal_forest.json: You can't set a property to its default value, only changed properties can be included in config files. 
 Property: variationBelow, Value: 20.0
[21:41:31] [Server thread/INFO] [biomesoplenty]: seasonal_forest.json: You can't set a property to its default value, only changed properties can be included in config files. 
 Property: variationAbove, Value: 30.0
[21:41:31] [Server thread/INFO] [biomesoplenty]: seasonal_forest.json: You can't set a property to its default value, only changed properties can be included in config files. 
 Property: canSpawnInBiome, Value: true
[21:41:31] [Server thread/INFO] [biomesoplenty]: seasonal_forest.json: You can't set a property to its default value, only changed properties can be included in config files. 
 Property: canGenerateVillages, Value: true
[21:41:31] [Server thread/INFO] [biomesoplenty]: seasonal_forest.json: You can't set a property to its default value, only changed properties can be included in config files. 
 Property: canGenerateRivers, Value: true
[21:41:31] [Server thread/INFO] [biomesoplenty]: seasonal_forest.json: You can't set a property to its default value, only changed properties can be included in config files. 
 Property: beachBiomeLocation, Value: biomesoplenty:gravel_beach
[21:41:31] [Server thread/INFO] [biomesoplenty]: shield.json: Detected config file 
[21:41:31] [Server thread/INFO] [biomesoplenty]: shield.json: You can't set a property to its default value, only changed properties can be included in config files. 
 Property: topBlock, Value: minecraft:grass[snowy=false]
[21:41:31] [Server thread/INFO] [biomesoplenty]: shield.json: You can't set a property to its default value, only changed properties can be included in config files. 
 Property: fillerBlock, Value: minecraft:dirt[snowy=false,variant=dirt]
[21:41:31] [Server thread/INFO] [biomesoplenty]: shield.json: You can't set a property to its default value, only changed properties can be included in config files. 
 Property: skyColor, Value: -1
[21:41:31] [Server thread/INFO] [biomesoplenty]: shield.json: You can't set a property to its default value, only changed properties can be included in config files. 
 Property: fogColor, Value: -1
[21:41:31] [Server thread/INFO] [biomesoplenty]: shield.json: You can't set a property to its default value, only changed properties can be included in config files. 
 Property: fogDensity, Value: 1.0
[21:41:31] [Server thread/INFO] [biomesoplenty]: shield.json: You can't set a property to its default value, only changed properties can be included in config files. 
 Property: hasBiomeEssence, Value: true
[21:41:31] [Server thread/INFO] [biomesoplenty]: shield.json: You can't set a property to its default value, only changed properties can be included in config files. 
 Property: seaFloorBlock, Value: minecraft:dirt[snowy=false,variant=dirt]
[21:41:31] [Server thread/INFO] [biomesoplenty]: shield.json: You can't set a property to its default value, only changed properties can be included in config files. 
 Property: averageHeight, Value: 63.0
[21:41:31] [Server thread/INFO] [biomesoplenty]: shield.json: You can't set a property to its default value, only changed properties can be included in config files. 
 Property: variationBelow, Value: 10.0
[21:41:31] [Server thread/INFO] [biomesoplenty]: shield.json: You can't set a property to its default value, only changed properties can be included in config files. 
 Property: variationAbove, Value: 10.0
[21:41:31] [Server thread/INFO] [biomesoplenty]: shield.json: You can't set a property to its default value, only changed properties can be included in config files. 
 Property: canSpawnInBiome, Value: true
[21:41:31] [Server thread/INFO] [biomesoplenty]: shield.json: You can't set a property to its default value, only changed properties can be included in config files. 
 Property: canGenerateVillages, Value: false
[21:41:31] [Server thread/INFO] [biomesoplenty]: shield.json: You can't set a property to its default value, only changed properties can be included in config files. 
 Property: canGenerateRivers, Value: true
[21:41:31] [Server thread/INFO] [biomesoplenty]: shield.json: You can't set a property to its default value, only changed properties can be included in config files. 
 Property: beachBiomeLocation, Value: biomesoplenty:gravel_beach
[21:41:31] [Server thread/INFO] [biomesoplenty]: shrubland.json: Detected config file 
[21:41:31] [Server thread/INFO] [biomesoplenty]: shrubland.json: You can't set a property to its default value, only changed properties can be included in config files. 
 Property: topBlock, Value: minecraft:grass[snowy=false]
[21:41:31] [Server thread/INFO] [biomesoplenty]: shrubland.json: You can't set a property to its default value, only changed properties can be included in config files. 
 Property: fillerBlock, Value: minecraft:dirt[snowy=false,variant=dirt]
[21:41:31] [Server thread/INFO] [biomesoplenty]: shrubland.json: You can't set a property to its default value, only changed properties can be included in config files. 
 Property: skyColor, Value: -1
[21:41:31] [Server thread/INFO] [biomesoplenty]: shrubland.json: You can't set a property to its default value, only changed properties can be included in config files. 
 Property: fogColor, Value: -1
[21:41:31] [Server thread/INFO] [biomesoplenty]: shrubland.json: You can't set a property to its default value, only changed properties can be included in config files. 
 Property: fogDensity, Value: 1.0
[21:41:31] [Server thread/INFO] [biomesoplenty]: shrubland.json: You can't set a property to its default value, only changed properties can be included in config files. 
 Property: hasBiomeEssence, Value: true
[21:41:31] [Server thread/INFO] [biomesoplenty]: shrubland.json: You can't set a property to its default value, only changed properties can be included in config files. 
 Property: seaFloorBlock, Value: minecraft:dirt[snowy=false,variant=dirt]
[21:41:31] [Server thread/INFO] [biomesoplenty]: shrubland.json: You can't set a property to its default value, only changed properties can be included in config files. 
 Property: averageHeight, Value: 66.0
[21:41:31] [Server thread/INFO] [biomesoplenty]: shrubland.json: You can't set a property to its default value, only changed properties can be included in config files. 
 Property: variationBelow, Value: 8.0
[21:41:31] [Server thread/INFO] [biomesoplenty]: shrubland.json: You can't set a property to its default value, only changed properties can be included in config files. 
 Property: variationAbove, Value: 15.0
[21:41:31] [Server thread/INFO] [biomesoplenty]: shrubland.json: You can't set a property to its default value, only changed properties can be included in config files. 
 Property: canSpawnInBiome, Value: true
[21:41:31] [Server thread/INFO] [biomesoplenty]: shrubland.json: You can't set a property to its default value, only changed properties can be included in config files. 
 Property: canGenerateVillages, Value: true
[21:41:31] [Server thread/INFO] [biomesoplenty]: shrubland.json: You can't set a property to its default value, only changed properties can be included in config files. 
 Property: canGenerateRivers, Value: true
[21:41:31] [Server thread/INFO] [biomesoplenty]: shrubland.json: You can't set a property to its default value, only changed properties can be included in config files. 
 Property: beachBiomeLocation, Value: biomesoplenty:gravel_beach
[21:41:31] [Server thread/INFO] [biomesoplenty]: snowy_coniferous_forest.json: Detected config file 
[21:41:31] [Server thread/INFO] [biomesoplenty]: snowy_coniferous_forest.json: You can't set a property to its default value, only changed properties can be included in config files. 
 Property: topBlock, Value: biomesoplenty:grass[snowy=false,variant=loamy]
[21:41:31] [Server thread/INFO] [biomesoplenty]: snowy_coniferous_forest.json: You can't set a property to its default value, only changed properties can be included in config files. 
 Property: fillerBlock, Value: biomesoplenty:dirt[coarse=false,variant=loamy]
[21:41:31] [Server thread/INFO] [biomesoplenty]: snowy_coniferous_forest.json: You can't set a property to its default value, only changed properties can be included in config files. 
 Property: skyColor, Value: -1
[21:41:31] [Server thread/INFO] [biomesoplenty]: snowy_coniferous_forest.json: You can't set a property to its default value, only changed properties can be included in config files. 
 Property: fogColor, Value: -1
[21:41:31] [Server thread/INFO] [biomesoplenty]: snowy_coniferous_forest.json: You can't set a property to its default value, only changed properties can be included in config files. 
 Property: fogDensity, Value: 1.0
[21:41:31] [Server thread/INFO] [biomesoplenty]: snowy_coniferous_forest.json: You can't set a property to its default value, only changed properties can be included in config files. 
 Property: hasBiomeEssence, Value: true
[21:41:31] [Server thread/INFO] [biomesoplenty]: snowy_coniferous_forest.json: You can't set a property to its default value, only changed properties can be included in config files. 
 Property: seaFloorBlock, Value: minecraft:dirt[snowy=false,variant=dirt]
[21:41:31] [Server thread/INFO] [biomesoplenty]: snowy_coniferous_forest.json: You can't set a property to its default value, only changed properties can be included in config files. 
 Property: averageHeight, Value: 68.0
[21:41:31] [Server thread/INFO] [biomesoplenty]: snowy_coniferous_forest.json: You can't set a property to its default value, only changed properties can be included in config files. 
 Property: variationBelow, Value: 10.0
[21:41:31] [Server thread/INFO] [biomesoplenty]: snowy_coniferous_forest.json: You can't set a property to its default value, only changed properties can be included in config files. 
 Property: variationAbove, Value: 20.0
[21:41:31] [Server thread/INFO] [biomesoplenty]: snowy_coniferous_forest.json: You can't set a property to its default value, only changed properties can be included in config files. 
 Property: canSpawnInBiome, Value: true
[21:41:31] [Server thread/INFO] [biomesoplenty]: snowy_coniferous_forest.json: You can't set a property to its default value, only changed properties can be included in config files. 
 Property: canGenerateVillages, Value: false
[21:41:31] [Server thread/INFO] [biomesoplenty]: snowy_coniferous_forest.json: You can't set a property to its default value, only changed properties can be included in config files. 
 Property: canGenerateRivers, Value: true
[21:41:31] [Server thread/INFO] [biomesoplenty]: snowy_coniferous_forest.json: You can't set a property to its default value, only changed properties can be included in config files. 
 Property: beachBiomeLocation, Value: minecraft:beaches
[21:41:31] [Server thread/INFO] [biomesoplenty]: snowy_forest.json: Detected config file 
[21:41:31] [Server thread/INFO] [biomesoplenty]: snowy_forest.json: You can't set a property to its default value, only changed properties can be included in config files. 
 Property: topBlock, Value: biomesoplenty:grass[snowy=false,variant=silty]
[21:41:31] [Server thread/INFO] [biomesoplenty]: snowy_forest.json: You can't set a property to its default value, only changed properties can be included in config files. 
 Property: fillerBlock, Value: biomesoplenty:dirt[coarse=false,variant=silty]
[21:41:31] [Server thread/INFO] [biomesoplenty]: snowy_forest.json: You can't set a property to its default value, only changed properties can be included in config files. 
 Property: skyColor, Value: -1
[21:41:31] [Server thread/INFO] [biomesoplenty]: snowy_forest.json: You can't set a property to its default value, only changed properties can be included in config files. 
 Property: fogColor, Value: -1
[21:41:31] [Server thread/INFO] [biomesoplenty]: snowy_forest.json: You can't set a property to its default value, only changed properties can be included in config files. 
 Property: fogDensity, Value: 1.0
[21:41:31] [Server thread/INFO] [biomesoplenty]: snowy_forest.json: You can't set a property to its default value, only changed properties can be included in config files. 
 Property: hasBiomeEssence, Value: true
[21:41:31] [Server thread/INFO] [biomesoplenty]: snowy_forest.json: You can't set a property to its default value, only changed properties can be included in config files. 
 Property: seaFloorBlock, Value: minecraft:dirt[snowy=false,variant=dirt]
[21:41:31] [Server thread/INFO] [biomesoplenty]: snowy_forest.json: You can't set a property to its default value, only changed properties can be included in config files. 
 Property: averageHeight, Value: 66.0
[21:41:31] [Server thread/INFO] [biomesoplenty]: snowy_forest.json: You can't set a property to its default value, only changed properties can be included in config files. 
 Property: variationBelow, Value: 6.0
[21:41:31] [Server thread/INFO] [biomesoplenty]: snowy_forest.json: You can't set a property to its default value, only changed properties can be included in config files. 
 Property: variationAbove, Value: 21.0
[21:41:31] [Server thread/INFO] [biomesoplenty]: snowy_forest.json: You can't set a property to its default value, only changed properties can be included in config files. 
 Property: canSpawnInBiome, Value: true
[21:41:31] [Server thread/INFO] [biomesoplenty]: snowy_forest.json: You can't set a property to its default value, only changed properties can be included in config files. 
 Property: canGenerateVillages, Value: false
[21:41:31] [Server thread/INFO] [biomesoplenty]: snowy_forest.json: You can't set a property to its default value, only changed properties can be included in config files. 
 Property: canGenerateRivers, Value: true
[21:41:31] [Server thread/INFO] [biomesoplenty]: snowy_forest.json: You can't set a property to its default value, only changed properties can be included in config files. 
 Property: beachBiomeLocation, Value: minecraft:beaches
[21:41:31] [Server thread/INFO] [biomesoplenty]: steppe.json: Detected config file 
[21:41:31] [Server thread/INFO] [biomesoplenty]: steppe.json: You can't set a property to its default value, only changed properties can be included in config files. 
 Property: topBlock, Value: biomesoplenty:grass[snowy=false,variant=sandy]
[21:41:31] [Server thread/INFO] [biomesoplenty]: steppe.json: You can't set a property to its default value, only changed properties can be included in config files. 
 Property: fillerBlock, Value: biomesoplenty:dirt[coarse=false,variant=sandy]
[21:41:31] [Server thread/INFO] [biomesoplenty]: steppe.json: You can't set a property to its default value, only changed properties can be included in config files. 
 Property: skyColor, Value: -1
[21:41:31] [Server thread/INFO] [biomesoplenty]: steppe.json: You can't set a property to its default value, only changed properties can be included in config files. 
 Property: fogColor, Value: -1
[21:41:31] [Server thread/INFO] [biomesoplenty]: steppe.json: You can't set a property to its default value, only changed properties can be included in config files. 
 Property: fogDensity, Value: 1.0
[21:41:31] [Server thread/INFO] [biomesoplenty]: steppe.json: You can't set a property to its default value, only changed properties can be included in config files. 
 Property: hasBiomeEssence, Value: true
[21:41:31] [Server thread/INFO] [biomesoplenty]: steppe.json: You can't set a property to its default value, only changed properties can be included in config files. 
 Property: seaFloorBlock, Value: minecraft:dirt[snowy=false,variant=dirt]
[21:41:31] [Server thread/INFO] [biomesoplenty]: steppe.json: You can't set a property to its default value, only changed properties can be included in config files. 
 Property: averageHeight, Value: 90.0
[21:41:31] [Server thread/INFO] [biomesoplenty]: steppe.json: You can't set a property to its default value, only changed properties can be included in config files. 
 Property: variationBelow, Value: 8.0
[21:41:31] [Server thread/INFO] [biomesoplenty]: steppe.json: You can't set a property to its default value, only changed properties can be included in config files. 
 Property: variationAbove, Value: 8.0
[21:41:31] [Server thread/INFO] [biomesoplenty]: steppe.json: You can't set a property to its default value, only changed properties can be included in config files. 
 Property: canSpawnInBiome, Value: false
[21:41:31] [Server thread/INFO] [biomesoplenty]: steppe.json: You can't set a property to its default value, only changed properties can be included in config files. 
 Property: canGenerateVillages, Value: true
[21:41:31] [Server thread/INFO] [biomesoplenty]: steppe.json: You can't set a property to its default value, only changed properties can be included in config files. 
 Property: canGenerateRivers, Value: true
[21:41:31] [Server thread/INFO] [biomesoplenty]: steppe.json: You can't set a property to its default value, only changed properties can be included in config files. 
 Property: beachBiomeLocation, Value: biomesoplenty:gravel_beach
[21:41:31] [Server thread/INFO] [biomesoplenty]: temperate_rainforest.json: Detected config file 
[21:41:31] [Server thread/INFO] [biomesoplenty]: temperate_rainforest.json: You can't set a property to its default value, only changed properties can be included in config files. 
 Property: topBlock, Value: minecraft:grass[snowy=false]
[21:41:31] [Server thread/INFO] [biomesoplenty]: temperate_rainforest.json: You can't set a property to its default value, only changed properties can be included in config files. 
 Property: fillerBlock, Value: minecraft:dirt[snowy=false,variant=dirt]
[21:41:31] [Server thread/INFO] [biomesoplenty]: temperate_rainforest.json: You can't set a property to its default value, only changed properties can be included in config files. 
 Property: skyColor, Value: -1
[21:41:31] [Server thread/INFO] [biomesoplenty]: temperate_rainforest.json: You can't set a property to its default value, only changed properties can be included in config files. 
 Property: fogColor, Value: -1
[21:41:31] [Server thread/INFO] [biomesoplenty]: temperate_rainforest.json: You can't set a property to its default value, only changed properties can be included in config files. 
 Property: fogDensity, Value: 1.0
[21:41:31] [Server thread/INFO] [biomesoplenty]: temperate_rainforest.json: You can't set a property to its default value, only changed properties can be included in config files. 
 Property: hasBiomeEssence, Value: true
[21:41:31] [Server thread/INFO] [biomesoplenty]: temperate_rainforest.json: You can't set a property to its default value, only changed properties can be included in config files. 
 Property: seaFloorBlock, Value: minecraft:dirt[snowy=false,variant=dirt]
[21:41:31] [Server thread/INFO] [biomesoplenty]: temperate_rainforest.json: You can't set a property to its default value, only changed properties can be included in config files. 
 Property: averageHeight, Value: 67.0
[21:41:31] [Server thread/INFO] [biomesoplenty]: temperate_rainforest.json: You can't set a property to its default value, only changed properties can be included in config files. 
 Property: variationBelow, Value: 25.0
[21:41:31] [Server thread/INFO] [biomesoplenty]: temperate_rainforest.json: You can't set a property to its default value, only changed properties can be included in config files. 
 Property: variationAbove, Value: 55.0
[21:41:31] [Server thread/INFO] [biomesoplenty]: temperate_rainforest.json: You can't set a property to its default value, only changed properties can be included in config files. 
 Property: canSpawnInBiome, Value: true
[21:41:31] [Server thread/INFO] [biomesoplenty]: temperate_rainforest.json: You can't set a property to its default value, only changed properties can be included in config files. 
 Property: canGenerateVillages, Value: false
[21:41:31] [Server thread/INFO] [biomesoplenty]: temperate_rainforest.json: You can't set a property to its default value, only changed properties can be included in config files. 
 Property: canGenerateRivers, Value: true
[21:41:31] [Server thread/INFO] [biomesoplenty]: temperate_rainforest.json: You can't set a property to its default value, only changed properties can be included in config files. 
 Property: beachBiomeLocation, Value: biomesoplenty:gravel_beach
[21:41:31] [Server thread/INFO] [biomesoplenty]: tropical_rainforest.json: Detected config file 
[21:41:31] [Server thread/INFO] [biomesoplenty]: tropical_rainforest.json: You can't set a property to its default value, only changed properties can be included in config files. 
 Property: topBlock, Value: minecraft:grass[snowy=false]
[21:41:31] [Server thread/INFO] [biomesoplenty]: tropical_rainforest.json: You can't set a property to its default value, only changed properties can be included in config files. 
 Property: fillerBlock, Value: minecraft:dirt[snowy=false,variant=dirt]
[21:41:31] [Server thread/INFO] [biomesoplenty]: tropical_rainforest.json: You can't set a property to its default value, only changed properties can be included in config files. 
 Property: skyColor, Value: -1
[21:41:31] [Server thread/INFO] [biomesoplenty]: tropical_rainforest.json: You can't set a property to its default value, only changed properties can be included in config files. 
 Property: fogColor, Value: -1
[21:41:31] [Server thread/INFO] [biomesoplenty]: tropical_rainforest.json: You can't set a property to its default value, only changed properties can be included in config files. 
 Property: fogDensity, Value: 1.0
[21:41:31] [Server thread/INFO] [biomesoplenty]: tropical_rainforest.json: You can't set a property to its default value, only changed properties can be included in config files. 
 Property: hasBiomeEssence, Value: true
[21:41:31] [Server thread/INFO] [biomesoplenty]: tropical_rainforest.json: You can't set a property to its default value, only changed properties can be included in config files. 
 Property: seaFloorBlock, Value: minecraft:dirt[snowy=false,variant=dirt]
[21:41:31] [Server thread/INFO] [biomesoplenty]: tropical_rainforest.json: You can't set a property to its default value, only changed properties can be included in config files. 
 Property: averageHeight, Value: 67.0
[21:41:31] [Server thread/INFO] [biomesoplenty]: tropical_rainforest.json: You can't set a property to its default value, only changed properties can be included in config files. 
 Property: variationBelow, Value: 10.0
[21:41:31] [Server thread/INFO] [biomesoplenty]: tropical_rainforest.json: You can't set a property to its default value, only changed properties can be included in config files. 
 Property: variationAbove, Value: 25.0
[21:41:31] [Server thread/INFO] [biomesoplenty]: tropical_rainforest.json: You can't set a property to its default value, only changed properties can be included in config files. 
 Property: canSpawnInBiome, Value: false
[21:41:31] [Server thread/INFO] [biomesoplenty]: tropical_rainforest.json: You can't set a property to its default value, only changed properties can be included in config files. 
 Property: canGenerateVillages, Value: false
[21:41:31] [Server thread/INFO] [biomesoplenty]: tropical_rainforest.json: You can't set a property to its default value, only changed properties can be included in config files. 
 Property: canGenerateRivers, Value: true
[21:41:31] [Server thread/INFO] [biomesoplenty]: tropical_rainforest.json: You can't set a property to its default value, only changed properties can be included in config files. 
 Property: beachBiomeLocation, Value: minecraft:beaches
[21:41:31] [Server thread/INFO] [biomesoplenty]: tundra.json: Detected config file 
[21:41:31] [Server thread/INFO] [biomesoplenty]: tundra.json: You can't set a property to its default value, only changed properties can be included in config files. 
 Property: topBlock, Value: biomesoplenty:grass[snowy=false,variant=silty]
[21:41:31] [Server thread/INFO] [biomesoplenty]: tundra.json: You can't set a property to its default value, only changed properties can be included in config files. 
 Property: fillerBlock, Value: biomesoplenty:dirt[coarse=false,variant=silty]
[21:41:31] [Server thread/INFO] [biomesoplenty]: tundra.json: You can't set a property to its default value, only changed properties can be included in config files. 
 Property: skyColor, Value: -1
[21:41:31] [Server thread/INFO] [biomesoplenty]: tundra.json: You can't set a property to its default value, only changed properties can be included in config files. 
 Property: fogColor, Value: -1
[21:41:31] [Server thread/INFO] [biomesoplenty]: tundra.json: You can't set a property to its default value, only changed properties can be included in config files. 
 Property: fogDensity, Value: 1.0
[21:41:31] [Server thread/INFO] [biomesoplenty]: tundra.json: You can't set a property to its default value, only changed properties can be included in config files. 
 Property: hasBiomeEssence, Value: true
[21:41:31] [Server thread/INFO] [biomesoplenty]: tundra.json: You can't set a property to its default value, only changed properties can be included in config files. 
 Property: seaFloorBlock, Value: minecraft:dirt[snowy=false,variant=dirt]
[21:41:31] [Server thread/INFO] [biomesoplenty]: tundra.json: You can't set a property to its default value, only changed properties can be included in config files. 
 Property: averageHeight, Value: 64.0
[21:41:31] [Server thread/INFO] [biomesoplenty]: tundra.json: You can't set a property to its default value, only changed properties can be included in config files. 
 Property: variationBelow, Value: 5.0
[21:41:31] [Server thread/INFO] [biomesoplenty]: tundra.json: You can't set a property to its default value, only changed properties can be included in config files. 
 Property: variationAbove, Value: 10.0
[21:41:31] [Server thread/INFO] [biomesoplenty]: tundra.json: You can't set a property to its default value, only changed properties can be included in config files. 
 Property: canSpawnInBiome, Value: false
[21:41:31] [Server thread/INFO] [biomesoplenty]: tundra.json: You can't set a property to its default value, only changed properties can be included in config files. 
 Property: canGenerateVillages, Value: false
[21:41:31] [Server thread/INFO] [biomesoplenty]: tundra.json: You can't set a property to its default value, only changed properties can be included in config files. 
 Property: canGenerateRivers, Value: false
[21:41:31] [Server thread/INFO] [biomesoplenty]: tundra.json: You can't set a property to its default value, only changed properties can be included in config files. 
 Property: beachBiomeLocation, Value: biomesoplenty:gravel_beach
[21:41:31] [Server thread/INFO] [biomesoplenty]: wasteland.json: Detected config file 
[21:41:31] [Server thread/INFO] [biomesoplenty]: wasteland.json: You can't set a property to its default value, only changed properties can be included in config files. 
 Property: topBlock, Value: biomesoplenty:dried_sand
[21:41:31] [Server thread/INFO] [biomesoplenty]: wasteland.json: You can't set a property to its default value, only changed properties can be included in config files. 
 Property: fillerBlock, Value: biomesoplenty:dried_sand
[21:41:31] [Server thread/INFO] [biomesoplenty]: wasteland.json: You can't set a property to its default value, only changed properties can be included in config files. 
 Property: skyColor, Value: -1
[21:41:31] [Server thread/INFO] [biomesoplenty]: wasteland.json: You can't set a property to its default value, only changed properties can be included in config files. 
 Property: fogColor, Value: 14409153
[21:41:31] [Server thread/INFO] [biomesoplenty]: wasteland.json: You can't set a property to its default value, only changed properties can be included in config files. 
 Property: fogDensity, Value: 0.5
[21:41:31] [Server thread/INFO] [biomesoplenty]: wasteland.json: You can't set a property to its default value, only changed properties can be included in config files. 
 Property: hasBiomeEssence, Value: true
[21:41:31] [Server thread/INFO] [biomesoplenty]: wasteland.json: You can't set a property to its default value, only changed properties can be included in config files. 
 Property: seaFloorBlock, Value: biomesoplenty:dried_sand
[21:41:31] [Server thread/INFO] [biomesoplenty]: wasteland.json: You can't set a property to its default value, only changed properties can be included in config files. 
 Property: averageHeight, Value: 66.0
[21:41:31] [Server thread/INFO] [biomesoplenty]: wasteland.json: You can't set a property to its default value, only changed properties can be included in config files. 
 Property: variationBelow, Value: 1.0
[21:41:31] [Server thread/INFO] [biomesoplenty]: wasteland.json: You can't set a property to its default value, only changed properties can be included in config files. 
 Property: variationAbove, Value: 5.0
[21:41:31] [Server thread/INFO] [biomesoplenty]: wasteland.json: You can't set a property to its default value, only changed properties can be included in config files. 
 Property: canSpawnInBiome, Value: false
[21:41:31] [Server thread/INFO] [biomesoplenty]: wasteland.json: You can't set a property to its default value, only changed properties can be included in config files. 
 Property: canGenerateVillages, Value: false
[21:41:31] [Server thread/INFO] [biomesoplenty]: wasteland.json: You can't set a property to its default value, only changed properties can be included in config files. 
 Property: canGenerateRivers, Value: false
[21:41:31] [Server thread/INFO] [biomesoplenty]: wetland.json: Detected config file 
[21:41:31] [Server thread/INFO] [biomesoplenty]: wetland.json: You can't set a property to its default value, only changed properties can be included in config files. 
 Property: topBlock, Value: minecraft:grass[snowy=false]
[21:41:31] [Server thread/INFO] [biomesoplenty]: wetland.json: You can't set a property to its default value, only changed properties can be included in config files. 
 Property: fillerBlock, Value: minecraft:dirt[snowy=false,variant=dirt]
[21:41:31] [Server thread/INFO] [biomesoplenty]: wetland.json: You can't set a property to its default value, only changed properties can be included in config files. 
 Property: skyColor, Value: -1
[21:41:31] [Server thread/INFO] [biomesoplenty]: wetland.json: You can't set a property to its default value, only changed properties can be included in config files. 
 Property: fogColor, Value: -1
[21:41:31] [Server thread/INFO] [biomesoplenty]: wetland.json: You can't set a property to its default value, only changed properties can be included in config files. 
 Property: fogDensity, Value: 1.0
[21:41:31] [Server thread/INFO] [biomesoplenty]: wetland.json: You can't set a property to its default value, only changed properties can be included in config files. 
 Property: hasBiomeEssence, Value: true
[21:41:31] [Server thread/INFO] [biomesoplenty]: wetland.json: You can't set a property to its default value, only changed properties can be included in config files. 
 Property: seaFloorBlock, Value: biomesoplenty:mud[variant=mud]
[21:41:31] [Server thread/INFO] [biomesoplenty]: wetland.json: You can't set a property to its default value, only changed properties can be included in config files. 
 Property: averageHeight, Value: 63.0
[21:41:31] [Server thread/INFO] [biomesoplenty]: wetland.json: You can't set a property to its default value, only changed properties can be included in config files. 
 Property: variationBelow, Value: 5.0
[21:41:31] [Server thread/INFO] [biomesoplenty]: wetland.json: You can't set a property to its default value, only changed properties can be included in config files. 
 Property: variationAbove, Value: 15.0
[21:41:31] [Server thread/INFO] [biomesoplenty]: wetland.json: You can't set a property to its default value, only changed properties can be included in config files. 
 Property: canSpawnInBiome, Value: true
[21:41:31] [Server thread/INFO] [biomesoplenty]: wetland.json: You can't set a property to its default value, only changed properties can be included in config files. 
 Property: canGenerateVillages, Value: false
[21:41:31] [Server thread/INFO] [biomesoplenty]: wetland.json: You can't set a property to its default value, only changed properties can be included in config files. 
 Property: canGenerateRivers, Value: false
[21:41:31] [Server thread/INFO] [biomesoplenty]: woodland.json: Detected config file 
[21:41:31] [Server thread/INFO] [biomesoplenty]: woodland.json: You can't set a property to its default value, only changed properties can be included in config files. 
 Property: topBlock, Value: minecraft:grass[snowy=false]
[21:41:31] [Server thread/INFO] [biomesoplenty]: woodland.json: You can't set a property to its default value, only changed properties can be included in config files. 
 Property: fillerBlock, Value: minecraft:dirt[snowy=false,variant=dirt]
[21:41:31] [Server thread/INFO] [biomesoplenty]: woodland.json: You can't set a property to its default value, only changed properties can be included in config files. 
 Property: skyColor, Value: -1
[21:41:31] [Server thread/INFO] [biomesoplenty]: woodland.json: You can't set a property to its default value, only changed properties can be included in config files. 
 Property: fogColor, Value: -1
[21:41:31] [Server thread/INFO] [biomesoplenty]: woodland.json: You can't set a property to its default value, only changed properties can be included in config files. 
 Property: fogDensity, Value: 1.0
[21:41:31] [Server thread/INFO] [biomesoplenty]: woodland.json: You can't set a property to its default value, only changed properties can be included in config files. 
 Property: hasBiomeEssence, Value: true
[21:41:31] [Server thread/INFO] [biomesoplenty]: woodland.json: You can't set a property to its default value, only changed properties can be included in config files. 
 Property: seaFloorBlock, Value: minecraft:dirt[snowy=false,variant=dirt]
[21:41:31] [Server thread/INFO] [biomesoplenty]: woodland.json: You can't set a property to its default value, only changed properties can be included in config files. 
 Property: averageHeight, Value: 64.0
[21:41:31] [Server thread/INFO] [biomesoplenty]: woodland.json: You can't set a property to its default value, only changed properties can be included in config files. 
 Property: variationBelow, Value: 6.0
[21:41:31] [Server thread/INFO] [biomesoplenty]: woodland.json: You can't set a property to its default value, only changed properties can be included in config files. 
 Property: variationAbove, Value: 25.0
[21:41:31] [Server thread/INFO] [biomesoplenty]: woodland.json: You can't set a property to its default value, only changed properties can be included in config files. 
 Property: canSpawnInBiome, Value: true
[21:41:31] [Server thread/INFO] [biomesoplenty]: woodland.json: You can't set a property to its default value, only changed properties can be included in config files. 
 Property: canGenerateVillages, Value: true
[21:41:31] [Server thread/INFO] [biomesoplenty]: woodland.json: You can't set a property to its default value, only changed properties can be included in config files. 
 Property: canGenerateRivers, Value: true
[21:41:31] [Server thread/INFO] [biomesoplenty]: woodland.json: You can't set a property to its default value, only changed properties can be included in config files. 
 Property: beachBiomeLocation, Value: biomesoplenty:gravel_beach
[21:41:31] [Server thread/INFO] [biomesoplenty]: xeric_shrubland.json: Detected config file 
[21:41:31] [Server thread/INFO] [biomesoplenty]: xeric_shrubland.json: You can't set a property to its default value, only changed properties can be included in config files. 
 Property: topBlock, Value: minecraft:sand[variant=sand]
[21:41:31] [Server thread/INFO] [biomesoplenty]: xeric_shrubland.json: You can't set a property to its default value, only changed properties can be included in config files. 
 Property: fillerBlock, Value: minecraft:sand[variant=sand]
[21:41:31] [Server thread/INFO] [biomesoplenty]: xeric_shrubland.json: You can't set a property to its default value, only changed properties can be included in config files. 
 Property: skyColor, Value: -1
[21:41:31] [Server thread/INFO] [biomesoplenty]: xeric_shrubland.json: You can't set a property to its default value, only changed properties can be included in config files. 
 Property: fogColor, Value: -1
[21:41:31] [Server thread/INFO] [biomesoplenty]: xeric_shrubland.json: You can't set a property to its default value, only changed properties can be included in config files. 
 Property: fogDensity, Value: 1.0
[21:41:31] [Server thread/INFO] [biomesoplenty]: xeric_shrubland.json: You can't set a property to its default value, only changed properties can be included in config files. 
 Property: hasBiomeEssence, Value: true
[21:41:31] [Server thread/INFO] [biomesoplenty]: xeric_shrubland.json: You can't set a property to its default value, only changed properties can be included in config files. 
 Property: seaFloorBlock, Value: minecraft:dirt[snowy=false,variant=dirt]
[21:41:31] [Server thread/INFO] [biomesoplenty]: xeric_shrubland.json: You can't set a property to its default value, only changed properties can be included in config files. 
 Property: averageHeight, Value: 64.0
[21:41:31] [Server thread/INFO] [biomesoplenty]: xeric_shrubland.json: You can't set a property to its default value, only changed properties can be included in config files. 
 Property: variationBelow, Value: 1.0
[21:41:31] [Server thread/INFO] [biomesoplenty]: xeric_shrubland.json: You can't set a property to its default value, only changed properties can be included in config files. 
 Property: variationAbove, Value: 5.0
[21:41:31] [Server thread/INFO] [biomesoplenty]: xeric_shrubland.json: You can't set a property to its default value, only changed properties can be included in config files. 
 Property: canSpawnInBiome, Value: false
[21:41:31] [Server thread/INFO] [biomesoplenty]: xeric_shrubland.json: You can't set a property to its default value, only changed properties can be included in config files. 
 Property: canGenerateVillages, Value: true
[21:41:31] [Server thread/INFO] [biomesoplenty]: xeric_shrubland.json: You can't set a property to its default value, only changed properties can be included in config files. 
 Property: canGenerateRivers, Value: true
[21:41:31] [Server thread/INFO] [biomesoplenty]: xeric_shrubland.json: You can't set a property to its default value, only changed properties can be included in config files. 
 Property: beachBiomeLocation, Value: minecraft:beaches
[21:41:31] [Server thread/INFO] [biomesoplenty]: alps_foothills.json: Detected config file 
[21:41:31] [Server thread/INFO] [biomesoplenty]: alps_foothills.json: You can't set a property to its default value, only changed properties can be included in config files. 
 Property: topBlock, Value: biomesoplenty:grass[snowy=false,variant=overgrown_stone]
[21:41:31] [Server thread/INFO] [biomesoplenty]: alps_foothills.json: You can't set a property to its default value, only changed properties can be included in config files. 
 Property: fillerBlock, Value: minecraft:stone[variant=stone]
[21:41:31] [Server thread/INFO] [biomesoplenty]: alps_foothills.json: You can't set a property to its default value, only changed properties can be included in config files. 
 Property: skyColor, Value: -1
[21:41:31] [Server thread/INFO] [biomesoplenty]: alps_foothills.json: You can't set a property to its default value, only changed properties can be included in config files. 
 Property: fogColor, Value: -1
[21:41:31] [Server thread/INFO] [biomesoplenty]: alps_foothills.json: You can't set a property to its default value, only changed properties can be included in config files. 
 Property: fogDensity, Value: 1.0
[21:41:31] [Server thread/INFO] [biomesoplenty]: alps_foothills.json: You can't set a property to its default value, only changed properties can be included in config files. 
 Property: hasBiomeEssence, Value: false
[21:41:31] [Server thread/INFO] [biomesoplenty]: alps_foothills.json: You can't set a property to its default value, only changed properties can be included in config files. 
 Property: seaFloorBlock, Value: minecraft:dirt[snowy=false,variant=dirt]
[21:41:31] [Server thread/INFO] [biomesoplenty]: alps_foothills.json: You can't set a property to its default value, only changed properties can be included in config files. 
 Property: averageHeight, Value: 120.0
[21:41:31] [Server thread/INFO] [biomesoplenty]: alps_foothills.json: You can't set a property to its default value, only changed properties can be included in config files. 
 Property: variationBelow, Value: 48.0
[21:41:31] [Server thread/INFO] [biomesoplenty]: alps_foothills.json: You can't set a property to its default value, only changed properties can be included in config files. 
 Property: variationAbove, Value: 64.0
[21:41:31] [Server thread/INFO] [biomesoplenty]: alps_foothills.json: You can't set a property to its default value, only changed properties can be included in config files. 
 Property: canSpawnInBiome, Value: false
[21:41:31] [Server thread/INFO] [biomesoplenty]: alps_foothills.json: You can't set a property to its default value, only changed properties can be included in config files. 
 Property: canGenerateVillages, Value: false
[21:41:31] [Server thread/INFO] [biomesoplenty]: alps_foothills.json: You can't set a property to its default value, only changed properties can be included in config files. 
 Property: canGenerateRivers, Value: false
[21:41:31] [Server thread/INFO] [biomesoplenty]: mountain_foothills.json: Detected config file 
[21:41:31] [Server thread/INFO] [biomesoplenty]: mountain_foothills.json: You can't set a property to its default value, only changed properties can be included in config files. 
 Property: topBlock, Value: minecraft:grass[snowy=false]
[21:41:31] [Server thread/INFO] [biomesoplenty]: mountain_foothills.json: You can't set a property to its default value, only changed properties can be included in config files. 
 Property: fillerBlock, Value: minecraft:dirt[snowy=false,variant=dirt]
[21:41:31] [Server thread/INFO] [biomesoplenty]: mountain_foothills.json: You can't set a property to its default value, only changed properties can be included in config files. 
 Property: skyColor, Value: -1
[21:41:31] [Server thread/INFO] [biomesoplenty]: mountain_foothills.json: You can't set a property to its default value, only changed properties can be included in config files. 
 Property: fogColor, Value: -1
[21:41:31] [Server thread/INFO] [biomesoplenty]: mountain_foothills.json: You can't set a property to its default value, only changed properties can be included in config files. 
 Property: fogDensity, Value: 1.0
[21:41:31] [Server thread/INFO] [biomesoplenty]: mountain_foothills.json: You can't set a property to its default value, only changed properties can be included in config files. 
 Property: hasBiomeEssence, Value: false
[21:41:31] [Server thread/INFO] [biomesoplenty]: mountain_foothills.json: You can't set a property to its default value, only changed properties can be included in config files. 
 Property: seaFloorBlock, Value: minecraft:dirt[snowy=false,variant=dirt]
[21:41:31] [Server thread/INFO] [biomesoplenty]: mountain_foothills.json: You can't set a property to its default value, only changed properties can be included in config files. 
 Property: averageHeight, Value: 100.0
[21:41:31] [Server thread/INFO] [biomesoplenty]: mountain_foothills.json: You can't set a property to its default value, only changed properties can be included in config files. 
 Property: variationBelow, Value: 15.0
[21:41:31] [Server thread/INFO] [biomesoplenty]: mountain_foothills.json: You can't set a property to its default value, only changed properties can be included in config files. 
 Property: variationAbove, Value: 30.0
[21:41:31] [Server thread/INFO] [biomesoplenty]: mountain_foothills.json: You can't set a property to its default value, only changed properties can be included in config files. 
 Property: canSpawnInBiome, Value: false
[21:41:31] [Server thread/INFO] [biomesoplenty]: mountain_foothills.json: You can't set a property to its default value, only changed properties can be included in config files. 
 Property: canGenerateVillages, Value: false
[21:41:31] [Server thread/INFO] [biomesoplenty]: mountain_foothills.json: You can't set a property to its default value, only changed properties can be included in config files. 
 Property: canGenerateRivers, Value: false
[21:41:31] [Server thread/INFO] [biomesoplenty]: redwood_forest_edge.json: Detected config file 
[21:41:31] [Server thread/INFO] [biomesoplenty]: redwood_forest_edge.json: You can't set a property to its default value, only changed properties can be included in config files. 
 Property: topBlock, Value: minecraft:dirt[snowy=false,variant=podzol]
[21:41:31] [Server thread/INFO] [biomesoplenty]: redwood_forest_edge.json: You can't set a property to its default value, only changed properties can be included in config files. 
 Property: fillerBlock, Value: minecraft:dirt[snowy=false,variant=dirt]
[21:41:31] [Server thread/INFO] [biomesoplenty]: redwood_forest_edge.json: You can't set a property to its default value, only changed properties can be included in config files. 
 Property: skyColor, Value: -1
[21:41:31] [Server thread/INFO] [biomesoplenty]: redwood_forest_edge.json: You can't set a property to its default value, only changed properties can be included in config files. 
 Property: fogColor, Value: -1
[21:41:31] [Server thread/INFO] [biomesoplenty]: redwood_forest_edge.json: You can't set a property to its default value, only changed properties can be included in config files. 
 Property: fogDensity, Value: 1.0
[21:41:31] [Server thread/INFO] [biomesoplenty]: redwood_forest_edge.json: You can't set a property to its default value, only changed properties can be included in config files. 
 Property: hasBiomeEssence, Value: false
[21:41:31] [Server thread/INFO] [biomesoplenty]: redwood_forest_edge.json: You can't set a property to its default value, only changed properties can be included in config files. 
 Property: seaFloorBlock, Value: minecraft:dirt[snowy=false,variant=dirt]
[21:41:31] [Server thread/INFO] [biomesoplenty]: redwood_forest_edge.json: You can't set a property to its default value, only changed properties can be included in config files. 
 Property: averageHeight, Value: 70.0
[21:41:31] [Server thread/INFO] [biomesoplenty]: redwood_forest_edge.json: You can't set a property to its default value, only changed properties can be included in config files. 
 Property: variationBelow, Value: 4.0
[21:41:31] [Server thread/INFO] [biomesoplenty]: redwood_forest_edge.json: You can't set a property to its default value, only changed properties can be included in config files. 
 Property: variationAbove, Value: 10.0
[21:41:31] [Server thread/INFO] [biomesoplenty]: redwood_forest_edge.json: You can't set a property to its default value, only changed properties can be included in config files. 
 Property: canSpawnInBiome, Value: false
[21:41:31] [Server thread/INFO] [biomesoplenty]: redwood_forest_edge.json: You can't set a property to its default value, only changed properties can be included in config files. 
 Property: canGenerateVillages, Value: false
[21:41:31] [Server thread/INFO] [biomesoplenty]: redwood_forest_edge.json: You can't set a property to its default value, only changed properties can be included in config files. 
 Property: canGenerateRivers, Value: false
[21:41:31] [Server thread/INFO] [biomesoplenty]: redwood_forest_edge.json: You can't set a property to its default value, only changed properties can be included in config files. 
 Property: beachBiomeLocation, Value: minecraft:beaches
[21:41:31] [Server thread/INFO] [biomesoplenty]: pasture.json: Detected config file 
[21:41:31] [Server thread/INFO] [biomesoplenty]: pasture.json: You can't set a property to its default value, only changed properties can be included in config files. 
 Property: topBlock, Value: biomesoplenty:grass[snowy=false,variant=silty]
[21:41:31] [Server thread/INFO] [biomesoplenty]: pasture.json: You can't set a property to its default value, only changed properties can be included in config files. 
 Property: fillerBlock, Value: biomesoplenty:dirt[coarse=false,variant=silty]
[21:41:31] [Server thread/INFO] [biomesoplenty]: pasture.json: You can't set a property to its default value, only changed properties can be included in config files. 
 Property: skyColor, Value: -1
[21:41:31] [Server thread/INFO] [biomesoplenty]: pasture.json: You can't set a property to its default value, only changed properties can be included in config files. 
 Property: fogColor, Value: -1
[21:41:31] [Server thread/INFO] [biomesoplenty]: pasture.json: You can't set a property to its default value, only changed properties can be included in config files. 
 Property: fogDensity, Value: 1.0
[21:41:31] [Server thread/INFO] [biomesoplenty]: pasture.json: You can't set a property to its default value, only changed properties can be included in config files. 
 Property: hasBiomeEssence, Value: false
[21:41:31] [Server thread/INFO] [biomesoplenty]: pasture.json: You can't set a property to its default value, only changed properties can be included in config files. 
 Property: seaFloorBlock, Value: minecraft:dirt[snowy=false,variant=dirt]
[21:41:31] [Server thread/INFO] [biomesoplenty]: pasture.json: You can't set a property to its default value, only changed properties can be included in config files. 
 Property: averageHeight, Value: 64.0
[21:41:31] [Server thread/INFO] [biomesoplenty]: pasture.json: You can't set a property to its default value, only changed properties can be included in config files. 
 Property: variationBelow, Value: 4.0
[21:41:31] [Server thread/INFO] [biomesoplenty]: pasture.json: You can't set a property to its default value, only changed properties can be included in config files. 
 Property: variationAbove, Value: 6.0
[21:41:31] [Server thread/INFO] [biomesoplenty]: pasture.json: You can't set a property to its default value, only changed properties can be included in config files. 
 Property: canSpawnInBiome, Value: true
[21:41:31] [Server thread/INFO] [biomesoplenty]: pasture.json: You can't set a property to its default value, only changed properties can be included in config files. 
 Property: canGenerateVillages, Value: false
[21:41:31] [Server thread/INFO] [biomesoplenty]: pasture.json: You can't set a property to its default value, only changed properties can be included in config files. 
 Property: canGenerateRivers, Value: true
[21:41:31] [Server thread/INFO] [biomesoplenty]: pasture.json: You can't set a property to its default value, only changed properties can be included in config files. 
 Property: beachBiomeLocation, Value: minecraft:beaches
[21:41:31] [Server thread/INFO] [biomesoplenty]: glacier.json: Detected config file 
[21:41:31] [Server thread/INFO] [biomesoplenty]: glacier.json: You can't set a property to its default value, only changed properties can be included in config files. 
 Property: topBlock, Value: minecraft:ice
[21:41:31] [Server thread/INFO] [biomesoplenty]: glacier.json: You can't set a property to its default value, only changed properties can be included in config files. 
 Property: fillerBlock, Value: biomesoplenty:hard_ice
[21:41:31] [Server thread/INFO] [biomesoplenty]: glacier.json: You can't set a property to its default value, only changed properties can be included in config files. 
 Property: skyColor, Value: -1
[21:41:31] [Server thread/INFO] [biomesoplenty]: glacier.json: You can't set a property to its default value, only changed properties can be included in config files. 
 Property: fogColor, Value: -1
[21:41:31] [Server thread/INFO] [biomesoplenty]: glacier.json: You can't set a property to its default value, only changed properties can be included in config files. 
 Property: fogDensity, Value: 1.0
[21:41:31] [Server thread/INFO] [biomesoplenty]: glacier.json: You can't set a property to its default value, only changed properties can be included in config files. 
 Property: hasBiomeEssence, Value: false
[21:41:31] [Server thread/INFO] [biomesoplenty]: glacier.json: You can't set a property to its default value, only changed properties can be included in config files. 
 Property: seaFloorBlock, Value: minecraft:dirt[snowy=false,variant=dirt]
[21:41:31] [Server thread/INFO] [biomesoplenty]: glacier.json: You can't set a property to its default value, only changed properties can be included in config files. 
 Property: averageHeight, Value: 88.0
[21:41:31] [Server thread/INFO] [biomesoplenty]: glacier.json: You can't set a property to its default value, only changed properties can be included in config files. 
 Property: variationBelow, Value: 8.0
[21:41:31] [Server thread/INFO] [biomesoplenty]: glacier.json: You can't set a property to its default value, only changed properties can be included in config files. 
 Property: variationAbove, Value: 10.0
[21:41:31] [Server thread/INFO] [biomesoplenty]: glacier.json: You can't set a property to its default value, only changed properties can be included in config files. 
 Property: canSpawnInBiome, Value: false
[21:41:31] [Server thread/INFO] [biomesoplenty]: glacier.json: You can't set a property to its default value, only changed properties can be included in config files. 
 Property: canGenerateVillages, Value: false
[21:41:31] [Server thread/INFO] [biomesoplenty]: glacier.json: You can't set a property to its default value, only changed properties can be included in config files. 
 Property: canGenerateRivers, Value: false
[21:41:31] [Server thread/INFO] [biomesoplenty]: glacier.json: You can't set a property to its default value, only changed properties can be included in config files. 
 Property: beachBiomeLocation, Value: minecraft:beaches
[21:41:31] [Server thread/INFO] [biomesoplenty]: oasis.json: Detected config file 
[21:41:31] [Server thread/INFO] [biomesoplenty]: oasis.json: You can't set a property to its default value, only changed properties can be included in config files. 
 Property: topBlock, Value: minecraft:sand[variant=sand]
[21:41:31] [Server thread/INFO] [biomesoplenty]: oasis.json: You can't set a property to its default value, only changed properties can be included in config files. 
 Property: fillerBlock, Value: minecraft:sand[variant=sand]
[21:41:31] [Server thread/INFO] [biomesoplenty]: oasis.json: You can't set a property to its default value, only changed properties can be included in config files. 
 Property: skyColor, Value: -1
[21:41:31] [Server thread/INFO] [biomesoplenty]: oasis.json: You can't set a property to its default value, only changed properties can be included in config files. 
 Property: fogColor, Value: -1
[21:41:31] [Server thread/INFO] [biomesoplenty]: oasis.json: You can't set a property to its default value, only changed properties can be included in config files. 
 Property: fogDensity, Value: 1.0
[21:41:31] [Server thread/INFO] [biomesoplenty]: oasis.json: You can't set a property to its default value, only changed properties can be included in config files. 
 Property: hasBiomeEssence, Value: false
[21:41:31] [Server thread/INFO] [biomesoplenty]: oasis.json: You can't set a property to its default value, only changed properties can be included in config files. 
 Property: seaFloorBlock, Value: minecraft:dirt[snowy=false,variant=dirt]
[21:41:31] [Server thread/INFO] [biomesoplenty]: oasis.json: You can't set a property to its default value, only changed properties can be included in config files. 
 Property: averageHeight, Value: 62.0
[21:41:31] [Server thread/INFO] [biomesoplenty]: oasis.json: You can't set a property to its default value, only changed properties can be included in config files. 
 Property: variationBelow, Value: 5.0
[21:41:31] [Server thread/INFO] [biomesoplenty]: oasis.json: You can't set a property to its default value, only changed properties can be included in config files. 
 Property: variationAbove, Value: 7.0
[21:41:31] [Server thread/INFO] [biomesoplenty]: oasis.json: You can't set a property to its default value, only changed properties can be included in config files. 
 Property: canSpawnInBiome, Value: false
[21:41:31] [Server thread/INFO] [biomesoplenty]: oasis.json: You can't set a property to its default value, only changed properties can be included in config files. 
 Property: canGenerateVillages, Value: false
[21:41:31] [Server thread/INFO] [biomesoplenty]: oasis.json: You can't set a property to its default value, only changed properties can be included in config files. 
 Property: canGenerateRivers, Value: false
[21:41:31] [Server thread/INFO] [biomesoplenty]: oasis.json: You can't set a property to its default value, only changed properties can be included in config files. 
 Property: beachBiomeLocation, Value: minecraft:beaches
[21:41:31] [Server thread/INFO] [biomesoplenty]: snowy_tundra.json: Detected config file 
[21:41:31] [Server thread/INFO] [biomesoplenty]: snowy_tundra.json: You can't set a property to its default value, only changed properties can be included in config files. 
 Property: topBlock, Value: biomesoplenty:grass[snowy=false,variant=silty]
[21:41:31] [Server thread/INFO] [biomesoplenty]: snowy_tundra.json: You can't set a property to its default value, only changed properties can be included in config files. 
 Property: fillerBlock, Value: biomesoplenty:dirt[coarse=false,variant=silty]
[21:41:31] [Server thread/INFO] [biomesoplenty]: snowy_tundra.json: You can't set a property to its default value, only changed properties can be included in config files. 
 Property: skyColor, Value: -1
[21:41:31] [Server thread/INFO] [biomesoplenty]: snowy_tundra.json: You can't set a property to its default value, only changed properties can be included in config files. 
 Property: fogColor, Value: -1
[21:41:31] [Server thread/INFO] [biomesoplenty]: snowy_tundra.json: You can't set a property to its default value, only changed properties can be included in config files. 
 Property: fogDensity, Value: 1.0
[21:41:31] [Server thread/INFO] [biomesoplenty]: snowy_tundra.json: You can't set a property to its default value, only changed properties can be included in config files. 
 Property: hasBiomeEssence, Value: true
[21:41:31] [Server thread/INFO] [biomesoplenty]: snowy_tundra.json: You can't set a property to its default value, only changed properties can be included in config files. 
 Property: seaFloorBlock, Value: minecraft:dirt[snowy=false,variant=dirt]
[21:41:31] [Server thread/INFO] [biomesoplenty]: snowy_tundra.json: You can't set a property to its default value, only changed properties can be included in config files. 
 Property: averageHeight, Value: 64.0
[21:41:31] [Server thread/INFO] [biomesoplenty]: snowy_tundra.json: You can't set a property to its default value, only changed properties can be included in config files. 
 Property: variationBelow, Value: 5.0
[21:41:31] [Server thread/INFO] [biomesoplenty]: snowy_tundra.json: You can't set a property to its default value, only changed properties can be included in config files. 
 Property: variationAbove, Value: 10.0
[21:41:31] [Server thread/INFO] [biomesoplenty]: snowy_tundra.json: You can't set a property to its default value, only changed properties can be included in config files. 
 Property: canSpawnInBiome, Value: false
[21:41:31] [Server thread/INFO] [biomesoplenty]: snowy_tundra.json: You can't set a property to its default value, only changed properties can be included in config files. 
 Property: canGenerateVillages, Value: false
[21:41:31] [Server thread/INFO] [biomesoplenty]: snowy_tundra.json: You can't set a property to its default value, only changed properties can be included in config files. 
 Property: canGenerateRivers, Value: false
[21:41:31] [Server thread/INFO] [biomesoplenty]: snowy_tundra.json: You can't set a property to its default value, only changed properties can be included in config files. 
 Property: beachBiomeLocation, Value: biomesoplenty:gravel_beach
[21:41:31] [Server thread/INFO] [biomesoplenty]: coral_reef.json: Detected config file 
[21:41:31] [Server thread/INFO] [biomesoplenty]: coral_reef.json: You can't set a property to its default value, only changed properties can be included in config files. 
 Property: topBlock, Value: minecraft:grass[snowy=false]
[21:41:31] [Server thread/INFO] [biomesoplenty]: coral_reef.json: You can't set a property to its default value, only changed properties can be included in config files. 
 Property: fillerBlock, Value: minecraft:dirt[snowy=false,variant=dirt]
[21:41:31] [Server thread/INFO] [biomesoplenty]: coral_reef.json: You can't set a property to its default value, only changed properties can be included in config files. 
 Property: skyColor, Value: -1
[21:41:31] [Server thread/INFO] [biomesoplenty]: coral_reef.json: You can't set a property to its default value, only changed properties can be included in config files. 
 Property: fogColor, Value: -1
[21:41:31] [Server thread/INFO] [biomesoplenty]: coral_reef.json: You can't set a property to its default value, only changed properties can be included in config files. 
 Property: fogDensity, Value: 1.0
[21:41:31] [Server thread/INFO] [biomesoplenty]: coral_reef.json: You can't set a property to its default value, only changed properties can be included in config files. 
 Property: hasBiomeEssence, Value: false
[21:41:31] [Server thread/INFO] [biomesoplenty]: coral_reef.json: You can't set a property to its default value, only changed properties can be included in config files. 
 Property: seaFloorBlock, Value: minecraft:dirt[snowy=false,variant=dirt]
[21:41:31] [Server thread/INFO] [biomesoplenty]: coral_reef.json: You can't set a property to its default value, only changed properties can be included in config files. 
 Property: averageHeight, Value: 45.0
[21:41:31] [Server thread/INFO] [biomesoplenty]: coral_reef.json: You can't set a property to its default value, only changed properties can be included in config files. 
 Property: variationBelow, Value: 5.0
[21:41:31] [Server thread/INFO] [biomesoplenty]: coral_reef.json: You can't set a property to its default value, only changed properties can be included in config files. 
 Property: variationAbove, Value: 10.0
[21:41:31] [Server thread/INFO] [biomesoplenty]: coral_reef.json: You can't set a property to its default value, only changed properties can be included in config files. 
 Property: canSpawnInBiome, Value: false
[21:41:31] [Server thread/INFO] [biomesoplenty]: coral_reef.json: You can't set a property to its default value, only changed properties can be included in config files. 
 Property: canGenerateVillages, Value: false
[21:41:31] [Server thread/INFO] [biomesoplenty]: coral_reef.json: You can't set a property to its default value, only changed properties can be included in config files. 
 Property: canGenerateRivers, Value: false
[21:41:31] [Server thread/INFO] [biomesoplenty]: coral_reef.json: You can't set a property to its default value, only changed properties can be included in config files. 
 Property: beachBiomeLocation, Value: minecraft:ocean
[21:41:31] [Server thread/INFO] [biomesoplenty]: kelp_forest.json: Detected config file 
[21:41:31] [Server thread/INFO] [biomesoplenty]: kelp_forest.json: You can't set a property to its default value, only changed properties can be included in config files. 
 Property: topBlock, Value: minecraft:grass[snowy=false]
[21:41:31] [Server thread/INFO] [biomesoplenty]: kelp_forest.json: You can't set a property to its default value, only changed properties can be included in config files. 
 Property: fillerBlock, Value: minecraft:dirt[snowy=false,variant=dirt]
[21:41:31] [Server thread/INFO] [biomesoplenty]: kelp_forest.json: You can't set a property to its default value, only changed properties can be included in config files. 
 Property: skyColor, Value: -1
[21:41:31] [Server thread/INFO] [biomesoplenty]: kelp_forest.json: You can't set a property to its default value, only changed properties can be included in config files. 
 Property: fogColor, Value: -1
[21:41:31] [Server thread/INFO] [biomesoplenty]: kelp_forest.json: You can't set a property to its default value, only changed properties can be included in config files. 
 Property: fogDensity, Value: 1.0
[21:41:31] [Server thread/INFO] [biomesoplenty]: kelp_forest.json: You can't set a property to its default value, only changed properties can be included in config files. 
 Property: hasBiomeEssence, Value: false
[21:41:31] [Server thread/INFO] [biomesoplenty]: kelp_forest.json: You can't set a property to its default value, only changed properties can be included in config files. 
 Property: seaFloorBlock, Value: minecraft:dirt[snowy=false,variant=dirt]
[21:41:31] [Server thread/INFO] [biomesoplenty]: kelp_forest.json: You can't set a property to its default value, only changed properties can be included in config files. 
 Property: averageHeight, Value: 40.0
[21:41:31] [Server thread/INFO] [biomesoplenty]: kelp_forest.json: You can't set a property to its default value, only changed properties can be included in config files. 
 Property: variationBelow, Value: 5.0
[21:41:31] [Server thread/INFO] [biomesoplenty]: kelp_forest.json: You can't set a property to its default value, only changed properties can be included in config files. 
 Property: variationAbove, Value: 5.0
[21:41:31] [Server thread/INFO] [biomesoplenty]: kelp_forest.json: You can't set a property to its default value, only changed properties can be included in config files. 
 Property: canSpawnInBiome, Value: false
[21:41:31] [Server thread/INFO] [biomesoplenty]: kelp_forest.json: You can't set a property to its default value, only changed properties can be included in config files. 
 Property: canGenerateVillages, Value: false
[21:41:31] [Server thread/INFO] [biomesoplenty]: kelp_forest.json: You can't set a property to its default value, only changed properties can be included in config files. 
 Property: canGenerateRivers, Value: false
[21:41:31] [Server thread/INFO] [biomesoplenty]: kelp_forest.json: You can't set a property to its default value, only changed properties can be included in config files. 
 Property: beachBiomeLocation, Value: minecraft:ocean
[21:41:31] [Server thread/INFO] [biomesoplenty]: origin_island.json: Detected config file 
[21:41:31] [Server thread/INFO] [biomesoplenty]: origin_island.json: You can't set a property to its default value, only changed properties can be included in config files. 
 Property: topBlock, Value: biomesoplenty:grass[snowy=false,variant=origin]
[21:41:31] [Server thread/INFO] [biomesoplenty]: origin_island.json: You can't set a property to its default value, only changed properties can be included in config files. 
 Property: fillerBlock, Value: minecraft:dirt[snowy=false,variant=dirt]
[21:41:31] [Server thread/INFO] [biomesoplenty]: origin_island.json: You can't set a property to its default value, only changed properties can be included in config files. 
 Property: skyColor, Value: 8441086
[21:41:31] [Server thread/INFO] [biomesoplenty]: origin_island.json: You can't set a property to its default value, only changed properties can be included in config files. 
 Property: fogColor, Value: -1
[21:41:31] [Server thread/INFO] [biomesoplenty]: origin_island.json: You can't set a property to its default value, only changed properties can be included in config files. 
 Property: fogDensity, Value: 1.0
[21:41:31] [Server thread/INFO] [biomesoplenty]: origin_island.json: You can't set a property to its default value, only changed properties can be included in config files. 
 Property: hasBiomeEssence, Value: true
[21:41:31] [Server thread/INFO] [biomesoplenty]: origin_island.json: You can't set a property to its default value, only changed properties can be included in config files. 
 Property: seaFloorBlock, Value: minecraft:dirt[snowy=false,variant=dirt]
[21:41:31] [Server thread/INFO] [biomesoplenty]: origin_island.json: You can't set a property to its default value, only changed properties can be included in config files. 
 Property: averageHeight, Value: 64.0
[21:41:31] [Server thread/INFO] [biomesoplenty]: origin_island.json: You can't set a property to its default value, only changed properties can be included in config files. 
 Property: variationBelow, Value: 6.0
[21:41:31] [Server thread/INFO] [biomesoplenty]: origin_island.json: You can't set a property to its default value, only changed properties can be included in config files. 
 Property: variationAbove, Value: 25.0
[21:41:31] [Server thread/INFO] [biomesoplenty]: origin_island.json: You can't set a property to its default value, only changed properties can be included in config files. 
 Property: canSpawnInBiome, Value: true
[21:41:31] [Server thread/INFO] [biomesoplenty]: origin_island.json: You can't set a property to its default value, only changed properties can be included in config files. 
 Property: canGenerateVillages, Value: false
[21:41:31] [Server thread/INFO] [biomesoplenty]: origin_island.json: You can't set a property to its default value, only changed properties can be included in config files. 
 Property: canGenerateRivers, Value: false
[21:41:31] [Server thread/INFO] [biomesoplenty]: origin_island.json: You can't set a property to its default value, only changed properties can be included in config files. 
 Property: beachBiomeLocation, Value: biomesoplenty:origin_beach
[21:41:31] [Server thread/INFO] [biomesoplenty]: tropical_island.json: Detected config file 
[21:41:31] [Server thread/INFO] [biomesoplenty]: tropical_island.json: You can't set a property to its default value, only changed properties can be included in config files. 
 Property: topBlock, Value: minecraft:grass[snowy=false]
[21:41:31] [Server thread/INFO] [biomesoplenty]: tropical_island.json: You can't set a property to its default value, only changed properties can be included in config files. 
 Property: fillerBlock, Value: minecraft:dirt[snowy=false,variant=dirt]
[21:41:31] [Server thread/INFO] [biomesoplenty]: tropical_island.json: You can't set a property to its default value, only changed properties can be included in config files. 
 Property: skyColor, Value: 507391
[21:41:31] [Server thread/INFO] [biomesoplenty]: tropical_island.json: You can't set a property to its default value, only changed properties can be included in config files. 
 Property: fogColor, Value: 11925759
[21:41:31] [Server thread/INFO] [biomesoplenty]: tropical_island.json: You can't set a property to its default value, only changed properties can be included in config files. 
 Property: fogDensity, Value: 1.0
[21:41:31] [Server thread/INFO] [biomesoplenty]: tropical_island.json: You can't set a property to its default value, only changed properties can be included in config files. 
 Property: hasBiomeEssence, Value: true
[21:41:31] [Server thread/INFO] [biomesoplenty]: tropical_island.json: You can't set a property to its default value, only changed properties can be included in config files. 
 Property: seaFloorBlock, Value: minecraft:dirt[snowy=false,variant=dirt]
[21:41:31] [Server thread/INFO] [biomesoplenty]: tropical_island.json: You can't set a property to its default value, only changed properties can be included in config files. 
 Property: averageHeight, Value: 64.0
[21:41:31] [Server thread/INFO] [biomesoplenty]: tropical_island.json: You can't set a property to its default value, only changed properties can be included in config files. 
 Property: variationBelow, Value: 5.0
[21:41:31] [Server thread/INFO] [biomesoplenty]: tropical_island.json: You can't set a property to its default value, only changed properties can be included in config files. 
 Property: variationAbove, Value: 40.0
[21:41:31] [Server thread/INFO] [biomesoplenty]: tropical_island.json: You can't set a property to its default value, only changed properties can be included in config files. 
 Property: canSpawnInBiome, Value: true
[21:41:31] [Server thread/INFO] [biomesoplenty]: tropical_island.json: You can't set a property to its default value, only changed properties can be included in config files. 
 Property: canGenerateVillages, Value: false
[21:41:31] [Server thread/INFO] [biomesoplenty]: tropical_island.json: You can't set a property to its default value, only changed properties can be included in config files. 
 Property: canGenerateRivers, Value: false
[21:41:31] [Server thread/INFO] [biomesoplenty]: tropical_island.json: You can't set a property to its default value, only changed properties can be included in config files. 
 Property: beachBiomeLocation, Value: biomesoplenty:white_beach
[21:41:31] [Server thread/INFO] [biomesoplenty]: volcanic_island.json: Detected config file 
[21:41:31] [Server thread/INFO] [biomesoplenty]: volcanic_island.json: You can't set a property to its default value, only changed properties can be included in config files. 
 Property: topBlock, Value: biomesoplenty:ash_block
[21:41:31] [Server thread/INFO] [biomesoplenty]: volcanic_island.json: You can't set a property to its default value, only changed properties can be included in config files. 
 Property: fillerBlock, Value: biomesoplenty:ash_block
[21:41:31] [Server thread/INFO] [biomesoplenty]: volcanic_island.json: You can't set a property to its default value, only changed properties can be included in config files. 
 Property: skyColor, Value: -1
[21:41:31] [Server thread/INFO] [biomesoplenty]: volcanic_island.json: You can't set a property to its default value, only changed properties can be included in config files. 
 Property: fogColor, Value: -1
[21:41:31] [Server thread/INFO] [biomesoplenty]: volcanic_island.json: You can't set a property to its default value, only changed properties can be included in config files. 
 Property: fogDensity, Value: 1.0
[21:41:31] [Server thread/INFO] [biomesoplenty]: volcanic_island.json: You can't set a property to its default value, only changed properties can be included in config files. 
 Property: hasBiomeEssence, Value: true
[21:41:31] [Server thread/INFO] [biomesoplenty]: volcanic_island.json: You can't set a property to its default value, only changed properties can be included in config files. 
 Property: seaFloorBlock, Value: minecraft:dirt[snowy=false,variant=dirt]
[21:41:31] [Server thread/INFO] [biomesoplenty]: volcanic_island.json: You can't set a property to its default value, only changed properties can be included in config files. 
 Property: averageHeight, Value: 120.0
[21:41:31] [Server thread/INFO] [biomesoplenty]: volcanic_island.json: You can't set a property to its default value, only changed properties can be included in config files. 
 Property: variationBelow, Value: 50.0
[21:41:31] [Server thread/INFO] [biomesoplenty]: volcanic_island.json: You can't set a property to its default value, only changed properties can be included in config files. 
 Property: variationAbove, Value: 50.0
[21:41:31] [Server thread/INFO] [biomesoplenty]: volcanic_island.json: You can't set a property to its default value, only changed properties can be included in config files. 
 Property: canSpawnInBiome, Value: false
[21:41:31] [Server thread/INFO] [biomesoplenty]: volcanic_island.json: You can't set a property to its default value, only changed properties can be included in config files. 
 Property: canGenerateVillages, Value: false
[21:41:31] [Server thread/INFO] [biomesoplenty]: volcanic_island.json: You can't set a property to its default value, only changed properties can be included in config files. 
 Property: canGenerateRivers, Value: false
[21:41:31] [Server thread/INFO] [biomesoplenty]: flower_island.json: Detected config file 
[21:41:31] [Server thread/INFO] [biomesoplenty]: flower_island.json: You can't set a property to its default value, only changed properties can be included in config files. 
 Property: topBlock, Value: biomesoplenty:grass[snowy=false,variant=daisy]
[21:41:31] [Server thread/INFO] [biomesoplenty]: flower_island.json: You can't set a property to its default value, only changed properties can be included in config files. 
 Property: fillerBlock, Value: minecraft:dirt[snowy=false,variant=dirt]
[21:41:31] [Server thread/INFO] [biomesoplenty]: flower_island.json: You can't set a property to its default value, only changed properties can be included in config files. 
 Property: skyColor, Value: -1
[21:41:31] [Server thread/INFO] [biomesoplenty]: flower_island.json: You can't set a property to its default value, only changed properties can be included in config files. 
 Property: fogColor, Value: -1
[21:41:31] [Server thread/INFO] [biomesoplenty]: flower_island.json: You can't set a property to its default value, only changed properties can be included in config files. 
 Property: fogDensity, Value: 1.0
[21:41:31] [Server thread/INFO] [biomesoplenty]: flower_island.json: You can't set a property to its default value, only changed properties can be included in config files. 
 Property: hasBiomeEssence, Value: true
[21:41:31] [Server thread/INFO] [biomesoplenty]: flower_island.json: You can't set a property to its default value, only changed properties can be included in config files. 
 Property: seaFloorBlock, Value: minecraft:dirt[snowy=false,variant=dirt]
[21:41:31] [Server thread/INFO] [biomesoplenty]: flower_island.json: You can't set a property to its default value, only changed properties can be included in config files. 
 Property: averageHeight, Value: 70.0
[21:41:31] [Server thread/INFO] [biomesoplenty]: flower_island.json: You can't set a property to its default value, only changed properties can be included in config files. 
 Property: variationBelow, Value: 10.0
[21:41:31] [Server thread/INFO] [biomesoplenty]: flower_island.json: You can't set a property to its default value, only changed properties can be included in config files. 
 Property: variationAbove, Value: 15.0
[21:41:31] [Server thread/INFO] [biomesoplenty]: flower_island.json: You can't set a property to its default value, only changed properties can be included in config files. 
 Property: canSpawnInBiome, Value: false
[21:41:31] [Server thread/INFO] [biomesoplenty]: flower_island.json: You can't set a property to its default value, only changed properties can be included in config files. 
 Property: canGenerateVillages, Value: false
[21:41:31] [Server thread/INFO] [biomesoplenty]: flower_island.json: You can't set a property to its default value, only changed properties can be included in config files. 
 Property: canGenerateRivers, Value: false
[21:41:31] [Server thread/INFO] [biomesoplenty]: flower_island.json: You can't set a property to its default value, only changed properties can be included in config files. 
 Property: beachBiomeLocation, Value: minecraft:beaches
[21:41:31] [Server thread/INFO] [biomesoplenty]: corrupted_sands.json: Detected config file 
[21:41:31] [Server thread/INFO] [biomesoplenty]: corrupted_sands.json: You can't set a property to its default value, only changed properties can be included in config files. 
 Property: topBlock, Value: minecraft:soul_sand
[21:41:31] [Server thread/INFO] [biomesoplenty]: corrupted_sands.json: You can't set a property to its default value, only changed properties can be included in config files. 
 Property: fillerBlock, Value: minecraft:soul_sand
[21:41:31] [Server thread/INFO] [biomesoplenty]: corrupted_sands.json: You can't set a property to its default value, only changed properties can be included in config files. 
 Property: skyColor, Value: -1
[21:41:31] [Server thread/INFO] [biomesoplenty]: corrupted_sands.json: You can't set a property to its default value, only changed properties can be included in config files. 
 Property: fogColor, Value: -1
[21:41:31] [Server thread/INFO] [biomesoplenty]: corrupted_sands.json: You can't set a property to its default value, only changed properties can be included in config files. 
 Property: fogDensity, Value: 1.0
[21:41:31] [Server thread/INFO] [biomesoplenty]: corrupted_sands.json: You can't set a property to its default value, only changed properties can be included in config files. 
 Property: hasBiomeEssence, Value: false
[21:41:31] [Server thread/INFO] [biomesoplenty]: corrupted_sands.json: You can't set a property to its default value, only changed properties can be included in config files. 
 Property: wallBlock, Value: minecraft:soul_sand
[21:41:31] [Server thread/INFO] [biomesoplenty]: corrupted_sands.json: You can't set a property to its default value, only changed properties can be included in config files. 
 Property: roofTopBlock, Value: minecraft:netherrack
[21:41:31] [Server thread/INFO] [biomesoplenty]: corrupted_sands.json: You can't set a property to its default value, only changed properties can be included in config files. 
 Property: roofFillerBlock, Value: minecraft:netherrack
[21:41:31] [Server thread/INFO] [biomesoplenty]: fungi_forest.json: Detected config file 
[21:41:31] [Server thread/INFO] [biomesoplenty]: fungi_forest.json: You can't set a property to its default value, only changed properties can be included in config files. 
 Property: topBlock, Value: minecraft:netherrack
[21:41:31] [Server thread/INFO] [biomesoplenty]: fungi_forest.json: You can't set a property to its default value, only changed properties can be included in config files. 
 Property: fillerBlock, Value: minecraft:netherrack
[21:41:31] [Server thread/INFO] [biomesoplenty]: fungi_forest.json: You can't set a property to its default value, only changed properties can be included in config files. 
 Property: skyColor, Value: -1
[21:41:31] [Server thread/INFO] [biomesoplenty]: fungi_forest.json: You can't set a property to its default value, only changed properties can be included in config files. 
 Property: fogColor, Value: -1
[21:41:31] [Server thread/INFO] [biomesoplenty]: fungi_forest.json: You can't set a property to its default value, only changed properties can be included in config files. 
 Property: fogDensity, Value: 1.0
[21:41:31] [Server thread/INFO] [biomesoplenty]: fungi_forest.json: You can't set a property to its default value, only changed properties can be included in config files. 
 Property: hasBiomeEssence, Value: false
[21:41:31] [Server thread/INFO] [biomesoplenty]: fungi_forest.json: You can't set a property to its default value, only changed properties can be included in config files. 
 Property: wallBlock, Value: minecraft:netherrack
[21:41:31] [Server thread/INFO] [biomesoplenty]: fungi_forest.json: You can't set a property to its default value, only changed properties can be included in config files. 
 Property: roofTopBlock, Value: minecraft:netherrack
[21:41:31] [Server thread/INFO] [biomesoplenty]: fungi_forest.json: You can't set a property to its default value, only changed properties can be included in config files. 
 Property: roofFillerBlock, Value: minecraft:netherrack
[21:41:31] [Server thread/INFO] [biomesoplenty]: phantasmagoric_inferno.json: Detected config file 
[21:41:31] [Server thread/INFO] [biomesoplenty]: phantasmagoric_inferno.json: You can't set a property to its default value, only changed properties can be included in config files. 
 Property: topBlock, Value: biomesoplenty:ash_block
[21:41:31] [Server thread/INFO] [biomesoplenty]: phantasmagoric_inferno.json: You can't set a property to its default value, only changed properties can be included in config files. 
 Property: fillerBlock, Value: biomesoplenty:ash_block
[21:41:31] [Server thread/INFO] [biomesoplenty]: phantasmagoric_inferno.json: You can't set a property to its default value, only changed properties can be included in config files. 
 Property: skyColor, Value: -1
[21:41:31] [Server thread/INFO] [biomesoplenty]: phantasmagoric_inferno.json: You can't set a property to its default value, only changed properties can be included in config files. 
 Property: fogColor, Value: -1
[21:41:31] [Server thread/INFO] [biomesoplenty]: phantasmagoric_inferno.json: You can't set a property to its default value, only changed properties can be included in config files. 
 Property: fogDensity, Value: 1.0
[21:41:31] [Server thread/INFO] [biomesoplenty]: phantasmagoric_inferno.json: You can't set a property to its default value, only changed properties can be included in config files. 
 Property: hasBiomeEssence, Value: false
[21:41:31] [Server thread/INFO] [biomesoplenty]: phantasmagoric_inferno.json: You can't set a property to its default value, only changed properties can be included in config files. 
 Property: wallBlock, Value: minecraft:netherrack
[21:41:31] [Server thread/INFO] [biomesoplenty]: phantasmagoric_inferno.json: You can't set a property to its default value, only changed properties can be included in config files. 
 Property: roofTopBlock, Value: minecraft:netherrack
[21:41:31] [Server thread/INFO] [biomesoplenty]: phantasmagoric_inferno.json: You can't set a property to its default value, only changed properties can be included in config files. 
 Property: roofFillerBlock, Value: minecraft:netherrack
[21:41:31] [Server thread/INFO] [biomesoplenty]: undergarden.json: Detected config file 
[21:41:31] [Server thread/INFO] [biomesoplenty]: undergarden.json: You can't set a property to its default value, only changed properties can be included in config files. 
 Property: topBlock, Value: biomesoplenty:grass[snowy=false,variant=overgrown_netherrack]
[21:41:31] [Server thread/INFO] [biomesoplenty]: undergarden.json: You can't set a property to its default value, only changed properties can be included in config files. 
 Property: fillerBlock, Value: minecraft:netherrack
[21:41:31] [Server thread/INFO] [biomesoplenty]: undergarden.json: You can't set a property to its default value, only changed properties can be included in config files. 
 Property: skyColor, Value: -1
[21:41:31] [Server thread/INFO] [biomesoplenty]: undergarden.json: You can't set a property to its default value, only changed properties can be included in config files. 
 Property: fogColor, Value: -1
[21:41:31] [Server thread/INFO] [biomesoplenty]: undergarden.json: You can't set a property to its default value, only changed properties can be included in config files. 
 Property: fogDensity, Value: 1.0
[21:41:31] [Server thread/INFO] [biomesoplenty]: undergarden.json: You can't set a property to its default value, only changed properties can be included in config files. 
 Property: hasBiomeEssence, Value: false
[21:41:31] [Server thread/INFO] [biomesoplenty]: undergarden.json: You can't set a property to its default value, only changed properties can be included in config files. 
 Property: wallBlock, Value: minecraft:netherrack
[21:41:31] [Server thread/INFO] [biomesoplenty]: undergarden.json: You can't set a property to its default value, only changed properties can be included in config files. 
 Property: roofTopBlock, Value: minecraft:netherrack
[21:41:31] [Server thread/INFO] [biomesoplenty]: undergarden.json: You can't set a property to its default value, only changed properties can be included in config files. 
 Property: roofFillerBlock, Value: minecraft:netherrack
[21:41:31] [Server thread/INFO] [biomesoplenty]: visceral_heap.json: Detected config file 
[21:41:31] [Server thread/INFO] [biomesoplenty]: visceral_heap.json: You can't set a property to its default value, only changed properties can be included in config files. 
 Property: topBlock, Value: biomesoplenty:flesh
[21:41:31] [Server thread/INFO] [biomesoplenty]: visceral_heap.json: You can't set a property to its default value, only changed properties can be included in config files. 
 Property: fillerBlock, Value: biomesoplenty:flesh
[21:41:31] [Server thread/INFO] [biomesoplenty]: visceral_heap.json: You can't set a property to its default value, only changed properties can be included in config files. 
 Property: skyColor, Value: -1
[21:41:31] [Server thread/INFO] [biomesoplenty]: visceral_heap.json: You can't set a property to its default value, only changed properties can be included in config files. 
 Property: fogColor, Value: -1
[21:41:31] [Server thread/INFO] [biomesoplenty]: visceral_heap.json: You can't set a property to its default value, only changed properties can be included in config files. 
 Property: fogDensity, Value: 1.0
[21:41:31] [Server thread/INFO] [biomesoplenty]: visceral_heap.json: You can't set a property to its default value, only changed properties can be included in config files. 
 Property: hasBiomeEssence, Value: false
[21:41:31] [Server thread/INFO] [biomesoplenty]: visceral_heap.json: You can't set a property to its default value, only changed properties can be included in config files. 
 Property: wallBlock, Value: biomesoplenty:flesh
[21:41:31] [Server thread/INFO] [biomesoplenty]: visceral_heap.json: You can't set a property to its default value, only changed properties can be included in config files. 
 Property: roofTopBlock, Value: minecraft:netherrack
[21:41:31] [Server thread/INFO] [biomesoplenty]: visceral_heap.json: You can't set a property to its default value, only changed properties can be included in config files. 
 Property: roofFillerBlock, Value: minecraft:netherrack
[21:41:31] [Server thread/INFO] [biomesoplenty]: sky.json: Detected config file 
[21:41:31] [Server thread/INFO] [biomesoplenty]: sky.json: You can't set a property to its default value, only changed properties can be included in config files. 
 Property: beachBiomeLocation, Value: minecraft:beaches
[21:41:31] [Server thread/INFO] [biomesoplenty]: mushroom_island.json: Detected config file 
[21:41:31] [Server thread/INFO] [biomesoplenty]: mushroom_island.json: You can't set a property to its default value, only changed properties can be included in config files. 
 Property: beachBiomeLocation, Value: minecraft:beaches
[21:41:31] [Server thread/INFO] [biomesoplenty]: birch_forest.json: Detected config file 
[21:41:31] [Server thread/INFO] [biomesoplenty]: birch_forest.json: You can't set a property to its default value, only changed properties can be included in config files. 
 Property: beachBiomeLocation, Value: biomesoplenty:gravel_beach
[21:41:31] [Server thread/INFO] [biomesoplenty]: birch_forest_hills.json: Detected config file 
[21:41:31] [Server thread/INFO] [biomesoplenty]: birch_forest_hills.json: You can't set a property to its default value, only changed properties can be included in config files. 
 Property: beachBiomeLocation, Value: biomesoplenty:gravel_beach
[21:41:31] [Server thread/INFO] [biomesoplenty]: taiga_cold.json: Detected config file 
[21:41:31] [Server thread/INFO] [biomesoplenty]: taiga_cold.json: You can't set a property to its default value, only changed properties can be included in config files. 
 Property: beachBiomeLocation, Value: minecraft:beaches
[21:41:31] [Server thread/INFO] [biomesoplenty]: taiga_cold_hills.json: Detected config file 
[21:41:31] [Server thread/INFO] [biomesoplenty]: taiga_cold_hills.json: You can't set a property to its default value, only changed properties can be included in config files. 
 Property: beachBiomeLocation, Value: minecraft:beaches
[21:41:31] [Server thread/INFO] [biomesoplenty]: desert.json: Detected config file 
[21:41:31] [Server thread/INFO] [biomesoplenty]: desert.json: You can't set a property to its default value, only changed properties can be included in config files. 
 Property: beachBiomeLocation, Value: minecraft:beaches
[21:41:31] [Server thread/INFO] [biomesoplenty]: desert_hills.json: Detected config file 
[21:41:31] [Server thread/INFO] [biomesoplenty]: desert_hills.json: You can't set a property to its default value, only changed properties can be included in config files. 
 Property: beachBiomeLocation, Value: minecraft:beaches
[21:41:31] [Server thread/INFO] [biomesoplenty]: extreme_hills.json: Detected config file 
[21:41:31] [Server thread/INFO] [biomesoplenty]: extreme_hills.json: You can't set a property to its default value, only changed properties can be included in config files. 
 Property: beachBiomeLocation, Value: minecraft:beaches
[21:41:31] [Server thread/INFO] [biomesoplenty]: extreme_hills_with_trees.json: Detected config file 
[21:41:31] [Server thread/INFO] [biomesoplenty]: extreme_hills_with_trees.json: You can't set a property to its default value, only changed properties can be included in config files. 
 Property: beachBiomeLocation, Value: minecraft:beaches
[21:41:31] [Server thread/INFO] [biomesoplenty]: mutated_forest.json: Detected config file 
[21:41:31] [Server thread/INFO] [biomesoplenty]: mutated_forest.json: You can't set a property to its default value, only changed properties can be included in config files. 
 Property: beachBiomeLocation, Value: minecraft:beaches
[21:41:31] [Server thread/INFO] [biomesoplenty]: forest.json: Detected config file 
[21:41:31] [Server thread/INFO] [biomesoplenty]: forest.json: You can't set a property to its default value, only changed properties can be included in config files. 
 Property: beachBiomeLocation, Value: biomesoplenty:gravel_beach
[21:41:31] [Server thread/INFO] [biomesoplenty]: forest_hills.json: Detected config file 
[21:41:31] [Server thread/INFO] [biomesoplenty]: forest_hills.json: You can't set a property to its default value, only changed properties can be included in config files. 
 Property: beachBiomeLocation, Value: biomesoplenty:gravel_beach
[21:41:31] [Server thread/INFO] [biomesoplenty]: ice_flats.json: Detected config file 
[21:41:31] [Server thread/INFO] [biomesoplenty]: ice_flats.json: You can't set a property to its default value, only changed properties can be included in config files. 
 Property: beachBiomeLocation, Value: minecraft:beaches
[21:41:31] [Server thread/INFO] [biomesoplenty]: ice_mountains.json: Detected config file 
[21:41:31] [Server thread/INFO] [biomesoplenty]: ice_mountains.json: You can't set a property to its default value, only changed properties can be included in config files. 
 Property: beachBiomeLocation, Value: minecraft:beaches
[21:41:31] [Server thread/INFO] [biomesoplenty]: jungle.json: Detected config file 
[21:41:31] [Server thread/INFO] [biomesoplenty]: jungle.json: You can't set a property to its default value, only changed properties can be included in config files. 
 Property: beachBiomeLocation, Value: minecraft:beaches
[21:41:31] [Server thread/INFO] [biomesoplenty]: jungle_hills.json: Detected config file 
[21:41:31] [Server thread/INFO] [biomesoplenty]: jungle_hills.json: You can't set a property to its default value, only changed properties can be included in config files. 
 Property: beachBiomeLocation, Value: minecraft:beaches
[21:41:31] [Server thread/INFO] [biomesoplenty]: redwood_taiga.json: Detected config file 
[21:41:31] [Server thread/INFO] [biomesoplenty]: redwood_taiga.json: You can't set a property to its default value, only changed properties can be included in config files. 
 Property: beachBiomeLocation, Value: biomesoplenty:gravel_beach
[21:41:31] [Server thread/INFO] [biomesoplenty]: redwood_taiga_hills.json: Detected config file 
[21:41:31] [Server thread/INFO] [biomesoplenty]: redwood_taiga_hills.json: You can't set a property to its default value, only changed properties can be included in config files. 
 Property: beachBiomeLocation, Value: biomesoplenty:gravel_beach
[21:41:31] [Server thread/INFO] [biomesoplenty]: mesa.json: Detected config file 
[21:41:31] [Server thread/INFO] [biomesoplenty]: mesa.json: You can't set a property to its default value, only changed properties can be included in config files. 
 Property: beachBiomeLocation, Value: minecraft:beaches
[21:41:31] [Server thread/INFO] [biomesoplenty]: mesa_clear_rock.json: Detected config file 
[21:41:31] [Server thread/INFO] [biomesoplenty]: mesa_clear_rock.json: You can't set a property to its default value, only changed properties can be included in config files. 
 Property: beachBiomeLocation, Value: minecraft:beaches
[21:41:31] [Server thread/INFO] [biomesoplenty]: ocean.json: Detected config file 
[21:41:31] [Server thread/INFO] [biomesoplenty]: ocean.json: You can't set a property to its default value, only changed properties can be included in config files. 
 Property: beachBiomeLocation, Value: minecraft:beaches
[21:41:31] [Server thread/INFO] [biomesoplenty]: plains.json: Detected config file 
[21:41:31] [Server thread/INFO] [biomesoplenty]: plains.json: You can't set a property to its default value, only changed properties can be included in config files. 
 Property: beachBiomeLocation, Value: minecraft:beaches
[21:41:31] [Server thread/INFO] [biomesoplenty]: roofed_forest.json: Detected config file 
[21:41:31] [Server thread/INFO] [biomesoplenty]: roofed_forest.json: You can't set a property to its default value, only changed properties can be included in config files. 
 Property: beachBiomeLocation, Value: minecraft:beaches
[21:41:31] [Server thread/INFO] [biomesoplenty]: savanna.json: Detected config file 
[21:41:31] [Server thread/INFO] [biomesoplenty]: savanna.json: You can't set a property to its default value, only changed properties can be included in config files. 
 Property: beachBiomeLocation, Value: minecraft:beaches
[21:41:31] [Server thread/INFO] [biomesoplenty]: savanna_rock.json: Detected config file 
[21:41:31] [Server thread/INFO] [biomesoplenty]: savanna_rock.json: You can't set a property to its default value, only changed properties can be included in config files. 
 Property: beachBiomeLocation, Value: minecraft:beaches
[21:41:31] [Server thread/INFO] [biomesoplenty]: swampland.json: Detected config file 
[21:41:31] [Server thread/INFO] [biomesoplenty]: swampland.json: You can't set a property to its default value, only changed properties can be included in config files. 
 Property: beachBiomeLocation, Value: minecraft:beaches
[21:41:31] [Server thread/INFO] [biomesoplenty]: taiga.json: Detected config file 
[21:41:31] [Server thread/INFO] [biomesoplenty]: taiga.json: You can't set a property to its default value, only changed properties can be included in config files. 
 Property: beachBiomeLocation, Value: biomesoplenty:gravel_beach
[21:41:31] [Server thread/INFO] [biomesoplenty]: taiga_hills.json: Detected config file 
[21:41:31] [Server thread/INFO] [biomesoplenty]: taiga_hills.json: You can't set a property to its default value, only changed properties can be included in config files. 
 Property: beachBiomeLocation, Value: biomesoplenty:gravel_beach
[21:41:31] [Server thread/INFO] [biomesoplenty]: hell.json: Detected config file 
[21:41:31] [Server thread/INFO] [biomesoplenty]: hell.json: You can't set a property to its default value, only changed properties can be included in config files. 
 Property: beachBiomeLocation, Value: minecraft:beaches
[21:41:31] [Server thread/INFO] [biomesoplenty]: beaches.json: Detected config file 
[21:41:31] [Server thread/INFO] [biomesoplenty]: beaches.json: You can't set a property to its default value, only changed properties can be included in config files. 
 Property: beachBiomeLocation, Value: minecraft:beaches
[21:41:31] [Server thread/INFO] [ASMUtil]: Transforming class cursedflames/bountifulbaubles/recipe/AnvilRecipes
[21:41:31] [Server thread/INFO] [ASMUtil]: Transforming class cursedflames/bountifulbaubles/recipe/AnvilRecipes
[21:41:31] [Server thread/INFO] [cd4017be_lib]: skipped core.PRE_INIT
[21:41:31] [Server thread/INFO] [cd4017be_lib]: added Forge Energy-API with 100.0 J / Flux
[21:41:31] [Server thread/INFO] [Meson]: Configuring feature GunpowderBlock
[21:41:31] [Server thread/INFO] [Meson]: Configuring feature RedstoneSand
[21:41:31] [Server thread/INFO] [Meson]: Configuring feature VariableRedstoneLamp
[21:41:31] [Server thread/INFO] [Meson]: Configuring feature Coffee
[21:41:31] [Server thread/INFO] [Meson]: Configuring feature Decay
[21:41:31] [Server thread/INFO] [Meson]: Configuring feature EnderSight
[21:41:31] [Server thread/INFO] [Meson]: Configuring feature FlavoredCake
[21:41:31] [Server thread/INFO] [Meson]: Configuring feature PoisonousPotatoBrew
[21:41:31] [Server thread/INFO] [Meson]: Configuring feature Barrel
[21:41:31] [Server thread/INFO] [Meson]: Configuring feature BookshelfChest
[21:41:31] [Server thread/INFO] [Meson]: Configuring feature Composter
[21:41:31] [Server thread/INFO] [Meson]: Configuring feature Crate
[21:41:31] [Server thread/INFO] [Meson]: Configuring feature EnderPearlBlock
[21:41:31] [Server thread/INFO] [Meson]: Configuring feature Lantern
[21:41:31] [Server thread/INFO] [Meson]: Configuring feature RottenFleshBlock
[21:41:31] [Server thread/INFO] [Meson]: Configuring feature SmoothGlowstone
[21:41:31] [Server thread/INFO] [Meson]: Configuring feature SuspiciousSoup
[21:41:31] [Server thread/INFO] [Meson]: Configuring feature CurseBreak
[21:41:31] [Server thread/INFO] [Meson]: Configuring feature ExtraCurses
[21:41:31] [Server thread/INFO] [Meson]: Configuring feature Homing
[21:41:31] [Server thread/INFO] [Meson]: Configuring feature Magnetic
[21:41:31] [Server thread/INFO] [Meson]: Configuring feature Salvage
[21:41:31] [Server thread/INFO] [Meson]: Configuring feature DecreaseRepairCost
[21:41:31] [Server thread/INFO] [Meson]: Configuring feature ExtendTotemOfReturning
[21:41:31] [Server thread/INFO] [Meson]: Configuring feature ExtractBookXP
[21:41:31] [Server thread/INFO] [Meson]: Configuring feature ExtractEnchantments
[21:41:31] [Server thread/INFO] [Meson]: Configuring feature TallowIncreasesDurability
[21:41:31] [Server thread/INFO] [Meson]: Configuring feature CactusWater
[21:41:31] [Server thread/INFO] [Meson]: Configuring feature CauldronWaterSource
[21:41:31] [Server thread/INFO] [Meson]: Configuring feature CompassBinding
[21:41:31] [Server thread/INFO] [Meson]: Configuring feature DispensersUseAnyBow
[21:41:31] [Server thread/INFO] [Meson]: Configuring feature ExtraRecords
[21:41:31] [Server thread/INFO] [Meson]: Configuring feature FurnacesRecycleMore
[21:41:31] [Server thread/INFO] [Meson]: Configuring feature GoldToolImprovements
[21:41:31] [Server thread/INFO] [Meson]: Configuring feature LeatherArmorInvisibility
[21:41:31] [Server thread/INFO] [Meson]: Configuring feature PickaxesBreakPistons
[21:41:31] [Server thread/INFO] [Meson]: Configuring feature RandomAnimalTextures
[21:41:31] [Server thread/INFO] [Meson]: Configuring feature RecordsStopBackgroundMusic
[21:41:31] [Server thread/INFO] [Meson]: Configuring feature RemoveNitwits
[21:41:31] [Server thread/INFO] [Meson]: Configuring feature RestrictFurnaceInput
[21:41:31] [Server thread/INFO] [Meson]: Configuring feature ShearedMelons
[21:41:31] [Server thread/INFO] [Meson]: Configuring feature SpongesReduceFallDamage
[21:41:31] [Server thread/INFO] [Meson]: Configuring feature StackableEnchantedBooks
[21:41:31] [Server thread/INFO] [Meson]: Configuring feature StackableMilkBuckets
[21:41:31] [Server thread/INFO] [Meson]: Configuring feature StackablePotions
[21:41:31] [Server thread/INFO] [Meson]: Configuring feature TamedAnimalsHealing
[21:41:31] [Server thread/INFO] [Meson]: Configuring feature TamedAnimalsNoDamage
[21:41:31] [Server thread/INFO] [Meson]: Configuring feature UseTotemFromInventory
[21:41:31] [Server thread/INFO] [Meson]: Configuring feature WaterInHotBiomes
[21:41:31] [Server thread/INFO] [Meson]: Configuring feature WitchesDropDecay
[21:41:31] [Server thread/INFO] [Meson]: Configuring feature WitchesDropLuck
[21:41:31] [Server thread/INFO] [Meson]: Configuring feature WitchHatProtection
[21:41:31] [Server thread/INFO] [Meson]: Configuring feature AbandonedCrates
[21:41:31] [Server thread/INFO] [Meson]: Configuring feature BatBucket
[21:41:31] [Server thread/INFO] [Meson]: Configuring feature ChargedEmeralds
[21:41:31] [Server thread/INFO] [Meson]: Configuring feature EndermitePowder
[21:41:31] [Server thread/INFO] [Meson]: Configuring feature EndPortalRunes
[21:41:31] [Server thread/INFO] [Meson]: Configuring feature IllusionersInRoofedForest
[21:41:31] [Server thread/INFO] [Meson]: Configuring feature Moonstone
[21:41:31] [Server thread/INFO] [Meson]: Configuring feature MoreVillageBiomes
[21:41:31] [Server thread/INFO] [Meson]: Configuring feature NetherGoldDeposits
[21:41:31] [Server thread/INFO] [Meson]: Configuring feature Spectre
[21:41:31] [Server thread/INFO] [Meson]: Configuring feature SpectreHaunting
[21:41:31] [Server thread/INFO] [Meson]: Configuring feature StructureMaps
[21:41:31] [Server thread/INFO] [Meson]: Configuring feature SwampHutDecorations
[21:41:31] [Server thread/INFO] [Meson]: Configuring feature TotemOfReturning
[21:41:31] [Server thread/INFO] [Meson]: Configuring feature TotemOfShielding
[21:41:31] [Server thread/INFO] [Meson]: Configuring feature VillageDecorations
[21:41:31] [Server thread/INFO] [Meson]: Configuring feature VillagerTrades
[21:41:31] [Server thread/INFO] [Meson]: Configuring feature VindicatorsInRoofedForest
[21:41:31] [Server thread/INFO] [Meson]: Starting module CharmAutomation
[21:41:31] [Server thread/INFO] [Meson]: Starting feature GunpowderBlock
[21:41:31] [Server thread/INFO] [Meson]: Starting feature RedstoneSand
[21:41:31] [Server thread/INFO] [Meson]: Starting feature VariableRedstoneLamp
[21:41:31] [Server thread/INFO] [Meson]: Starting module CharmBrewing
[21:41:31] [Server thread/INFO] [Meson]: Starting feature Coffee
[21:41:31] [Server thread/INFO] [Meson]: Starting feature EnderSight
[21:41:31] [Server thread/INFO] [Meson]: Starting feature FlavoredCake
[21:41:31] [Server thread/INFO] [Meson]: Starting feature PoisonousPotatoBrew
[21:41:31] [Server thread/INFO] [Meson]: Starting module CharmCrafting
[21:41:31] [Server thread/INFO] [Meson]: Starting feature Barrel
[21:41:31] [Server thread/INFO] [Meson]: Starting feature BookshelfChest
[21:41:31] [Server thread/INFO] [Meson]: Starting feature Composter
[21:41:31] [Server thread/INFO] [Meson]: Starting feature Crate
[21:41:31] [Server thread/INFO] [Meson]: Starting feature EnderPearlBlock
[21:41:31] [Server thread/INFO] [Meson]: Starting feature Lantern
[21:41:31] [Server thread/INFO] [Meson]: Starting feature RottenFleshBlock
[21:41:31] [Server thread/INFO] [Meson]: Starting feature SmoothGlowstone
[21:41:31] [Server thread/INFO] [Meson]: Starting feature SuspiciousSoup
[21:41:31] [Server thread/INFO] [Meson]: Starting module CharmEnchanting
[21:41:31] [Server thread/INFO] [Meson]: Starting feature CurseBreak
[21:41:31] [Server thread/INFO] [Meson]: Starting feature ExtraCurses
[21:41:31] [Server thread/INFO] [Quark ASM]: Transforming net.minecraft.enchantment.EnchantmentHelper
[21:41:31] [Server thread/INFO] [Quark ASM]: Applying Transformation to method (Names [getEnchantments, func_82781_a] Descriptor (Lnet/minecraft/item/ItemStack;)Ljava/util/Map;)
[21:41:31] [Server thread/INFO] [Quark ASM]: Located Method, patching...
[21:41:31] [Server thread/INFO] [Quark ASM]: Located patch target node INVOKEVIRTUAL net/minecraft/item/ItemStack.func_77986_q ()Lnet/minecraft/nbt/NBTTagList;
[21:41:31] [Server thread/INFO] [Quark ASM]: Patch result: true
[21:41:31] [Server thread/INFO] [ASMUtil]: Transforming class net/minecraft/enchantment/EnchantmentHelper
[21:41:31] [Server thread/INFO] [ASMUtil]: Transforming class net/minecraft/enchantment/EnchantmentHelper
[21:41:31] [Server thread/INFO] [Meson]: Starting feature Homing
[21:41:31] [Server thread/INFO] [Meson]: Starting feature Magnetic
[21:41:31] [Server thread/INFO] [Meson]: Starting module CharmSmithing
[21:41:31] [Server thread/INFO] [Meson]: Starting module CharmTweaks
[21:41:31] [Server thread/INFO] [Meson]: Starting feature ExtraRecords
[21:41:31] [Server thread/INFO] [Meson]: Starting feature RecordsStopBackgroundMusic
[21:41:31] [Server thread/INFO] [Meson]: Starting feature SpongesReduceFallDamage
[21:41:31] [Server thread/INFO] [Meson]: Starting feature TamedAnimalsHealing
[21:41:31] [Server thread/INFO] [Meson]: Starting feature WitchesDropLuck
[21:41:31] [Server thread/INFO] [Meson]: Starting feature WitchHatProtection
[21:41:31] [Server thread/INFO] [Meson]: Starting module CharmWorld
[21:41:31] [Server thread/INFO] [Meson]: Starting feature AbandonedCrates
[21:41:31] [Server thread/INFO] [Meson]: Starting feature ChargedEmeralds
[21:41:31] [Server thread/INFO] [Meson]: Starting feature EndermitePowder
[21:41:31] [Server thread/INFO] [Meson]: Starting feature EndPortalRunes
[21:41:31] [Server thread/INFO] [Meson]: Starting feature IllusionersInRoofedForest
[21:41:31] [Server thread/INFO] [Meson]: Starting feature NetherGoldDeposits
[21:41:31] [Server thread/INFO] [Meson]: Starting feature Spectre
[21:41:31] [Server thread/INFO] [Meson]: Starting feature StructureMaps
[21:41:31] [Server thread/INFO] [Meson]: Starting feature SwampHutDecorations
[21:41:31] [Server thread/INFO] [Meson]: Starting feature VillageDecorations
[21:41:31] [Server thread/INFO] [Meson]: Starting feature VindicatorsInRoofedForest
[21:41:31] [Server thread/INFO] [Chunk Pregenerator]: Made the Pregenerator ThreadSave
[21:41:31] [Server thread/INFO] [contenttweaker]: Module Vanilla CraftTweaker has successfully loaded
[21:41:31] [Server thread/INFO] [contenttweaker]: Module Materials has successfully loaded
[21:41:31] [Server thread/INFO] [STDOUT]: [stanhebben.zenscript.parser.expression.ParsedExpressionFunction:compile:34]: Known predicted function type: ZenTypeNative: mods.contenttweaker.DropHandler
[21:41:31] [Server thread/INFO] [STDOUT]: [stanhebben.zenscript.parser.expression.ParsedExpressionFunction:compile:34]: Known predicted function type: ZenTypeNative: mods.contenttweaker.DropHandler
[21:41:31] [Server thread/INFO] [STDOUT]: [stanhebben.zenscript.parser.expression.ParsedExpressionFunction:compile:34]: Known predicted function type: ZenTypeNative: mods.contenttweaker.DropHandler
[21:41:31] [Server thread/INFO] [STDOUT]: [stanhebben.zenscript.parser.expression.ParsedExpressionFunction:compile:34]: Known predicted function type: ZenTypeNative: mods.contenttweaker.DropHandler
[21:41:31] [Server thread/INFO] [STDOUT]: [stanhebben.zenscript.parser.expression.ParsedExpressionFunction:compile:34]: Known predicted function type: ZenTypeNative: mods.contenttweaker.DropHandler
[21:41:31] [Server thread/INFO] [STDOUT]: [stanhebben.zenscript.parser.expression.ParsedExpressionFunction:compile:34]: Known predicted function type: ZenTypeNative: mods.contenttweaker.DropHandler
[21:41:31] [Server thread/INFO] [craftablechainmail]: Pre-init OK!
[21:41:32] [Server thread/INFO] [DLDUNGEONS]: Doomlike Dungeons is in preInit, should now load config.
[21:41:32] [Server thread/INFO] [DLDUNGEONS]: themesdir is /home/container/config/DLDungeonsJBG
[21:41:32] [Server thread/INFO] [DLDUNGEONS]: Frequency Scaling Factor Set To: 8
[21:41:32] [Server thread/INFO] [DLDUNGEONS]: Minimum X Factor Set To: 60
[21:41:32] [Server thread/INFO] [DLDUNGEONS]: Difficulty set to: Insane horror!
[21:41:32] [Server thread/INFO] [DLDUNGEONS]: Will spawn dungeons in with world generation? true
[21:41:32] [Server thread/INFO] [DLDUNGEONS]: Will spawn dungeons even with structures disabled? false
[21:41:32] [Server thread/INFO] [DLDUNGEONS]: Will export item, block, and mob lists? false
[21:41:32] [Server thread/INFO] [DLDUNGEONS]: Will announce use of OP/cheat commands? true
[21:41:32] [Server thread/INFO] [DLDUNGEONS]: Will dungeons be easy to find? true
[21:41:32] [Server thread/INFO] [DLDUNGEONS]: Hub room (entrances and boss rooms) will have high ceiling? true
[21:41:32] [Server thread/INFO] [DLDUNGEONS]: All dungeon will be huge? false
[21:41:32] [Server thread/INFO] [DLDUNGEONS]: Will dungeon all have single entrances? false
[21:41:32] [Server thread/INFO] [DLDUNGEONS]: Will themes be automatically install if themes folder is empty? true
[21:41:32] [Server thread/INFO] [DLDUNGEONS]: Can themes be (re)installed by command? true
[21:41:32] [Server thread/INFO] [DLDUNGEONS]: adding END to excusion list
[21:41:32] [Server thread/INFO] [DLDUNGEONS]: adding CANYON to excusion list
[21:41:32] [Server thread/INFO] [DLDUNGEONS]: adding CITY to excusion list
[21:41:32] [Server thread/INFO] [DLDUNGEONS]: adding NUCLEAR to excusion list
[21:41:32] [Server thread/INFO] [DLDUNGEONS]: Will use API? true
[21:41:32] [Server thread/INFO] [DLDUNGEONS]: Will allow API base mob change? true
[21:41:32] [Server thread/INFO] [DLDUNGEONS]: Will self-profile? false
[21:41:32] [Server thread/INFO] [DLDUNGEONS]: themesdir will be set to /home/container/config/DLDungeonsJBG/themes/
[21:41:32] [Server thread/INFO] [DLDUNGEONS]: themesdir File is be set to /home/container/config/DLDungeonsJBG/themes
[21:41:32] [Server thread/INFO] [DLDUNGEONS]: themesdir is /home/container/config/DLDungeonsJBG/themes
[21:41:32] [Server thread/INFO] [STDOUT]: [jaredbgreat.dldungeons.setup.Externalizer:makeChestCfg:206]: [DLDUNGEONS] Installing files /home/container/config/DLDungeonsJBG/chests.cfg
[21:41:32] [Server thread/INFO] [DLDUNGEONS]: Config should now be loaded.
[21:41:32] [Server thread/INFO] [STDOUT]: [com.ferreusveritas.dynamictrees.ModConfigs:preInit:112]: DynamicTrees BlackListed DimValue: 7
[21:41:32] [Elenai Dodge Patron Loading Thread/ERROR] [ElenaiDodge]: Failed to load patreon information
javax.net.ssl.SSLHandshakeException: Received fatal alert: handshake_failure
	at sun.security.ssl.Alert.createSSLException(Alert.java:131) ~[?:1.8.0_503]
	at sun.security.ssl.Alert.createSSLException(Alert.java:117) ~[?:1.8.0_503]
	at sun.security.ssl.TransportContext.fatal(TransportContext.java:364) ~[?:1.8.0_503]
	at sun.security.ssl.Alert$AlertConsumer.consume(Alert.java:305) ~[?:1.8.0_503]
	at sun.security.ssl.TransportContext.dispatch(TransportContext.java:203) ~[?:1.8.0_503]
	at sun.security.ssl.SSLTransport.decode(SSLTransport.java:155) ~[?:1.8.0_503]
	at sun.security.ssl.SSLSocketImpl.decode(SSLSocketImpl.java:1382) ~[?:1.8.0_503]
	at sun.security.ssl.SSLSocketImpl.readHandshakeRecord(SSLSocketImpl.java:1295) ~[?:1.8.0_503]
	at sun.security.ssl.SSLSocketImpl.startHandshake(SSLSocketImpl.java:417) ~[?:1.8.0_503]
	at sun.security.ssl.SSLSocketImpl.startHandshake(SSLSocketImpl.java:389) ~[?:1.8.0_503]
	at sun.net.www.protocol.https.HttpsClient.afterConnect(HttpsClient.java:567) ~[?:1.8.0_503]
	at sun.net.www.protocol.https.AbstractDelegateHttpsURLConnection.connect(AbstractDelegateHttpsURLConnection.java:201) ~[?:1.8.0_503]
	at sun.net.www.protocol.http.HttpURLConnection.getInputStream0(HttpURLConnection.java:1626) ~[?:1.8.0_503]
	at sun.net.www.protocol.http.HttpURLConnection.getInputStream(HttpURLConnection.java:1554) ~[?:1.8.0_503]
	at sun.net.www.protocol.https.HttpsURLConnectionImpl.getInputStream(HttpsURLConnectionImpl.java:268) ~[?:1.8.0_503]
	at java.net.URL.openStream(URL.java:1092) ~[?:1.8.0_503]
	at com.elenai.elenaidodge.util.PatronRewardHandler$ThreadContributorListLoader.run(PatronRewardHandler.java:133) [PatronRewardHandler$ThreadContributorListLoader.class:?]
[21:41:32] [Server thread/INFO] [ASMUtil]: Transforming class rustic/common/potions/PotionTipsy
[21:41:32] [Server thread/INFO] [ASMUtil]: Transforming class rustic/common/potions/PotionTipsy
[21:41:32] [Server thread/INFO] [ASMUtil]: Transforming class sereneseasons/handler/season/RandomUpdateHandler
[21:41:32] [Server thread/INFO] [ASMUtil]: Transforming class sereneseasons/handler/season/RandomUpdateHandler
[21:41:32] [Server thread/INFO] [orelib]: Loading language resources [orelib:en_us]
[21:41:32] [Server thread/WARN] [orelib]: Unable to locate field [org.orecruncher.dsurround.ModOptions$profiles::PATH]
[21:41:32] [Server thread/WARN] [orelib]: Unable to locate field [org.orecruncher.dsurround.ModOptions$commands::PATH]
[21:41:32] [Server thread/WARN] [orelib]: Unable to locate field [org.orecruncher.dsurround.ModOptions$commands$calc::PATH]
[21:41:32] [Server thread/WARN] [orelib]: Unable to locate field [org.orecruncher.dsurround.ModOptions$commands$ds::PATH]
[21:41:32] [Server thread/WARN] [orelib]: Unable to locate field [org.orecruncher.dsurround.ModOptions$speechbubbles::PATH]
[21:41:32] [Server thread/WARN] [orelib]: Unable to locate field [org.orecruncher.dsurround.ModOptions$player::PATH]
[21:41:32] [Server thread/WARN] [orelib]: Unable to locate field [org.orecruncher.dsurround.ModOptions$sound::PATH]
[21:41:32] [Server thread/WARN] [orelib]: Unable to locate field [org.orecruncher.dsurround.ModOptions$effects::PATH]
[21:41:32] [Server thread/WARN] [orelib]: Unable to locate field [org.orecruncher.dsurround.ModOptions$biomes::PATH]
[21:41:32] [Server thread/WARN] [orelib]: Unable to locate field [org.orecruncher.dsurround.ModOptions$aurora::PATH]
[21:41:32] [Server thread/WARN] [orelib]: Unable to locate field [org.orecruncher.dsurround.ModOptions$general::PATH]
[21:41:32] [Server thread/WARN] [orelib]: Unable to locate field [org.orecruncher.dsurround.ModOptions$fog::PATH]
[21:41:32] [Server thread/WARN] [orelib]: Unable to locate field [org.orecruncher.dsurround.ModOptions$rain::PATH]
[21:41:32] [Server thread/WARN] [orelib]: Unable to locate field [org.orecruncher.dsurround.ModOptions$logging::PATH]
[21:41:32] [Server thread/WARN] [orelib]: Unable to locate field [org.orecruncher.dsurround.ModOptions$asm::PATH]
[21:41:32] [Server thread/INFO] [orelib]: Loading language resources [dsurround:en_us]
[21:41:32] [Server thread/INFO] [ASMUtil]: Transforming class funwayguy/epicsiegemod/ai/ESM_EntityAIAttackMelee
[21:41:32] [Server thread/INFO] [firstaid]: First Aid version 1.6.22 starting
[21:41:32] [Server thread/INFO] [foamfix]: Removing LaunchWrapper package manifest map...
[21:41:32] [Server thread/INFO] [fxcontrol]: Enabling support for Lost Cities
[21:41:32] [Server thread/INFO] [fxcontrol]: Enabling support for Serene Seasons
[21:41:32] [Server thread/INFO] [fxcontrol]: Enabling support for Baubles
[21:41:32] [Server thread/INFO] [LibrarianLib ASM]: Transforming NetHandlerPlayServer
[21:41:32] [Server thread/INFO] [LibrarianLib ASM]: Applying Transformation to method (Names [update, func_73660_a] Descriptor ()V)
[21:41:32] [Server thread/INFO] [LibrarianLib ASM]: Attempting to insert: Update hook
[21:41:32] [Server thread/INFO] [LibrarianLib ASM]: Patch result: Success
[21:41:32] [Server thread/INFO] [ASMUtil]: Transforming class net/minecraft/network/NetHandlerPlayServer
[21:41:32] [Server thread/INFO] [ASMUtil]: Transforming method net/minecraft/network/NetHandlerPlayServer.func_147340_a(Lnet/minecraft/network/play/client/CPacketUseEntity;)V
[21:41:32] [Server thread/INFO] [ASMUtil]: Transforming class net/minecraft/network/NetHandlerPlayServer
[21:41:32] [Server thread/INFO] [ASMUtil]: Transforming method net/minecraft/network/NetHandlerPlayServer.func_147345_a(Lnet/minecraft/network/play/client/CPacketPlayerDigging;)V
[21:41:32] [Server thread/INFO] [incontrol]: Enabling support for Lost Cities
[21:41:32] [Server thread/INFO] [incontrol]: Enabling support for Serene Seasons
[21:41:32] [Server thread/INFO] [incontrol]: Enabling support for Baubles
[21:41:32] [Server thread/INFO] [ASMUtil]: Transforming class atomicstryker/multimine/common/MultiMineServer
[21:41:32] [Server thread/INFO] [ASMUtil]: Transforming class atomicstryker/multimine/common/MultiMineServer
[21:41:32] [Server thread/WARN] [notreepunching]: You are not running an official build. This version will NOT be supported by the author.
[21:41:32] [Server thread/INFO] [nuclearcraft]: Pre Initializing...
[21:41:32] [Server thread/WARN] [mixin]: Error loading class: ic2/api/energy/tile/IEnergySource (java.lang.ClassNotFoundException: The specified class 'ic2.api.energy.tile.IEnergySource' was not found)
[21:41:32] [Server thread/WARN] [mixin]: Error loading class: ic2/api/energy/tile/IEnergySink (java.lang.ClassNotFoundException: The specified class 'ic2.api.energy.tile.IEnergySink' was not found)
[21:41:32] [Server thread/WARN] [mixin]: Error loading class: li/cil/oc/api/network/SimpleComponent (java.lang.ClassNotFoundException: The specified class 'li.cil.oc.api.network.SimpleComponent' was not found)
[21:41:33] [Server thread/WARN] [mixin]: Error loading class: ic2/api/energy/tile/IEnergySource (java.lang.ClassNotFoundException: The specified class 'ic2.api.energy.tile.IEnergySource' was not found)
[21:41:33] [Server thread/WARN] [mixin]: Error loading class: ic2/api/energy/tile/IEnergySink (java.lang.ClassNotFoundException: The specified class 'ic2.api.energy.tile.IEnergySink' was not found)
[21:41:33] [Server thread/WARN] [mixin]: Error loading class: li/cil/oc/api/network/SimpleComponent (java.lang.ClassNotFoundException: The specified class 'li.cil.oc.api.network.SimpleComponent' was not found)
[21:41:33] [Server thread/WARN] [mixin]: Error loading class: li/cil/oc/api/network/SimpleComponent (java.lang.ClassNotFoundException: The specified class 'li.cil.oc.api.network.SimpleComponent' was not found)
[21:41:33] [Server thread/WARN] [mixin]: Error loading class: ic2/api/item/IHazmatLike (java.lang.ClassNotFoundException: The specified class 'ic2.api.item.IHazmatLike' was not found)
[21:41:33] [Server thread/WARN] [mixin]: Error loading class: ic2/api/item/IHazmatLike (java.lang.ClassNotFoundException: The specified class 'ic2.api.item.IHazmatLike' was not found)
[21:41:33] [Server thread/WARN] [net.minecraft.network.datasync.EntityDataManager]: defineId called for: class net.minecraft.entity.monster.EntityGiantZombie from class com.lothrazar.playerbosses.EntityPlayerBoss
[21:41:33] [Server thread/INFO] [realistictorches]: Torch burnout rate: 576000 ticks (480 minutes)
[21:41:33] [Server thread/INFO] [realistictorches]: Handheld light sources are disabled.
[21:41:33] [Server thread/INFO] [reborncore]: Pre loaded registries in 13ms
[21:41:33] [Server thread/INFO] [reborncore]: Loaded registrys for reborncore.common.registration.RegistryConstructionEvent in 14ms
[21:41:33] [Server thread/INFO] [reborncore]: Loaded power manager from: ForgePowerManager
[21:41:33] [Server thread/INFO] [reborncore]: Loaded registrys for net.minecraftforge.fml.common.event.FMLPreInitializationEvent in 1ms
[21:41:33] [Server thread/INFO] [ASMUtil]: Transforming class net/minecraft/server/management/PlayerInteractionManager
[21:41:33] [Server thread/INFO] [ASMUtil]: Transforming method net/minecraft/server/management/PlayerInteractionManager.func_73076_a(Lnet/minecraft/world/GameType;)V
[21:41:33] [Server thread/INFO] [RLTweaker]: Registered com.charles445.rltweaker.handler.ReskillableHandler$ManualSubscriber onToggleableTraitLockedPost to the event bus
[21:41:33] [Server thread/INFO] [STDOUT]: [com.pg85.otg.forge.asm.excluded.OTGClassTransformer:transform:91]: OTG-Core transforming: net.minecraftforge.common.DimensionManager : net/minecraftforge/common/DimensionManager
[21:41:33] [Server thread/INFO] [RLTweaker]: Registered com.charles445.rltweaker.handler.WaystonesHandler onGenerateWaystone to the event bus
[21:41:33] [Server thread/INFO] [Scaling Health]: Trying to change max health cap to 69420
[21:41:33] [Server thread/INFO] [Scaling Health]: Config successfully loaded!
[21:41:33] [Server thread/INFO] [SimpleDifficulty]: Extra Items Initialization
[21:41:33] [Server thread/INFO] [XAT]: Setting Up Races
[21:41:33] [Server thread/INFO] [XAT]: Setting Up Blocks
[21:41:33] [Server thread/INFO] [XAT]: Instantiating Flowers
[21:41:33] [Server thread/INFO] [XAT]: Instantiating Placeables
[21:41:33] [Server thread/INFO] [XAT]: Setting Up Items
[21:41:33] [Server thread/INFO] [XAT]: Setting Up Capabilities
[21:41:33] [Server thread/INFO] [XAT]: Setting Up Networking
[21:41:33] [Server thread/INFO] [XAT]: Pre-init
[21:41:33] [Server thread/INFO] [Spartan Weaponry]: Starting up Spartan Weaponry!
[21:41:33] [Server thread/INFO] [Spartan Weaponry]: API: Loaded internal method handler. API functionality should work now!
[21:41:33] [Server thread/INFO] [Spartan Weaponry]: Defined config version: 2.0 - Loaded config version: 2.0
[21:41:33] [Server thread/INFO] [Spartan Shields]: Starting up Spartan Shields!
[21:41:33] [Server thread/INFO] [ASMUtil]: Transforming class com/dhanantry/scapeandrunparasites/entity/ai/misc/EntityPInfected
[21:41:33] [Server thread/INFO] [ASMUtil]: Transforming class com/dhanantry/scapeandrunparasites/entity/ai/misc/EntityPInfected
[21:41:33] [Server thread/INFO] [srparasites]: [MOD COMPATIBILITY] Checked for 2 mods that may be in the list that need patches or alternative code
[21:41:33] [Server thread/INFO] [dimstack]: Testing ClassTransformer result of class cd4017be.dimstack.asm.ChunkPrimerTransformer for correct functionality ...
[21:41:33] [Server thread/INFO] [dimstack]: dryTest passed!
[21:41:33] [Server thread/INFO] [dimstack]: mainTest passed!
[21:41:33] [Server thread/INFO] [dimstack]: Testing ClassTransformer result of class cd4017be.dimstack.asm.BlockPortalTransformer for correct functionality ...
[21:41:33] [Server thread/INFO] [dimstack]: portalTest passed!
[21:41:33] [Server thread/ERROR] [dimstack]: Given preset dimension stack configuration file /home/container/config/cd4017be/dimensionstack.dat doesn't exist: loading config normally
[21:41:33] [Server thread/INFO] [cd4017be_lib]: skipped verticalDimensionStack.PRE_INIT
[21:41:33] [Server thread/INFO] [wolfarmor]: Registered new provider SophisticatedWolvesProvider for mod sophisticatedwolves
[21:41:33] [Server thread/INFO] [wolfarmor]: Registered new provider LetSleepingDogsLieProvider for mod dogslie
[21:41:33] [Server thread/INFO] [wolfarmor]: Registered new provider WizardryProvider for mod ebwizardry
[21:41:33] [Server thread/INFO] [wolfarmor]: Registered new provider MoBendsProvider for mod mobends
[21:41:33] [Server thread/INFO] [wolfarmor]: Performing server-side compatibility preInit for mobends...
[21:41:33] [Server thread/INFO] [kiwi]: Processing 1 KiwiModule annotations
[21:41:34] [Server thread/INFO] [dttraverse]: FIRLOG:Block{traverse:fir_log} 1xtile.traverse:fir_log@0
[21:41:34] [Server thread/INFO] [STDOUT]: [com.Fishmod.mod_LavaCow.init.Modblocks$RegistrationHandler:registerBlocks:94]: Registering Blocks
[21:41:34] [Server thread/INFO] [XAT]: Registering Flower Blocks
[21:41:34] [Server thread/INFO] [XAT]: Registering Placeable Blocks
[21:41:34] [Server thread/INFO] [rlmixins.RLMixins]: RLMixins replacing Parasites Living Armor Material
[21:41:34] [Server thread/INFO] [rlmixins.RLMixins]: RLMixins replacing Parasites Sentient Armor Material
[21:41:34] [Server thread/INFO] [FML]: Applying holder lookups
[21:41:34] [Server thread/INFO] [firstaid]: Don't worry, the minecraft poison override IS intended.
[21:41:34] [Server thread/INFO] [FML]: Holder lookups applied
[21:41:34] [Server thread/INFO] [SimpleDifficulty]: Registering Items
[21:41:34] [Server thread/INFO] [XAT]: Registering Crafting
[21:41:34] [Server thread/INFO] [XAT]: Registering Foods
[21:41:34] [Server thread/INFO] [XAT]: Registering Misc
[21:41:34] [Server thread/INFO] [XAT]: Registering Baubles
[21:41:34] [Server thread/INFO] [Spartan Weaponry]: Registering 10 modded material based weapons
[21:41:34] [Server thread/INFO] [Spartan Weaponry]: Adding weapons for materials: Copper, Tin, Bronze, Steel, Silver, Invar, Platinum, Electrum, Nickel, Lead
[21:41:34] [Server thread/INFO] [Spartan Weaponry]: Items Registered!
[21:41:34] [Server thread/INFO] [Spartan Shields]: Items Registered!
[21:41:34] [Server thread/INFO] [ASMUtil]: Transforming class com/dhanantry/scapeandrunparasites/entity/ai/EntityAINearestAttackableTargetStatus
[21:41:34] [Server thread/INFO] [ASMUtil]: Transforming class com/dhanantry/scapeandrunparasites/entity/ai/EntityAINearestAttackableTargetStatus
[21:41:34] [Server thread/INFO] [Quark ASM]: Transforming net.minecraft.entity.ai.EntityAITarget
[21:41:34] [Server thread/INFO] [Quark ASM]: Applying Transformation to method (Names [isSuitableTarget, func_179445_a] Descriptor (Lnet/minecraft/entity/EntityLiving;Lnet/minecraft/entity/EntityLivingBase;ZZ)Z)
[21:41:34] [Server thread/INFO] [Quark ASM]: Located Method, patching...
[21:41:34] [Server thread/INFO] [Quark ASM]: Patch result: true
[21:41:35] [Server thread/INFO] [ASMUtil]: Transforming class net/blay09/mods/waystones/item/ItemBoundScroll
[21:41:35] [Server thread/INFO] [ASMUtil]: Transforming class net/blay09/mods/waystones/item/ItemBoundScroll
[21:41:35] [Server thread/INFO] [FML]: Ignored smelting recipe with conflicting input: 1xitem.iceandfire.bronzeAlloy@32767 = 1xitem.ingot_bronze@0
[21:41:35] [Server thread/INFO] [FML]: Applying holder lookups
[21:41:35] [Server thread/INFO] [FML]: Holder lookups applied
[21:41:35] [Server thread/INFO] [Spartan Weaponry]: Registering Enchantments!
[21:41:35] [Server thread/INFO] [STDOUT]: [com.Fishmod.mod_LavaCow.init.ModEntities$RegistrationHandler:onEvent:438]: Registering entities
[21:41:35] [Server thread/INFO] [STDOUT]: [com.Fishmod.mod_LavaCow.init.ModEntities$RegistrationHandler:onEvent:442]: Registering entity = class com.Fishmod.mod_LavaCow.entities.EntityLavaCow
[21:41:35] [Server thread/INFO] [STDOUT]: [com.Fishmod.mod_LavaCow.init.ModEntities$RegistrationHandler:onEvent:442]: Registering entity = class com.Fishmod.mod_LavaCow.entities.EntityZombieMushroom
[21:41:35] [Server thread/INFO] [STDOUT]: [com.Fishmod.mod_LavaCow.init.ModEntities$RegistrationHandler:onEvent:442]: Registering entity = class com.Fishmod.mod_LavaCow.entities.EntityParasite
[21:41:35] [Server thread/INFO] [STDOUT]: [com.Fishmod.mod_LavaCow.init.ModEntities$RegistrationHandler:onEvent:442]: Registering entity = class com.Fishmod.mod_LavaCow.entities.EntityFoglet
[21:41:35] [Server thread/INFO] [STDOUT]: [com.Fishmod.mod_LavaCow.init.ModEntities$RegistrationHandler:onEvent:442]: Registering entity = class com.Fishmod.mod_LavaCow.entities.EntityZombieFrozen
[21:41:35] [Server thread/INFO] [STDOUT]: [com.Fishmod.mod_LavaCow.init.ModEntities$RegistrationHandler:onEvent:442]: Registering entity = class com.Fishmod.mod_LavaCow.entities.EntityUndeadSwine
[21:41:35] [Server thread/INFO] [STDOUT]: [com.Fishmod.mod_LavaCow.init.ModEntities$RegistrationHandler:onEvent:442]: Registering entity = class com.Fishmod.mod_LavaCow.entities.tameable.EntitySalamander
[21:41:35] [Server thread/INFO] [STDOUT]: [com.Fishmod.mod_LavaCow.init.ModEntities$RegistrationHandler:onEvent:442]: Registering entity = class com.Fishmod.mod_LavaCow.entities.EntityWendigo
[21:41:35] [Server thread/INFO] [STDOUT]: [com.Fishmod.mod_LavaCow.init.ModEntities$RegistrationHandler:onEvent:442]: Registering entity = class com.Fishmod.mod_LavaCow.entities.tameable.EntityMimic
[21:41:35] [Server thread/INFO] [STDOUT]: [com.Fishmod.mod_LavaCow.init.ModEntities$RegistrationHandler:onEvent:442]: Registering entity = class com.Fishmod.mod_LavaCow.entities.EntitySludgeLord
[21:41:35] [Server thread/INFO] [STDOUT]: [com.Fishmod.mod_LavaCow.init.ModEntities$RegistrationHandler:onEvent:442]: Registering entity = class com.Fishmod.mod_LavaCow.entities.projectiles.EntitySludgeJet
[21:41:35] [Server thread/INFO] [STDOUT]: [com.Fishmod.mod_LavaCow.init.ModEntities$RegistrationHandler:onEvent:442]: Registering entity = class com.Fishmod.mod_LavaCow.entities.tameable.EntityLilSludge
[21:41:35] [Server thread/INFO] [STDOUT]: [com.Fishmod.mod_LavaCow.init.ModEntities$RegistrationHandler:onEvent:442]: Registering entity = class com.Fishmod.mod_LavaCow.entities.projectiles.EntityWarSmallFireball
[21:41:35] [Server thread/INFO] [STDOUT]: [com.Fishmod.mod_LavaCow.init.ModEntities$RegistrationHandler:onEvent:442]: Registering entity = class com.Fishmod.mod_LavaCow.entities.tameable.EntityRaven
[21:41:35] [Server thread/INFO] [STDOUT]: [com.Fishmod.mod_LavaCow.init.ModEntities$RegistrationHandler:onEvent:442]: Registering entity = class com.Fishmod.mod_LavaCow.entities.flying.EntityPtera
[21:41:35] [Server thread/INFO] [STDOUT]: [com.Fishmod.mod_LavaCow.init.ModEntities$RegistrationHandler:onEvent:442]: Registering entity = class com.Fishmod.mod_LavaCow.entities.flying.EntityVespa
[21:41:35] [Server thread/INFO] [STDOUT]: [com.Fishmod.mod_LavaCow.init.ModEntities$RegistrationHandler:onEvent:442]: Registering entity = class com.Fishmod.mod_LavaCow.entities.tameable.EntityScarecrow
[21:41:35] [Server thread/INFO] [STDOUT]: [com.Fishmod.mod_LavaCow.init.ModEntities$RegistrationHandler:onEvent:442]: Registering entity = class com.Fishmod.mod_LavaCow.entities.EntityVespaCocoon
[21:41:35] [Server thread/INFO] [STDOUT]: [com.Fishmod.mod_LavaCow.init.ModEntities$RegistrationHandler:onEvent:442]: Registering entity = class com.Fishmod.mod_LavaCow.entities.aquatic.EntityPiranha
[21:41:35] [Server thread/INFO] [STDOUT]: [com.Fishmod.mod_LavaCow.init.ModEntities$RegistrationHandler:onEvent:442]: Registering entity = class com.Fishmod.mod_LavaCow.entities.aquatic.EntityZombiePiranha
[21:41:35] [Server thread/INFO] [STDOUT]: [com.Fishmod.mod_LavaCow.init.ModEntities$RegistrationHandler:onEvent:442]: Registering entity = class com.Fishmod.mod_LavaCow.entities.projectiles.EntityPiranhaLauncher
[21:41:35] [Server thread/INFO] [STDOUT]: [com.Fishmod.mod_LavaCow.init.ModEntities$RegistrationHandler:onEvent:442]: Registering entity = class com.Fishmod.mod_LavaCow.entities.EntityBoneWorm
[21:41:35] [Server thread/INFO] [STDOUT]: [com.Fishmod.mod_LavaCow.init.ModEntities$RegistrationHandler:onEvent:442]: Registering entity = class com.Fishmod.mod_LavaCow.entities.projectiles.EntityAcidJet
[21:41:35] [Server thread/INFO] [STDOUT]: [com.Fishmod.mod_LavaCow.init.ModEntities$RegistrationHandler:onEvent:442]: Registering entity = class com.Fishmod.mod_LavaCow.entities.projectiles.EntityFlameJet
[21:41:35] [Server thread/INFO] [STDOUT]: [com.Fishmod.mod_LavaCow.init.ModEntities$RegistrationHandler:onEvent:442]: Registering entity = class com.Fishmod.mod_LavaCow.entities.projectiles.EntityHolyGrenade
[21:41:35] [Server thread/INFO] [STDOUT]: [com.Fishmod.mod_LavaCow.init.ModEntities$RegistrationHandler:onEvent:442]: Registering entity = class com.Fishmod.mod_LavaCow.entities.EntityPingu
[21:41:35] [Server thread/INFO] [STDOUT]: [com.Fishmod.mod_LavaCow.init.ModEntities$RegistrationHandler:onEvent:442]: Registering entity = class com.Fishmod.mod_LavaCow.entities.EntityUndertaker
[21:41:35] [Server thread/INFO] [STDOUT]: [com.Fishmod.mod_LavaCow.init.ModEntities$RegistrationHandler:onEvent:442]: Registering entity = class com.Fishmod.mod_LavaCow.entities.tameable.EntityUnburied
[21:41:35] [Server thread/INFO] [STDOUT]: [com.Fishmod.mod_LavaCow.init.ModEntities$RegistrationHandler:onEvent:442]: Registering entity = class com.Fishmod.mod_LavaCow.entities.flying.EntityGhostRay
[21:41:35] [Server thread/INFO] [STDOUT]: [com.Fishmod.mod_LavaCow.init.ModEntities$RegistrationHandler:onEvent:442]: Registering entity = class com.Fishmod.mod_LavaCow.entities.EntityBanshee
[21:41:35] [Server thread/INFO] [STDOUT]: [com.Fishmod.mod_LavaCow.init.ModEntities$RegistrationHandler:onEvent:442]: Registering entity = class com.Fishmod.mod_LavaCow.entities.tameable.EntityWeta
[21:41:35] [Server thread/INFO] [STDOUT]: [com.Fishmod.mod_LavaCow.init.ModEntities$RegistrationHandler:onEvent:442]: Registering entity = class com.Fishmod.mod_LavaCow.entities.EntityAvaton
[21:41:35] [Server thread/INFO] [STDOUT]: [com.Fishmod.mod_LavaCow.init.ModEntities$RegistrationHandler:onEvent:442]: Registering entity = class com.Fishmod.mod_LavaCow.entities.projectiles.EntityGhostBomb
[21:41:35] [Server thread/INFO] [STDOUT]: [com.Fishmod.mod_LavaCow.init.ModEntities$RegistrationHandler:onEvent:442]: Registering entity = class com.Fishmod.mod_LavaCow.entities.projectiles.EntitySonicBomb
[21:41:35] [Server thread/INFO] [STDOUT]: [com.Fishmod.mod_LavaCow.init.ModEntities$RegistrationHandler:onEvent:442]: Registering entity = class com.Fishmod.mod_LavaCow.entities.EntityForsaken
[21:41:35] [Server thread/INFO] [STDOUT]: [com.Fishmod.mod_LavaCow.init.ModEntities$RegistrationHandler:onEvent:442]: Registering entity = class com.Fishmod.mod_LavaCow.entities.EntitySkeletonKing
[21:41:35] [Server thread/INFO] [STDOUT]: [com.Fishmod.mod_LavaCow.init.ModEntities$RegistrationHandler:onEvent:442]: Registering entity = class com.Fishmod.mod_LavaCow.entities.projectiles.EntitySandBurst
[21:41:35] [Server thread/INFO] [STDOUT]: [com.Fishmod.mod_LavaCow.init.ModEntities$RegistrationHandler:onEvent:442]: Registering entity = class com.Fishmod.mod_LavaCow.entities.projectiles.EntityDeathCoil
[21:41:35] [Server thread/INFO] [STDOUT]: [com.Fishmod.mod_LavaCow.init.ModEntities$RegistrationHandler:onEvent:442]: Registering entity = class com.Fishmod.mod_LavaCow.entities.EntityMummy
[21:41:35] [Server thread/INFO] [STDOUT]: [com.Fishmod.mod_LavaCow.init.ModEntities$RegistrationHandler:onEvent:442]: Registering entity = class com.Fishmod.mod_LavaCow.entities.tameable.EntityCactoid
[21:41:35] [Server thread/INFO] [STDOUT]: [com.Fishmod.mod_LavaCow.init.ModEntities$RegistrationHandler:onEvent:442]: Registering entity = class com.Fishmod.mod_LavaCow.entities.EntityCactyrant
[21:41:35] [Server thread/INFO] [STDOUT]: [com.Fishmod.mod_LavaCow.init.ModEntities$RegistrationHandler:onEvent:442]: Registering entity = class com.Fishmod.mod_LavaCow.entities.projectiles.EntityCactusThorn
[21:41:35] [Server thread/INFO] [STDOUT]: [com.Fishmod.mod_LavaCow.init.ModEntities$RegistrationHandler:onEvent:442]: Registering entity = class com.Fishmod.mod_LavaCow.entities.flying.EntityEnigmoth
[21:41:35] [Server thread/INFO] [STDOUT]: [com.Fishmod.mod_LavaCow.init.ModEntities$RegistrationHandler:onEvent:442]: Registering entity = class com.Fishmod.mod_LavaCow.entities.tameable.EntityEnigmothLarva
[21:41:35] [Server thread/INFO] [STDOUT]: [com.Fishmod.mod_LavaCow.init.ModEntities$RegistrationHandler:onEvent:442]: Registering entity = class com.Fishmod.mod_LavaCow.entities.projectiles.EntityMothScales
[21:41:35] [Server thread/INFO] [Spartan Weaponry]: Registering entities!
[21:41:35] [Server thread/INFO] [ASMUtil]: Transforming class com/dhanantry/scapeandrunparasites/entity/ai/EntityAINearestAttackableTargetStatus
[21:41:35] [Server thread/INFO] [ASMUtil]: Transforming class com/dhanantry/scapeandrunparasites/entity/ai/EntityAINearestAttackableTargetStatus
[21:41:35] [Server thread/INFO] [ASMUtil]: Transforming class com/dhanantry/scapeandrunparasites/entity/ai/EntityAIInfectedSearch
[21:41:35] [Server thread/INFO] [ASMUtil]: Transforming class com/dhanantry/scapeandrunparasites/entity/ai/EntityAIInfectedSearch
[21:41:35] [Server thread/INFO] [ASMUtil]: Transforming class com/tmtravlr/potioncore/PotionCoreAttributes
[21:41:35] [Server thread/INFO] [ASMUtil]: Transforming class com/tmtravlr/potioncore/PotionCoreAttributes
[21:41:35] [Server thread/INFO] [XAT]: Registering Potions
[21:41:35] [Server thread/INFO] [XAT]: Generating Potions
[21:41:35] [Server thread/INFO] [XAT]: Finished Generating Potions
[21:41:35] [Server thread/INFO] [FML]: Applying holder lookups
[21:41:35] [Server thread/INFO] [FML]: Holder lookups applied
[21:41:35] [Server thread/INFO] [FML]: Applying holder lookups
[21:41:35] [Server thread/INFO] [FML]: Holder lookups applied
[21:41:35] [Server thread/INFO] [FML]: Injecting itemstacks
[21:41:35] [Server thread/INFO] [FML]: Itemstack injection complete
[21:41:35] [Server thread/INFO] [net.minecraft.server.dedicated.DedicatedServer]: Loading properties
[21:41:35] [Server thread/INFO] [net.minecraft.server.dedicated.DedicatedServer]: Default game type: SURVIVAL
[21:41:35] [Server thread/INFO] [net.minecraft.server.dedicated.DedicatedServer]: Generating keypair
[21:41:35] [Server thread/INFO] [net.minecraft.server.dedicated.DedicatedServer]: Starting Minecraft server on 0.0.0.0:1113
[21:41:35] [Server thread/INFO] [net.minecraft.network.NetworkSystem]: Using epoll channel type
[21:41:35] [Server thread/ERROR] [FML]: Parsing error loading recipe mujmajnkraftsbettersurvival:jungle_stinger_nunchaku
com.google.gson.JsonSyntaxException: Unknown item 'iceandfire:chain'
	at net.minecraftforge.common.crafting.CraftingHelper.getItemStackBasic(CraftingHelper.java:262) ~[CraftingHelper.class:?]
	at net.minecraftforge.common.crafting.CraftingHelper.lambda$init$16(CraftingHelper.java:544) ~[CraftingHelper.class:?]
	at net.minecraftforge.common.crafting.CraftingHelper.getIngredient(CraftingHelper.java:204) ~[CraftingHelper.class:?]
	at net.minecraftforge.common.crafting.CraftingHelper.lambda$init$14(CraftingHelper.java:481) ~[CraftingHelper.class:?]
	at net.minecraftforge.common.crafting.CraftingHelper.getRecipe(CraftingHelper.java:416) ~[CraftingHelper.class:?]
	at net.minecraftforge.common.crafting.CraftingHelper.lambda$loadRecipes$22(CraftingHelper.java:723) ~[CraftingHelper.class:?]
	at net.minecraftforge.common.crafting.CraftingHelper.findFiles(CraftingHelper.java:833) ~[CraftingHelper.class:?]
	at net.minecraftforge.common.crafting.CraftingHelper.loadRecipes(CraftingHelper.java:688) ~[CraftingHelper.class:?]
	at java.util.ArrayList.forEach(ArrayList.java:1259) [?:1.8.0_503]
	at net.minecraftforge.common.crafting.CraftingHelper.loadRecipes(CraftingHelper.java:633) [CraftingHelper.class:?]
	at net.minecraftforge.fml.common.Loader.initializeMods(Loader.java:747) [Loader.class:?]
	at net.minecraftforge.fml.server.FMLServerHandler.finishServerLoading(FMLServerHandler.java:108) [FMLServerHandler.class:?]
	at net.minecraftforge.fml.common.FMLCommonHandler.onServerStarted(FMLCommonHandler.java:338) [FMLCommonHandler.class:?]
	at net.minecraft.server.dedicated.DedicatedServer.init(DedicatedServer.java:219) [nz.class:?]
	at net.minecraft.server.MinecraftServer.run(MinecraftServer.java:486) [MinecraftServer.class:?]
	at java.lang.Thread.run(Thread.java:750) [?:1.8.0_503]
[21:41:35] [Server thread/ERROR] [FML]: Parsing error loading recipe mujmajnkraftsbettersurvival:jungle_chitin_nunchaku
com.google.gson.JsonSyntaxException: Unknown item 'iceandfire:chain'
	at net.minecraftforge.common.crafting.CraftingHelper.getItemStackBasic(CraftingHelper.java:262) ~[CraftingHelper.class:?]
	at net.minecraftforge.common.crafting.CraftingHelper.lambda$init$16(CraftingHelper.java:544) ~[CraftingHelper.class:?]
	at net.minecraftforge.common.crafting.CraftingHelper.getIngredient(CraftingHelper.java:204) ~[CraftingHelper.class:?]
	at net.minecraftforge.common.crafting.CraftingHelper.lambda$init$14(CraftingHelper.java:481) ~[CraftingHelper.class:?]
	at net.minecraftforge.common.crafting.CraftingHelper.getRecipe(CraftingHelper.java:416) ~[CraftingHelper.class:?]
	at net.minecraftforge.common.crafting.CraftingHelper.lambda$loadRecipes$22(CraftingHelper.java:723) ~[CraftingHelper.class:?]
	at net.minecraftforge.common.crafting.CraftingHelper.findFiles(CraftingHelper.java:833) ~[CraftingHelper.class:?]
	at net.minecraftforge.common.crafting.CraftingHelper.loadRecipes(CraftingHelper.java:688) ~[CraftingHelper.class:?]
	at java.util.ArrayList.forEach(ArrayList.java:1259) [?:1.8.0_503]
	at net.minecraftforge.common.crafting.CraftingHelper.loadRecipes(CraftingHelper.java:633) [CraftingHelper.class:?]
	at net.minecraftforge.fml.common.Loader.initializeMods(Loader.java:747) [Loader.class:?]
	at net.minecraftforge.fml.server.FMLServerHandler.finishServerLoading(FMLServerHandler.java:108) [FMLServerHandler.class:?]
	at net.minecraftforge.fml.common.FMLCommonHandler.onServerStarted(FMLCommonHandler.java:338) [FMLCommonHandler.class:?]
	at net.minecraft.server.dedicated.DedicatedServer.init(DedicatedServer.java:219) [nz.class:?]
	at net.minecraft.server.MinecraftServer.run(MinecraftServer.java:486) [MinecraftServer.class:?]
	at java.lang.Thread.run(Thread.java:750) [?:1.8.0_503]
[21:41:35] [Server thread/ERROR] [FML]: Parsing error loading recipe mujmajnkraftsbettersurvival:dragon_bone_nunchaku
com.google.gson.JsonSyntaxException: Unknown item 'iceandfire:chain'
	at net.minecraftforge.common.crafting.CraftingHelper.getItemStackBasic(CraftingHelper.java:262) ~[CraftingHelper.class:?]
	at net.minecraftforge.common.crafting.CraftingHelper.lambda$init$16(CraftingHelper.java:544) ~[CraftingHelper.class:?]
	at net.minecraftforge.common.crafting.CraftingHelper.getIngredient(CraftingHelper.java:204) ~[CraftingHelper.class:?]
	at net.minecraftforge.common.crafting.CraftingHelper.lambda$init$14(CraftingHelper.java:481) ~[CraftingHelper.class:?]
	at net.minecraftforge.common.crafting.CraftingHelper.getRecipe(CraftingHelper.java:416) ~[CraftingHelper.class:?]
	at net.minecraftforge.common.crafting.CraftingHelper.lambda$loadRecipes$22(CraftingHelper.java:723) ~[CraftingHelper.class:?]
	at net.minecraftforge.common.crafting.CraftingHelper.findFiles(CraftingHelper.java:833) ~[CraftingHelper.class:?]
	at net.minecraftforge.common.crafting.CraftingHelper.loadRecipes(CraftingHelper.java:688) ~[CraftingHelper.class:?]
	at java.util.ArrayList.forEach(ArrayList.java:1259) [?:1.8.0_503]
	at net.minecraftforge.common.crafting.CraftingHelper.loadRecipes(CraftingHelper.java:633) [CraftingHelper.class:?]
	at net.minecraftforge.fml.common.Loader.initializeMods(Loader.java:747) [Loader.class:?]
	at net.minecraftforge.fml.server.FMLServerHandler.finishServerLoading(FMLServerHandler.java:108) [FMLServerHandler.class:?]
	at net.minecraftforge.fml.common.FMLCommonHandler.onServerStarted(FMLCommonHandler.java:338) [FMLCommonHandler.class:?]
	at net.minecraft.server.dedicated.DedicatedServer.init(DedicatedServer.java:219) [nz.class:?]
	at net.minecraft.server.MinecraftServer.run(MinecraftServer.java:486) [MinecraftServer.class:?]
	at java.lang.Thread.run(Thread.java:750) [?:1.8.0_503]
[21:41:35] [Server thread/ERROR] [FML]: Parsing error loading recipe mujmajnkraftsbettersurvival:desert_stinger_nunchaku
com.google.gson.JsonSyntaxException: Unknown item 'iceandfire:chain'
	at net.minecraftforge.common.crafting.CraftingHelper.getItemStackBasic(CraftingHelper.java:262) ~[CraftingHelper.class:?]
	at net.minecraftforge.common.crafting.CraftingHelper.lambda$init$16(CraftingHelper.java:544) ~[CraftingHelper.class:?]
	at net.minecraftforge.common.crafting.CraftingHelper.getIngredient(CraftingHelper.java:204) ~[CraftingHelper.class:?]
	at net.minecraftforge.common.crafting.CraftingHelper.lambda$init$14(CraftingHelper.java:481) ~[CraftingHelper.class:?]
	at net.minecraftforge.common.crafting.CraftingHelper.getRecipe(CraftingHelper.java:416) ~[CraftingHelper.class:?]
	at net.minecraftforge.common.crafting.CraftingHelper.lambda$loadRecipes$22(CraftingHelper.java:723) ~[CraftingHelper.class:?]
	at net.minecraftforge.common.crafting.CraftingHelper.findFiles(CraftingHelper.java:833) ~[CraftingHelper.class:?]
	at net.minecraftforge.common.crafting.CraftingHelper.loadRecipes(CraftingHelper.java:688) ~[CraftingHelper.class:?]
	at java.util.ArrayList.forEach(ArrayList.java:1259) [?:1.8.0_503]
	at net.minecraftforge.common.crafting.CraftingHelper.loadRecipes(CraftingHelper.java:633) [CraftingHelper.class:?]
	at net.minecraftforge.fml.common.Loader.initializeMods(Loader.java:747) [Loader.class:?]
	at net.minecraftforge.fml.server.FMLServerHandler.finishServerLoading(FMLServerHandler.java:108) [FMLServerHandler.class:?]
	at net.minecraftforge.fml.common.FMLCommonHandler.onServerStarted(FMLCommonHandler.java:338) [FMLCommonHandler.class:?]
	at net.minecraft.server.dedicated.DedicatedServer.init(DedicatedServer.java:219) [nz.class:?]
	at net.minecraft.server.MinecraftServer.run(MinecraftServer.java:486) [MinecraftServer.class:?]
	at java.lang.Thread.run(Thread.java:750) [?:1.8.0_503]
[21:41:35] [Server thread/ERROR] [FML]: Parsing error loading recipe mujmajnkraftsbettersurvival:desert_chitin_nunchaku
com.google.gson.JsonSyntaxException: Unknown item 'iceandfire:chain'
	at net.minecraftforge.common.crafting.CraftingHelper.getItemStackBasic(CraftingHelper.java:262) ~[CraftingHelper.class:?]
	at net.minecraftforge.common.crafting.CraftingHelper.lambda$init$16(CraftingHelper.java:544) ~[CraftingHelper.class:?]
	at net.minecraftforge.common.crafting.CraftingHelper.getIngredient(CraftingHelper.java:204) ~[CraftingHelper.class:?]
	at net.minecraftforge.common.crafting.CraftingHelper.lambda$init$14(CraftingHelper.java:481) ~[CraftingHelper.class:?]
	at net.minecraftforge.common.crafting.CraftingHelper.getRecipe(CraftingHelper.java:416) ~[CraftingHelper.class:?]
	at net.minecraftforge.common.crafting.CraftingHelper.lambda$loadRecipes$22(CraftingHelper.java:723) ~[CraftingHelper.class:?]
	at net.minecraftforge.common.crafting.CraftingHelper.findFiles(CraftingHelper.java:833) ~[CraftingHelper.class:?]
	at net.minecraftforge.common.crafting.CraftingHelper.loadRecipes(CraftingHelper.java:688) ~[CraftingHelper.class:?]
	at java.util.ArrayList.forEach(ArrayList.java:1259) [?:1.8.0_503]
	at net.minecraftforge.common.crafting.CraftingHelper.loadRecipes(CraftingHelper.java:633) [CraftingHelper.class:?]
	at net.minecraftforge.fml.common.Loader.initializeMods(Loader.java:747) [Loader.class:?]
	at net.minecraftforge.fml.server.FMLServerHandler.finishServerLoading(FMLServerHandler.java:108) [FMLServerHandler.class:?]
	at net.minecraftforge.fml.common.FMLCommonHandler.onServerStarted(FMLCommonHandler.java:338) [FMLCommonHandler.class:?]
	at net.minecraft.server.dedicated.DedicatedServer.init(DedicatedServer.java:219) [nz.class:?]
	at net.minecraft.server.MinecraftServer.run(MinecraftServer.java:486) [MinecraftServer.class:?]
	at java.lang.Thread.run(Thread.java:750) [?:1.8.0_503]
[21:41:35] [Server thread/ERROR] [FML]: Parsing error loading recipe lycanitesmobs:belpharm_break
com.google.gson.JsonSyntaxException: Unknown item 'lycanitesmobs:belpharm'
	at net.minecraftforge.common.crafting.CraftingHelper.getItemStackBasic(CraftingHelper.java:262) ~[CraftingHelper.class:?]
	at net.minecraftforge.common.crafting.CraftingHelper.lambda$init$16(CraftingHelper.java:544) ~[CraftingHelper.class:?]
	at net.minecraftforge.common.crafting.CraftingHelper.getIngredient(CraftingHelper.java:204) ~[CraftingHelper.class:?]
	at net.minecraftforge.oredict.ShapelessOreRecipe.factory(ShapelessOreRecipe.java:152) ~[ShapelessOreRecipe.class:?]
	at net.minecraftforge.common.crafting.CraftingHelper.getRecipe(CraftingHelper.java:416) ~[CraftingHelper.class:?]
	at net.minecraftforge.common.crafting.CraftingHelper.lambda$loadRecipes$22(CraftingHelper.java:723) ~[CraftingHelper.class:?]
	at net.minecraftforge.common.crafting.CraftingHelper.findFiles(CraftingHelper.java:833) ~[CraftingHelper.class:?]
	at net.minecraftforge.common.crafting.CraftingHelper.loadRecipes(CraftingHelper.java:688) ~[CraftingHelper.class:?]
	at java.util.ArrayList.forEach(ArrayList.java:1259) [?:1.8.0_503]
	at net.minecraftforge.common.crafting.CraftingHelper.loadRecipes(CraftingHelper.java:633) [CraftingHelper.class:?]
	at net.minecraftforge.fml.common.Loader.initializeMods(Loader.java:747) [Loader.class:?]
	at net.minecraftforge.fml.server.FMLServerHandler.finishServerLoading(FMLServerHandler.java:108) [FMLServerHandler.class:?]
	at net.minecraftforge.fml.common.FMLCommonHandler.onServerStarted(FMLCommonHandler.java:338) [FMLCommonHandler.class:?]
	at net.minecraft.server.dedicated.DedicatedServer.init(DedicatedServer.java:219) [nz.class:?]
	at net.minecraft.server.MinecraftServer.run(MinecraftServer.java:486) [MinecraftServer.class:?]
	at java.lang.Thread.run(Thread.java:750) [?:1.8.0_503]
[21:41:35] [Server thread/ERROR] [FML]: Parsing error loading recipe mod_lavacow:faminearmor_helmet
com.google.gson.JsonSyntaxException: Unknown item 'minecraft:skeleton_skull'
	at net.minecraftforge.common.crafting.CraftingHelper.getItemStackBasic(CraftingHelper.java:262) ~[CraftingHelper.class:?]
	at net.minecraftforge.common.crafting.CraftingHelper.lambda$init$16(CraftingHelper.java:544) ~[CraftingHelper.class:?]
	at net.minecraftforge.common.crafting.CraftingHelper.getIngredient(CraftingHelper.java:204) ~[CraftingHelper.class:?]
	at net.minecraftforge.common.crafting.CraftingHelper.lambda$init$14(CraftingHelper.java:481) ~[CraftingHelper.class:?]
	at net.minecraftforge.common.crafting.CraftingHelper.getRecipe(CraftingHelper.java:416) ~[CraftingHelper.class:?]
	at net.minecraftforge.common.crafting.CraftingHelper.lambda$loadRecipes$22(CraftingHelper.java:723) ~[CraftingHelper.class:?]
	at net.minecraftforge.common.crafting.CraftingHelper.findFiles(CraftingHelper.java:833) ~[CraftingHelper.class:?]
	at net.minecraftforge.common.crafting.CraftingHelper.loadRecipes(CraftingHelper.java:688) ~[CraftingHelper.class:?]
	at java.util.ArrayList.forEach(ArrayList.java:1259) [?:1.8.0_503]
	at net.minecraftforge.common.crafting.CraftingHelper.loadRecipes(CraftingHelper.java:633) [CraftingHelper.class:?]
	at net.minecraftforge.fml.common.Loader.initializeMods(Loader.java:747) [Loader.class:?]
	at net.minecraftforge.fml.server.FMLServerHandler.finishServerLoading(FMLServerHandler.java:108) [FMLServerHandler.class:?]
	at net.minecraftforge.fml.common.FMLCommonHandler.onServerStarted(FMLCommonHandler.java:338) [FMLCommonHandler.class:?]
	at net.minecraft.server.dedicated.DedicatedServer.init(DedicatedServer.java:219) [nz.class:?]
	at net.minecraft.server.MinecraftServer.run(MinecraftServer.java:486) [MinecraftServer.class:?]
	at java.lang.Thread.run(Thread.java:750) [?:1.8.0_503]
[21:41:36] [Server thread/INFO] [Spartan Weaponry]: Registering recipes for Tipped Bolts!
[21:41:36] [Server thread/INFO] [Spartan Weaponry]: Recipes added!
[21:41:36] [Server thread/INFO] [Spartan Shields]: Recipes added!
[21:41:36] [Server thread/INFO] [notreepunching]: Found and replaced 25 Log -> Planks recipes with Saw + Log -> Plank recipes. (First Pass)
[21:41:36] [Server thread/INFO] [STDOUT]: [stanhebben.zenscript.parser.expression.ParsedExpressionFunction:compile:34]: Known predicted function type: ZenTypeNative: crafttweaker.events.IEventHandler
[21:41:36] [Server thread/INFO] [STDOUT]: [stanhebben.zenscript.parser.expression.ParsedExpressionFunction:compile:34]: Known predicted function type: ZenTypeNative: crafttweaker.events.IEventHandler
[21:41:36] [Server thread/INFO] [STDOUT]: [stanhebben.zenscript.parser.expression.ParsedExpressionFunction:compile:34]: Known predicted function type: ZenTypeNative: crafttweaker.events.IEventHandler
[21:41:36] [Server thread/INFO] [STDOUT]: [stanhebben.zenscript.parser.expression.ParsedExpressionFunction:compile:34]: Known predicted function type: ZenTypeNative: crafttweaker.events.IEventHandler
[21:41:36] [Server thread/INFO] [STDOUT]: [stanhebben.zenscript.parser.expression.ParsedExpressionFunction:compile:34]: Known predicted function type: ZenTypeNative: crafttweaker.recipes.IRecipeFunction
[21:41:36] [Server thread/INFO] [STDOUT]: [stanhebben.zenscript.parser.expression.ParsedExpressionFunction:compile:34]: Known predicted function type: ZenTypeNative: crafttweaker.recipes.IRecipeFunction
[21:41:36] [Server thread/INFO] [STDOUT]: [stanhebben.zenscript.parser.expression.ParsedExpressionFunction:compile:34]: Known predicted function type: ZenTypeNative: crafttweaker.recipes.IRecipeFunction
[21:41:36] [Server thread/INFO] [STDOUT]: [stanhebben.zenscript.parser.expression.ParsedExpressionFunction:compile:34]: Known predicted function type: ZenTypeNative: crafttweaker.recipes.IRecipeFunction
[21:41:36] [Server thread/INFO] [FML]: Applying holder lookups
[21:41:36] [Server thread/INFO] [FML]: Holder lookups applied
[21:41:36] [Server thread/INFO] [antiquecities]: antique cities, initializing
[21:41:36] [Server thread/INFO] [Ice And Fire]: The watcher waits on the northern wall
[21:41:36] [Server thread/INFO] [Ice And Fire]: A daughter picks up a warrior's sword
[21:41:36] [Quark Contributor Loading Thread/INFO] [STDERR]: [vazkii.quark.base.client.ContributorRewardHandler$ThreadContributorListLoader:run:127]: javax.net.ssl.SSLHandshakeException: Received fatal alert: handshake_failure
[21:41:37] [Quark Contributor Loading Thread/INFO] [STDERR]: [vazkii.quark.base.client.ContributorRewardHandler$ThreadContributorListLoader:run:127]: 	at sun.security.ssl.Alert.createSSLException(Alert.java:131)
[21:41:37] [Quark Contributor Loading Thread/INFO] [STDERR]: [vazkii.quark.base.client.ContributorRewardHandler$ThreadContributorListLoader:run:127]: 	at sun.security.ssl.Alert.createSSLException(Alert.java:117)
[21:41:37] [Quark Contributor Loading Thread/INFO] [STDERR]: [vazkii.quark.base.client.ContributorRewardHandler$ThreadContributorListLoader:run:127]: 	at sun.security.ssl.TransportContext.fatal(TransportContext.java:364)
[21:41:37] [Quark Contributor Loading Thread/INFO] [STDERR]: [vazkii.quark.base.client.ContributorRewardHandler$ThreadContributorListLoader:run:127]: 	at sun.security.ssl.Alert$AlertConsumer.consume(Alert.java:305)
[21:41:37] [Quark Contributor Loading Thread/INFO] [STDERR]: [vazkii.quark.base.client.ContributorRewardHandler$ThreadContributorListLoader:run:127]: 	at sun.security.ssl.TransportContext.dispatch(TransportContext.java:203)
[21:41:37] [Quark Contributor Loading Thread/INFO] [STDERR]: [vazkii.quark.base.client.ContributorRewardHandler$ThreadContributorListLoader:run:127]: 	at sun.security.ssl.SSLTransport.decode(SSLTransport.java:155)
[21:41:37] [Quark Contributor Loading Thread/INFO] [STDERR]: [vazkii.quark.base.client.ContributorRewardHandler$ThreadContributorListLoader:run:127]: 	at sun.security.ssl.SSLSocketImpl.decode(SSLSocketImpl.java:1382)
[21:41:37] [Quark Contributor Loading Thread/INFO] [STDERR]: [vazkii.quark.base.client.ContributorRewardHandler$ThreadContributorListLoader:run:127]: 	at sun.security.ssl.SSLSocketImpl.readHandshakeRecord(SSLSocketImpl.java:1295)
[21:41:37] [Quark Contributor Loading Thread/INFO] [STDERR]: [vazkii.quark.base.client.ContributorRewardHandler$ThreadContributorListLoader:run:127]: 	at sun.security.ssl.SSLSocketImpl.startHandshake(SSLSocketImpl.java:417)
[21:41:37] [Quark Contributor Loading Thread/INFO] [STDERR]: [vazkii.quark.base.client.ContributorRewardHandler$ThreadContributorListLoader:run:127]: 	at sun.security.ssl.SSLSocketImpl.startHandshake(SSLSocketImpl.java:389)
[21:41:37] [Quark Contributor Loading Thread/INFO] [STDERR]: [vazkii.quark.base.client.ContributorRewardHandler$ThreadContributorListLoader:run:127]: 	at sun.net.www.protocol.https.HttpsClient.afterConnect(HttpsClient.java:567)
[21:41:37] [Quark Contributor Loading Thread/INFO] [STDERR]: [vazkii.quark.base.client.ContributorRewardHandler$ThreadContributorListLoader:run:127]: 	at sun.net.www.protocol.https.AbstractDelegateHttpsURLConnection.connect(AbstractDelegateHttpsURLConnection.java:201)
[21:41:37] [Quark Contributor Loading Thread/INFO] [STDERR]: [vazkii.quark.base.client.ContributorRewardHandler$ThreadContributorListLoader:run:127]: 	at sun.net.www.protocol.http.HttpURLConnection.getInputStream0(HttpURLConnection.java:1626)
[21:41:37] [Quark Contributor Loading Thread/INFO] [STDERR]: [vazkii.quark.base.client.ContributorRewardHandler$ThreadContributorListLoader:run:127]: 	at sun.net.www.protocol.http.HttpURLConnection.getInputStream(HttpURLConnection.java:1554)
[21:41:37] [Quark Contributor Loading Thread/INFO] [STDERR]: [vazkii.quark.base.client.ContributorRewardHandler$ThreadContributorListLoader:run:127]: 	at sun.net.www.protocol.https.HttpsURLConnectionImpl.getInputStream(HttpsURLConnectionImpl.java:268)
[21:41:37] [Quark Contributor Loading Thread/INFO] [STDERR]: [vazkii.quark.base.client.ContributorRewardHandler$ThreadContributorListLoader:run:127]: 	at java.net.URL.openStream(URL.java:1092)
[21:41:37] [Quark Contributor Loading Thread/INFO] [STDERR]: [vazkii.quark.base.client.ContributorRewardHandler$ThreadContributorListLoader:run:127]: 	at vazkii.quark.base.client.ContributorRewardHandler$ThreadContributorListLoader.run(ContributorRewardHandler.java:122)
[21:41:37] [Server thread/INFO] [cd4017be_lib]: OpenComputers API not available!
[21:41:37] [Server thread/INFO] [cd4017be_lib]: skipped core.INIT
[21:41:37] [Server thread/INFO] [Meson]: Cannot find PotionType for quark:danger_sight, skipping
[21:41:37] [Server thread/INFO] [Meson]: Cannot find PotionType for quark:resistance, skipping
[21:41:37] [Server thread/INFO] [ASMUtil]: Transforming class net/minecraft/world/gen/ChunkProviderServer
[21:41:37] [Server thread/INFO] [ASMUtil]: Transforming class net/minecraft/world/gen/ChunkProviderServer
[21:41:37] [Server thread/INFO] [craftablechainmail]: Init OK!
[21:41:37] [Server thread/INFO] [ASMUtil]: Transforming class com/pg85/otg/forge/world/ForgeWorld
[21:41:37] [Server thread/INFO] [ASMUtil]: Transforming class com/pg85/otg/forge/world/ForgeWorld
[21:41:38] [Server thread/INFO] [DregoraRL]: Preset DregoraRL version 3.9 detected, nothing to do.
[21:41:38] [Server thread/INFO] [EagleMixins]: [EagleMixins] RadRes Loaded 3 entity resistance override(s)
[21:41:38] [Server thread/INFO] [STDOUT]: [pl.asie.foamfix.coremod.FoamFixTransformer:spliceClasses:114]: Spliced in METHOD: net.minecraftforge.fml.common.network.ByteBufUtils.writeUTF8String
[21:41:38] [Server thread/INFO] [fishingmadebetter]: Removed 43 Aquaculture crafting recipes.
[21:41:38] [Server thread/INFO] [fishingmadebetter]: Removed 1 Aquaculture smelting recipes.
[21:41:38] [Server thread/INFO] [fishingmadebetter]: Removed 28 AdvancedFishing crafting recipes.
[21:41:38] [Server thread/INFO] [fishingmadebetter]: Removed 41 AdvancedFishing smelting recipes.
[21:41:38] [Server thread/INFO] [foamfix]: Deduplicated 300 property sets.
[21:41:38] [Server thread/INFO] [foamfix]: Weakening LaunchWrapper resource cache...
[21:41:38] [iChunUtil Online Resource Thread/INFO] [kameib.localizator.Localizator]: Redirecting versions call to the valid URL: https://raw.github.com/iChun/iChunUtil/1.7.10_legacy/src/main/resources/assets/ichunutil/mod/versions.json
[21:41:38] [Server thread/INFO] [infernalmobs]: InfernalMobsCore load() completed! Modifiers ready: 26, config file at: /home/container/config/infernalmobs.cfg
[21:41:38] [Server thread/WARN] [notreepunching]: You are not running an official build. This version will NOT be supported by the author.
[21:41:38] [Server thread/INFO] [nuclearcraft]: Initializing...
[21:41:38] [Server thread/INFO] [reborncore]: Found 226 ores
[21:41:38] [Server thread/INFO] [reborncore]: Created new network wrapper rc&reborncore.&64769
[21:41:38] [Server thread/INFO] [reborncore]: Registed packet to rc&reborncore.&64769 side: SERVER id:0
[21:41:38] [Server thread/INFO] [reborncore]: Created new network wrapper rc&reborncore.&39932
[21:41:38] [Server thread/INFO] [reborncore]: Registed packet to rc&reborncore.&39932 side: CLIENT id:0
[21:41:38] [Server thread/INFO] [reborncore]: Registed packet to rc&reborncore.&39932 side: SERVER id:1
[21:41:38] [Server thread/INFO] [reborncore]: Registed packet to rc&reborncore.&39932 side: SERVER id:2
[21:41:38] [Server thread/INFO] [reborncore]: Registed packet to rc&reborncore.&39932 side: SERVER id:3
[21:41:38] [Server thread/INFO] [reborncore]: Registed packet to rc&reborncore.&39932 side: CLIENT id:4
[21:41:38] [Server thread/INFO] [reborncore]: Registed packet to rc&reborncore.&39932 side: CLIENT id:5
[21:41:38] [Server thread/INFO] [reborncore]: Registed packet to rc&reborncore.&39932 side: SERVER id:6
[21:41:38] [Server thread/INFO] [reborncore]: Registed packet to rc&reborncore.&39932 side: SERVER id:7
[21:41:38] [Server thread/INFO] [reborncore]: Registed packet to rc&reborncore.&39932 side: CLIENT id:8
[21:41:38] [Server thread/INFO] [reborncore]: Registed packet to rc&reborncore.&39932 side: CLIENT id:9
[21:41:38] [Server thread/INFO] [reborncore]: Registed packet to rc&reborncore.&39932 side: CLIENT id:10
[21:41:38] [Server thread/INFO] [reborncore]: Loaded registrys for net.minecraftforge.fml.common.event.FMLInitializationEvent in 0ms
[21:41:38] [Server thread/INFO] [RLTweaker]: Found and removed ivorius.reccomplex.events.handlers.RCForgeEventHandler IEventListener onPreChunkDecoration from the event bus
[21:41:38] [Server thread/INFO] [RLTweaker]: Registering RCHandler to the event bus
[21:41:38] [iChunUtil Online Resource Thread/WARN] [iChunUtil]: Error retrieving mods versions list.
[21:41:38] [iChunUtil Online Resource Thread/INFO] [STDERR]: [me.ichun.mods.ichunutil.common.thread.ThreadGetResources:run:77]: javax.net.ssl.SSLHandshakeException: Received fatal alert: handshake_failure
[21:41:38] [iChunUtil Online Resource Thread/INFO] [STDERR]: [me.ichun.mods.ichunutil.common.thread.ThreadGetResources:run:77]: 	at sun.security.ssl.Alert.createSSLException(Alert.java:131)
[21:41:38] [iChunUtil Online Resource Thread/INFO] [STDERR]: [me.ichun.mods.ichunutil.common.thread.ThreadGetResources:run:77]: 	at sun.security.ssl.Alert.createSSLException(Alert.java:117)
[21:41:38] [iChunUtil Online Resource Thread/INFO] [STDERR]: [me.ichun.mods.ichunutil.common.thread.ThreadGetResources:run:77]: 	at sun.security.ssl.TransportContext.fatal(TransportContext.java:364)
[21:41:38] [iChunUtil Online Resource Thread/INFO] [STDERR]: [me.ichun.mods.ichunutil.common.thread.ThreadGetResources:run:77]: 	at sun.security.ssl.Alert$AlertConsumer.consume(Alert.java:305)
[21:41:38] [iChunUtil Online Resource Thread/INFO] [STDERR]: [me.ichun.mods.ichunutil.common.thread.ThreadGetResources:run:77]: 	at sun.security.ssl.TransportContext.dispatch(TransportContext.java:203)
[21:41:38] [iChunUtil Online Resource Thread/INFO] [STDERR]: [me.ichun.mods.ichunutil.common.thread.ThreadGetResources:run:77]: 	at sun.security.ssl.SSLTransport.decode(SSLTransport.java:155)
[21:41:38] [iChunUtil Online Resource Thread/INFO] [STDERR]: [me.ichun.mods.ichunutil.common.thread.ThreadGetResources:run:77]: 	at sun.security.ssl.SSLSocketImpl.decode(SSLSocketImpl.java:1382)
[21:41:38] [iChunUtil Online Resource Thread/INFO] [STDERR]: [me.ichun.mods.ichunutil.common.thread.ThreadGetResources:run:77]: 	at sun.security.ssl.SSLSocketImpl.readHandshakeRecord(SSLSocketImpl.java:1295)
[21:41:38] [iChunUtil Online Resource Thread/INFO] [STDERR]: [me.ichun.mods.ichunutil.common.thread.ThreadGetResources:run:77]: 	at sun.security.ssl.SSLSocketImpl.startHandshake(SSLSocketImpl.java:417)
[21:41:38] [iChunUtil Online Resource Thread/INFO] [STDERR]: [me.ichun.mods.ichunutil.common.thread.ThreadGetResources:run:77]: 	at sun.security.ssl.SSLSocketImpl.startHandshake(SSLSocketImpl.java:389)
[21:41:38] [iChunUtil Online Resource Thread/INFO] [STDERR]: [me.ichun.mods.ichunutil.common.thread.ThreadGetResources:run:77]: 	at sun.net.www.protocol.https.HttpsClient.afterConnect(HttpsClient.java:567)
[21:41:38] [iChunUtil Online Resource Thread/INFO] [STDERR]: [me.ichun.mods.ichunutil.common.thread.ThreadGetResources:run:77]: 	at sun.net.www.protocol.https.AbstractDelegateHttpsURLConnection.connect(AbstractDelegateHttpsURLConnection.java:201)
[21:41:38] [iChunUtil Online Resource Thread/INFO] [STDERR]: [me.ichun.mods.ichunutil.common.thread.ThreadGetResources:run:77]: 	at sun.net.www.protocol.http.HttpURLConnection.getInputStream0(HttpURLConnection.java:1626)
[21:41:38] [iChunUtil Online Resource Thread/INFO] [STDERR]: [me.ichun.mods.ichunutil.common.thread.ThreadGetResources:run:77]: 	at sun.net.www.protocol.http.HttpURLConnection.getInputStream(HttpURLConnection.java:1554)
[21:41:38] [iChunUtil Online Resource Thread/INFO] [STDERR]: [me.ichun.mods.ichunutil.common.thread.ThreadGetResources:run:77]: 	at sun.net.www.protocol.https.HttpsURLConnectionImpl.getInputStream(HttpsURLConnectionImpl.java:268)
[21:41:38] [iChunUtil Online Resource Thread/INFO] [STDERR]: [me.ichun.mods.ichunutil.common.thread.ThreadGetResources:run:77]: 	at java.net.URL.openStream(URL.java:1092)
[21:41:38] [iChunUtil Online Resource Thread/INFO] [STDERR]: [me.ichun.mods.ichunutil.common.thread.ThreadGetResources:run:77]: 	at me.ichun.mods.ichunutil.common.thread.ThreadGetResources.redirect$zla000$IChunUtil_ThreadGetResources_run_version(ThreadGetResources.java:549)
[21:41:38] [iChunUtil Online Resource Thread/INFO] [STDERR]: [me.ichun.mods.ichunutil.common.thread.ThreadGetResources:run:77]: 	at me.ichun.mods.ichunutil.common.thread.ThreadGetResources.run(ThreadGetResources.java:67)
[21:41:38] [Server thread/INFO] [RLTweaker]: Registering RCCleanup to the event bus
[21:41:38] [Server thread/INFO] [RLTweaker]: Registered com.charles445.rltweaker.handler.RecurrentHandler$RCCleanup onWorldLoad to the event bus
[21:41:38] [Server thread/INFO] [RLTweaker]: Registered com.charles445.rltweaker.handler.RecurrentHandler$RCCleanup onStructureGenerationLitePost to the event bus
[21:41:38] [Server thread/INFO] [RLTweaker]: Found and removed ladysnake.spawnercontrol.SpawnerEventHandler IEventListener onTickWorldTick from the event bus
[21:41:38] [Server thread/INFO] [RLTweaker]: Registering SCWorldTick to the event bus
[21:41:38] [Server thread/INFO] [Spartan Weaponry]: Registering OreDictionary entries
[21:41:38] [Server thread/INFO] [Spartan Weaponry]: Attempting to add new advancement triggers...
[21:41:38] [Server thread/INFO] [Spartan Weaponry]: New advancement triggers added successfully!
[21:41:38] [Server thread/INFO] [DregoraRL]: Preset Underneath version 2.0 detected, nothing to do.
[21:41:38] [Server thread/INFO] [wolfarmor]: Performing server-side compatibility init for mobends...
[21:41:38] [Server thread/INFO] [FML]: Injecting itemstacks
[21:41:38] [Server thread/INFO] [FML]: Itemstack injection complete
[21:41:39] [Server thread/INFO] [AUW]: Starting[E] DS...
[21:41:39] [Server thread/INFO] [FML]: Ignored smelting recipe with conflicting input: 1xitem.iceandfire.silver_sword@32767 = 4xitem.iceandfire.silverNugget@0
[21:41:39] [Server thread/INFO] [FML]: Ignored smelting recipe with conflicting input: 1xitem.iceandfire.silver_hoe@32767 = 4xitem.iceandfire.silverNugget@0
[21:41:39] [Server thread/INFO] [FML]: Ignored smelting recipe with conflicting input: 1xitem.iceandfire.silver_shovel@32767 = 1xitem.iceandfire.silverNugget@0
[21:41:39] [Server thread/INFO] [FML]: Ignored smelting recipe with conflicting input: 1xtile.iceandfire.myrmex_desert_resin_block@0 = 1xtile.iceandfire.myrmex_desert_resin_glass@0
[21:41:39] [Server thread/INFO] [FML]: Ignored smelting recipe with conflicting input: 1xtile.iceandfire.myrmex_jungle_resin_block@0 = 1xtile.iceandfire.myrmex_jungle_resin_glass@0
[21:41:39] [Server thread/INFO] [FML]: Ignored smelting recipe with conflicting input: 1xitem.copperhammer@32767 = 2xitem.iceandfire.copperIngot@0
[21:41:39] [Server thread/INFO] [FML]: Ignored smelting recipe with conflicting input: 1xitem.copperbattleaxe@32767 = 2xitem.iceandfire.copperIngot@0
[21:41:39] [Server thread/INFO] [FML]: Ignored smelting recipe with conflicting input: 1xitem.copperdagger@32767 = 1xitem.iceandfire.copperNugget@0
[21:41:39] [Server thread/INFO] [FML]: Ignored smelting recipe with conflicting input: 1xitem.coppernunchaku@32767 = 4xitem.iceandfire.copperNugget@0
[21:41:39] [Server thread/INFO] [STDOUT]: [atomicstryker.battletowers.common.TowerStageItemManager:<init>:72]: Battletowers parsed Item/Block/ChestGenHook com.oblivioussp.spartanweaponry.item.ItemDagger@4e8e863d
[21:41:39] [Server thread/INFO] [STDOUT]: [atomicstryker.battletowers.common.TowerStageItemManager:<init>:72]: Battletowers parsed Item/Block/ChestGenHook com.oblivioussp.spartanweaponry.item.ItemLongsword@28005893
[21:41:39] [Server thread/INFO] [STDOUT]: [atomicstryker.battletowers.common.TowerStageItemManager:<init>:72]: Battletowers parsed Item/Block/ChestGenHook com.oblivioussp.spartanweaponry.item.ItemKatana@5ffe9b9f
[21:41:39] [Server thread/INFO] [STDOUT]: [atomicstryker.battletowers.common.TowerStageItemManager:<init>:72]: Battletowers parsed Item/Block/ChestGenHook com.oblivioussp.spartanweaponry.item.ItemSaber@1b92a8ee
[21:41:39] [Server thread/INFO] [STDOUT]: [atomicstryker.battletowers.common.TowerStageItemManager:<init>:72]: Battletowers parsed Item/Block/ChestGenHook com.oblivioussp.spartanweaponry.item.ItemRapier@482bbe0c
[21:41:39] [Server thread/INFO] [STDOUT]: [atomicstryker.battletowers.common.TowerStageItemManager:<init>:72]: Battletowers parsed Item/Block/ChestGenHook com.oblivioussp.spartanweaponry.item.ItemGreatsword@c14c000
[21:41:39] [Server thread/INFO] [STDOUT]: [atomicstryker.battletowers.common.TowerStageItemManager:<init>:72]: Battletowers parsed Item/Block/ChestGenHook com.oblivioussp.spartanweaponry.item.ItemHammer@54027551
[21:41:39] [Server thread/INFO] [STDOUT]: [atomicstryker.battletowers.common.TowerStageItemManager:<init>:72]: Battletowers parsed Item/Block/ChestGenHook com.oblivioussp.spartanweaponry.item.ItemWarhammer@67bbd75c
[21:41:39] [Server thread/INFO] [STDOUT]: [atomicstryker.battletowers.common.TowerStageItemManager:<init>:72]: Battletowers parsed Item/Block/ChestGenHook com.oblivioussp.spartanweaponry.item.ItemSpear@7a7f08ae
[21:41:39] [Server thread/INFO] [STDOUT]: [atomicstryker.battletowers.common.TowerStageItemManager:<init>:72]: Battletowers parsed Item/Block/ChestGenHook com.oblivioussp.spartanweaponry.item.ItemHalberd@34b202ad
[21:41:39] [Server thread/INFO] [STDOUT]: [atomicstryker.battletowers.common.TowerStageItemManager:<init>:72]: Battletowers parsed Item/Block/ChestGenHook net.minecraft.item.ItemArmor@25d0f2c6
[21:41:39] [Server thread/INFO] [STDOUT]: [atomicstryker.battletowers.common.TowerStageItemManager:<init>:72]: Battletowers parsed Item/Block/ChestGenHook net.minecraft.item.ItemArmor@448948ec
[21:41:39] [Server thread/INFO] [STDOUT]: [atomicstryker.battletowers.common.TowerStageItemManager:<init>:72]: Battletowers parsed Item/Block/ChestGenHook net.minecraft.item.ItemArmor@4f7a0368
[21:41:39] [Server thread/INFO] [STDOUT]: [atomicstryker.battletowers.common.TowerStageItemManager:<init>:72]: Battletowers parsed Item/Block/ChestGenHook net.minecraft.item.ItemArmor@5163f5e6
[21:41:39] [Server thread/INFO] [STDOUT]: [atomicstryker.battletowers.common.TowerStageItemManager:<init>:72]: Battletowers parsed Item/Block/ChestGenHook net.minecraft.item.Item@68380559
[21:41:39] [Server thread/INFO] [STDOUT]: [atomicstryker.battletowers.common.TowerStageItemManager:<init>:72]: Battletowers parsed Item/Block/ChestGenHook net.minecraft.item.ItemSeeds@c60c151
[21:41:39] [Server thread/INFO] [STDOUT]: [atomicstryker.battletowers.common.TowerStageItemManager:<init>:72]: Battletowers parsed Item/Block/ChestGenHook net.minecraft.item.ItemMultiTexture@1719e60e
[21:41:39] [Server thread/INFO] [STDOUT]: [atomicstryker.battletowers.common.TowerStageItemManager:<init>:72]: Battletowers parsed Item/Block/ChestGenHook net.minecraft.item.ItemBlockSpecial@367ba10e
[21:41:39] [Server thread/INFO] [STDOUT]: [atomicstryker.battletowers.common.TowerStageItemManager:<init>:72]: Battletowers parsed Item/Block/ChestGenHook net.minecraft.item.ItemBlock@78f6ddda
[21:41:39] [Server thread/INFO] [STDOUT]: [atomicstryker.battletowers.common.TowerStageItemManager:<init>:72]: Battletowers parsed Item/Block/ChestGenHook net.minecraft.item.ItemExpBottle@2c73af97
[21:41:39] [Server thread/INFO] [STDOUT]: [atomicstryker.battletowers.common.TowerStageItemManager:<init>:72]: Battletowers parsed Item/Block/ChestGenHook net.minecraft.item.Item@63686732
[21:41:39] [Server thread/INFO] [STDOUT]: [atomicstryker.battletowers.common.TowerStageItemManager:<init>:72]: Battletowers parsed Item/Block/ChestGenHook com.oblivioussp.spartanweaponry.item.ItemPike@1d2f84c0
[21:41:39] [Server thread/INFO] [STDOUT]: [atomicstryker.battletowers.common.TowerStageItemManager:<init>:72]: Battletowers parsed Item/Block/ChestGenHook com.oblivioussp.spartanweaponry.item.ItemLance@7b976eeb
[21:41:39] [Server thread/INFO] [STDOUT]: [atomicstryker.battletowers.common.TowerStageItemManager:<init>:72]: Battletowers parsed Item/Block/ChestGenHook com.oblivioussp.spartanweaponry.item.ItemLongbow@5c3adca5
[21:41:39] [Server thread/INFO] [STDOUT]: [atomicstryker.battletowers.common.TowerStageItemManager:<init>:72]: Battletowers parsed Item/Block/ChestGenHook com.oblivioussp.spartanweaponry.item.ItemCrossbow@300cfaff
[21:41:39] [Server thread/INFO] [STDOUT]: [atomicstryker.battletowers.common.TowerStageItemManager:<init>:72]: Battletowers parsed Item/Block/ChestGenHook com.oblivioussp.spartanweaponry.item.ItemThrowingKnife@19dbb38c
[21:41:39] [Server thread/INFO] [STDOUT]: [atomicstryker.battletowers.common.TowerStageItemManager:<init>:72]: Battletowers parsed Item/Block/ChestGenHook com.oblivioussp.spartanweaponry.item.ItemThrowingAxe@288b62b6
[21:41:39] [Server thread/INFO] [STDOUT]: [atomicstryker.battletowers.common.TowerStageItemManager:<init>:72]: Battletowers parsed Item/Block/ChestGenHook com.oblivioussp.spartanweaponry.item.ItemJavelin@180026a8
[21:41:39] [Server thread/INFO] [STDOUT]: [atomicstryker.battletowers.common.TowerStageItemManager:<init>:72]: Battletowers parsed Item/Block/ChestGenHook com.oblivioussp.spartanweaponry.item.ItemBoomerang@41a70239
[21:41:39] [Server thread/INFO] [STDOUT]: [atomicstryker.battletowers.common.TowerStageItemManager:<init>:72]: Battletowers parsed Item/Block/ChestGenHook com.oblivioussp.spartanweaponry.item.ItemBattleaxe@1348fb4f
[21:41:39] [Server thread/INFO] [STDOUT]: [atomicstryker.battletowers.common.TowerStageItemManager:<init>:72]: Battletowers parsed Item/Block/ChestGenHook com.oblivioussp.spartanweaponry.item.ItemMace@725b3340
[21:41:39] [Server thread/INFO] [STDOUT]: [atomicstryker.battletowers.common.TowerStageItemManager:<init>:72]: Battletowers parsed Item/Block/ChestGenHook net.minecraft.item.ItemArmor@25d0f2c6
[21:41:39] [Server thread/INFO] [STDOUT]: [atomicstryker.battletowers.common.TowerStageItemManager:<init>:72]: Battletowers parsed Item/Block/ChestGenHook net.minecraft.item.ItemArmor@448948ec
[21:41:39] [Server thread/INFO] [STDOUT]: [atomicstryker.battletowers.common.TowerStageItemManager:<init>:72]: Battletowers parsed Item/Block/ChestGenHook net.minecraft.item.ItemArmor@4f7a0368
[21:41:39] [Server thread/INFO] [STDOUT]: [atomicstryker.battletowers.common.TowerStageItemManager:<init>:72]: Battletowers parsed Item/Block/ChestGenHook net.minecraft.item.ItemArmor@5163f5e6
[21:41:39] [Server thread/INFO] [STDOUT]: [atomicstryker.battletowers.common.TowerStageItemManager:<init>:72]: Battletowers parsed Item/Block/ChestGenHook net.minecraft.item.ItemCloth@28114411
[21:41:39] [Server thread/INFO] [STDOUT]: [atomicstryker.battletowers.common.TowerStageItemManager:<init>:72]: Battletowers parsed Item/Block/ChestGenHook net.minecraft.item.ItemCloth@28114411
[21:41:39] [Server thread/INFO] [STDOUT]: [atomicstryker.battletowers.common.TowerStageItemManager:<init>:72]: Battletowers parsed Item/Block/ChestGenHook net.minecraft.item.ItemCloth@28114411
[21:41:39] [Server thread/INFO] [STDOUT]: [atomicstryker.battletowers.common.TowerStageItemManager:<init>:72]: Battletowers parsed Item/Block/ChestGenHook net.minecraft.item.ItemSword@4049e55b
[21:41:39] [Server thread/INFO] [STDOUT]: [atomicstryker.battletowers.common.TowerStageItemManager:<init>:72]: Battletowers parsed Item/Block/ChestGenHook net.minecraft.item.ItemPickaxe@816cef8
[21:41:39] [Server thread/INFO] [STDOUT]: [atomicstryker.battletowers.common.TowerStageItemManager:<init>:72]: Battletowers parsed Item/Block/ChestGenHook net.minecraft.item.ItemAxe@284b233c
[21:41:39] [Server thread/INFO] [STDOUT]: [atomicstryker.battletowers.common.TowerStageItemManager:<init>:72]: Battletowers parsed Item/Block/ChestGenHook net.minecraft.item.ItemBlock@78f6ddda
[21:41:39] [Server thread/INFO] [STDOUT]: [atomicstryker.battletowers.common.TowerStageItemManager:<init>:72]: Battletowers parsed Item/Block/ChestGenHook net.minecraft.item.ItemBlock@47ebbee1
[21:41:39] [Server thread/INFO] [STDOUT]: [atomicstryker.battletowers.common.TowerStageItemManager:<init>:72]: Battletowers parsed Item/Block/ChestGenHook net.minecraft.item.ItemBlock@7662bae5
[21:41:39] [Server thread/INFO] [STDOUT]: [atomicstryker.battletowers.common.TowerStageItemManager:<init>:72]: Battletowers parsed Item/Block/ChestGenHook net.minecraft.item.ItemBlock@7662bae5
[21:41:39] [Server thread/INFO] [STDOUT]: [atomicstryker.battletowers.common.TowerStageItemManager:<init>:72]: Battletowers parsed Item/Block/ChestGenHook net.minecraft.item.Item@63686732
[21:41:39] [Server thread/INFO] [STDOUT]: [atomicstryker.battletowers.common.TowerStageItemManager:<init>:72]: Battletowers parsed Item/Block/ChestGenHook com.github.alexthe666.iceandfire.item.ItemCopperArmor@5709283d
[21:41:39] [Server thread/INFO] [STDOUT]: [atomicstryker.battletowers.common.TowerStageItemManager:<init>:72]: Battletowers parsed Item/Block/ChestGenHook com.github.alexthe666.iceandfire.item.ItemCopperArmor@4146bf02
[21:41:39] [Server thread/INFO] [STDOUT]: [atomicstryker.battletowers.common.TowerStageItemManager:<init>:72]: Battletowers parsed Item/Block/ChestGenHook com.github.alexthe666.iceandfire.item.ItemCopperArmor@178584f7
[21:41:39] [Server thread/INFO] [STDOUT]: [atomicstryker.battletowers.common.TowerStageItemManager:<init>:72]: Battletowers parsed Item/Block/ChestGenHook com.github.alexthe666.iceandfire.item.ItemCopperArmor@55b700ad
[21:41:39] [Server thread/INFO] [STDOUT]: [atomicstryker.battletowers.common.TowerStageItemManager:<init>:72]: Battletowers parsed Item/Block/ChestGenHook com.github.alexthe666.iceandfire.item.ItemModSword@6dcf1754
[21:41:39] [Server thread/INFO] [STDOUT]: [atomicstryker.battletowers.common.TowerStageItemManager:<init>:72]: Battletowers parsed Item/Block/ChestGenHook com.github.alexthe666.iceandfire.item.ItemModPickaxe@fe8eefd
[21:41:39] [Server thread/INFO] [STDOUT]: [atomicstryker.battletowers.common.TowerStageItemManager:<init>:72]: Battletowers parsed Item/Block/ChestGenHook com.github.alexthe666.iceandfire.item.ItemModAxe@79cedb2d
[21:41:39] [Server thread/INFO] [STDOUT]: [atomicstryker.battletowers.common.TowerStageItemManager:<init>:72]: Battletowers parsed Item/Block/ChestGenHook net.minecraft.item.Item@6ba0f7c8
[21:41:39] [Server thread/INFO] [STDOUT]: [atomicstryker.battletowers.common.TowerStageItemManager:<init>:72]: Battletowers parsed Item/Block/ChestGenHook net.minecraft.item.Item@6ba0f7c8
[21:41:39] [Server thread/INFO] [STDOUT]: [atomicstryker.battletowers.common.TowerStageItemManager:<init>:72]: Battletowers parsed Item/Block/ChestGenHook net.minecraft.item.ItemBlock@155e6960
[21:41:39] [Server thread/INFO] [STDOUT]: [atomicstryker.battletowers.common.TowerStageItemManager:<init>:72]: Battletowers parsed Item/Block/ChestGenHook net.minecraft.item.ItemBlock@155e6960
[21:41:39] [Server thread/INFO] [STDOUT]: [atomicstryker.battletowers.common.TowerStageItemManager:<init>:72]: Battletowers parsed Item/Block/ChestGenHook net.minecraft.item.Item@3868ff89
[21:41:39] [Server thread/INFO] [STDOUT]: [atomicstryker.battletowers.common.TowerStageItemManager:<init>:72]: Battletowers parsed Item/Block/ChestGenHook net.minecraft.item.ItemCoal@b126ca4
[21:41:39] [Server thread/INFO] [STDOUT]: [atomicstryker.battletowers.common.TowerStageItemManager:<init>:72]: Battletowers parsed Item/Block/ChestGenHook net.minecraft.item.ItemBlockSpecial@3e6903e9
[21:41:39] [Server thread/INFO] [STDOUT]: [atomicstryker.battletowers.common.TowerStageItemManager:<init>:72]: Battletowers parsed Item/Block/ChestGenHook net.minecraft.item.ItemCloth@28114411
[21:41:39] [Server thread/INFO] [STDOUT]: [atomicstryker.battletowers.common.TowerStageItemManager:<init>:72]: Battletowers parsed Item/Block/ChestGenHook net.minecraft.item.ItemCloth@28114411
[21:41:39] [Server thread/INFO] [STDOUT]: [atomicstryker.battletowers.common.TowerStageItemManager:<init>:72]: Battletowers parsed Item/Block/ChestGenHook net.minecraft.item.ItemCloth@28114411
[21:41:39] [Server thread/INFO] [STDOUT]: [atomicstryker.battletowers.common.TowerStageItemManager:<init>:72]: Battletowers parsed Item/Block/ChestGenHook net.minecraft.item.Item@63686732
[21:41:39] [Server thread/INFO] [STDOUT]: [atomicstryker.battletowers.common.TowerStageItemManager:<init>:72]: Battletowers parsed Item/Block/ChestGenHook ChestGenHook:gameplay/fishing/junk:5
[21:41:39] [Server thread/INFO] [STDOUT]: [atomicstryker.battletowers.common.TowerStageItemManager:<init>:72]: Battletowers parsed Item/Block/ChestGenHook net.minecraft.item.Item@1792984
[21:41:39] [Server thread/INFO] [STDOUT]: [atomicstryker.battletowers.common.TowerStageItemManager:<init>:72]: Battletowers parsed Item/Block/ChestGenHook com.github.alexthe666.iceandfire.item.ItemCopperArmor@5709283d
[21:41:39] [Server thread/INFO] [STDOUT]: [atomicstryker.battletowers.common.TowerStageItemManager:<init>:72]: Battletowers parsed Item/Block/ChestGenHook com.github.alexthe666.iceandfire.item.ItemCopperArmor@4146bf02
[21:41:39] [Server thread/INFO] [STDOUT]: [atomicstryker.battletowers.common.TowerStageItemManager:<init>:72]: Battletowers parsed Item/Block/ChestGenHook com.github.alexthe666.iceandfire.item.ItemCopperArmor@178584f7
[21:41:39] [Server thread/INFO] [STDOUT]: [atomicstryker.battletowers.common.TowerStageItemManager:<init>:72]: Battletowers parsed Item/Block/ChestGenHook com.github.alexthe666.iceandfire.item.ItemCopperArmor@55b700ad
[21:41:39] [Server thread/INFO] [STDOUT]: [atomicstryker.battletowers.common.TowerStageItemManager:<init>:72]: Battletowers parsed Item/Block/ChestGenHook com.github.alexthe666.iceandfire.item.ItemSilverArmor@320bfcab
[21:41:39] [Server thread/INFO] [STDOUT]: [atomicstryker.battletowers.common.TowerStageItemManager:<init>:72]: Battletowers parsed Item/Block/ChestGenHook com.github.alexthe666.iceandfire.item.ItemSilverArmor@35e1ba16
[21:41:39] [Server thread/INFO] [STDOUT]: [atomicstryker.battletowers.common.TowerStageItemManager:<init>:72]: Battletowers parsed Item/Block/ChestGenHook com.github.alexthe666.iceandfire.item.ItemSilverArmor@16ee15d1
[21:41:39] [Server thread/INFO] [STDOUT]: [atomicstryker.battletowers.common.TowerStageItemManager:<init>:72]: Battletowers parsed Item/Block/ChestGenHook com.github.alexthe666.iceandfire.item.ItemSilverArmor@1dd78b57
[21:41:39] [Server thread/INFO] [STDOUT]: [atomicstryker.battletowers.common.TowerStageItemManager:<init>:72]: Battletowers parsed Item/Block/ChestGenHook net.minecraft.item.Item@1792984
[21:41:39] [Server thread/INFO] [STDOUT]: [atomicstryker.battletowers.common.TowerStageItemManager:<init>:72]: Battletowers parsed Item/Block/ChestGenHook net.minecraft.item.ItemBlock@1712dd23
[21:41:39] [Server thread/INFO] [STDOUT]: [atomicstryker.battletowers.common.TowerStageItemManager:<init>:72]: Battletowers parsed Item/Block/ChestGenHook net.minecraft.item.ItemBlock@1712dd23
[21:41:39] [Server thread/INFO] [STDOUT]: [atomicstryker.battletowers.common.TowerStageItemManager:<init>:72]: Battletowers parsed Item/Block/ChestGenHook net.minecraft.item.ItemBlock@1712dd23
[21:41:39] [Server thread/INFO] [STDOUT]: [atomicstryker.battletowers.common.TowerStageItemManager:<init>:72]: Battletowers parsed Item/Block/ChestGenHook net.minecraft.item.Item@1fcc2d02
[21:41:39] [Server thread/INFO] [STDOUT]: [atomicstryker.battletowers.common.TowerStageItemManager:<init>:72]: Battletowers parsed Item/Block/ChestGenHook net.minecraft.item.ItemFood@5b696b4e
[21:41:39] [Server thread/INFO] [STDOUT]: [atomicstryker.battletowers.common.TowerStageItemManager:<init>:72]: Battletowers parsed Item/Block/ChestGenHook net.minecraft.item.ItemFood@14e513e5
[21:41:39] [Server thread/INFO] [STDOUT]: [atomicstryker.battletowers.common.TowerStageItemManager:<init>:72]: Battletowers parsed Item/Block/ChestGenHook net.minecraft.item.Item@63686732
[21:41:39] [Server thread/INFO] [STDOUT]: [atomicstryker.battletowers.common.TowerStageItemManager:<init>:72]: Battletowers parsed Item/Block/ChestGenHook ChestGenHook:gameplay/fishing/treasure:5
[21:41:39] [Server thread/INFO] [STDOUT]: [atomicstryker.battletowers.common.TowerStageItemManager:<init>:72]: Battletowers parsed Item/Block/ChestGenHook gigaherz.toolbelt.belt.ItemToolBelt@77f02c8b
[21:41:39] [Server thread/INFO] [STDOUT]: [atomicstryker.battletowers.common.TowerStageItemManager:<init>:72]: Battletowers parsed Item/Block/ChestGenHook gigaherz.toolbelt.shadow.commons.ItemRegistered@7d192cc9
[21:41:39] [Server thread/INFO] [STDOUT]: [atomicstryker.battletowers.common.TowerStageItemManager:<init>:72]: Battletowers parsed Item/Block/ChestGenHook net.mcft.copy.backpacks.item.ItemBackpack@77571773
[21:41:39] [Server thread/INFO] [STDOUT]: [atomicstryker.battletowers.common.TowerStageItemManager:<init>:72]: Battletowers parsed Item/Block/ChestGenHook net.minecraft.item.ItemCompass@1b77d47b
[21:41:39] [Server thread/INFO] [STDOUT]: [atomicstryker.battletowers.common.TowerStageItemManager:<init>:72]: Battletowers parsed Item/Block/ChestGenHook net.minecraft.item.ItemEmptyMap@118ef171
[21:41:39] [Server thread/INFO] [STDOUT]: [atomicstryker.battletowers.common.TowerStageItemManager:<init>:72]: Battletowers parsed Item/Block/ChestGenHook com.github.alexthe666.iceandfire.item.ItemSilverArmor@320bfcab
[21:41:39] [Server thread/INFO] [STDOUT]: [atomicstryker.battletowers.common.TowerStageItemManager:<init>:72]: Battletowers parsed Item/Block/ChestGenHook com.github.alexthe666.iceandfire.item.ItemSilverArmor@35e1ba16
[21:41:39] [Server thread/INFO] [STDOUT]: [atomicstryker.battletowers.common.TowerStageItemManager:<init>:72]: Battletowers parsed Item/Block/ChestGenHook com.github.alexthe666.iceandfire.item.ItemSilverArmor@16ee15d1
[21:41:39] [Server thread/INFO] [STDOUT]: [atomicstryker.battletowers.common.TowerStageItemManager:<init>:72]: Battletowers parsed Item/Block/ChestGenHook com.github.alexthe666.iceandfire.item.ItemSilverArmor@1dd78b57
[21:41:39] [Server thread/INFO] [STDOUT]: [atomicstryker.battletowers.common.TowerStageItemManager:<init>:72]: Battletowers parsed Item/Block/ChestGenHook net.minecraft.item.Item@1792984
[21:41:39] [Server thread/INFO] [STDOUT]: [atomicstryker.battletowers.common.TowerStageItemManager:<init>:72]: Battletowers parsed Item/Block/ChestGenHook net.minecraft.item.ItemClock@5ac1b6cc
[21:41:39] [Server thread/INFO] [STDOUT]: [atomicstryker.battletowers.common.TowerStageItemManager:<init>:72]: Battletowers parsed Item/Block/ChestGenHook net.minecraft.item.ItemBlock@1a1bebf9
[21:41:39] [Server thread/INFO] [STDOUT]: [atomicstryker.battletowers.common.TowerStageItemManager:<init>:72]: Battletowers parsed Item/Block/ChestGenHook net.minecraft.item.ItemBlock@362d45ce
[21:41:39] [Server thread/INFO] [STDOUT]: [atomicstryker.battletowers.common.TowerStageItemManager:<init>:72]: Battletowers parsed Item/Block/ChestGenHook net.minecraft.item.ItemMultiTexture@400c0d9a
[21:41:39] [Server thread/INFO] [STDOUT]: [atomicstryker.battletowers.common.TowerStageItemManager:<init>:72]: Battletowers parsed Item/Block/ChestGenHook net.minecraft.item.Item@3a87f5db
[21:41:39] [Server thread/INFO] [STDOUT]: [atomicstryker.battletowers.common.TowerStageItemManager:<init>:72]: Battletowers parsed Item/Block/ChestGenHook net.minecraft.item.Item@63686732
[21:41:39] [Server thread/INFO] [STDOUT]: [atomicstryker.battletowers.common.TowerStageItemManager:<init>:72]: Battletowers parsed Item/Block/ChestGenHook ChestGenHook:chests/abandoned_mineshaft:5
[21:41:39] [Server thread/INFO] [STDOUT]: [atomicstryker.battletowers.common.TowerStageItemManager:<init>:72]: Battletowers parsed Item/Block/ChestGenHook gigaherz.toolbelt.belt.ItemToolBelt@77f02c8b
[21:41:39] [Server thread/INFO] [STDOUT]: [atomicstryker.battletowers.common.TowerStageItemManager:<init>:72]: Battletowers parsed Item/Block/ChestGenHook gigaherz.toolbelt.shadow.commons.ItemRegistered@7d192cc9
[21:41:39] [Server thread/INFO] [STDOUT]: [atomicstryker.battletowers.common.TowerStageItemManager:<init>:72]: Battletowers parsed Item/Block/ChestGenHook net.mcft.copy.backpacks.item.ItemBackpack@77571773
[21:41:39] [Server thread/INFO] [STDOUT]: [atomicstryker.battletowers.common.TowerStageItemManager:<init>:72]: Battletowers parsed Item/Block/ChestGenHook net.minecraft.item.Item@1792984
[21:41:39] [Server thread/INFO] [STDOUT]: [atomicstryker.battletowers.common.TowerStageItemManager:<init>:72]: Battletowers parsed Item/Block/ChestGenHook net.minecraft.item.ItemEmptyMap@118ef171
[21:41:39] [Server thread/INFO] [STDOUT]: [atomicstryker.battletowers.common.TowerStageItemManager:<init>:72]: Battletowers parsed Item/Block/ChestGenHook hunternif.mc.atlas.item.ItemEmptyAtlas@28d755e
[21:41:39] [Server thread/INFO] [STDOUT]: [atomicstryker.battletowers.common.TowerStageItemManager:<init>:72]: Battletowers parsed Item/Block/ChestGenHook net.minecraft.item.ItemArmor@64aaecdf
[21:41:39] [Server thread/INFO] [STDOUT]: [atomicstryker.battletowers.common.TowerStageItemManager:<init>:72]: Battletowers parsed Item/Block/ChestGenHook net.minecraft.item.ItemArmor@2537ffe3
[21:41:39] [Server thread/INFO] [STDOUT]: [atomicstryker.battletowers.common.TowerStageItemManager:<init>:72]: Battletowers parsed Item/Block/ChestGenHook net.minecraft.item.ItemArmor@a56c35a
[21:41:39] [Server thread/INFO] [STDOUT]: [atomicstryker.battletowers.common.TowerStageItemManager:<init>:72]: Battletowers parsed Item/Block/ChestGenHook net.minecraft.item.ItemArmor@7bc0e64e
[21:41:39] [Server thread/INFO] [STDOUT]: [atomicstryker.battletowers.common.TowerStageItemManager:<init>:72]: Battletowers parsed Item/Block/ChestGenHook net.minecraft.item.ItemArmor@64aaecdf
[21:41:39] [Server thread/INFO] [STDOUT]: [atomicstryker.battletowers.common.TowerStageItemManager:<init>:72]: Battletowers parsed Item/Block/ChestGenHook net.minecraft.item.Item@1792984
[21:41:39] [Server thread/INFO] [STDOUT]: [atomicstryker.battletowers.common.TowerStageItemManager:<init>:72]: Battletowers parsed Item/Block/ChestGenHook net.minecraft.item.ItemCompass@1b77d47b
[21:41:39] [Server thread/INFO] [STDOUT]: [atomicstryker.battletowers.common.TowerStageItemManager:<init>:72]: Battletowers parsed Item/Block/ChestGenHook net.minecraft.item.ItemBlock@30db22e2
[21:41:39] [Server thread/INFO] [STDOUT]: [atomicstryker.battletowers.common.TowerStageItemManager:<init>:72]: Battletowers parsed Item/Block/ChestGenHook net.minecraft.item.ItemBlock@71b873a2
[21:41:39] [Server thread/INFO] [STDOUT]: [atomicstryker.battletowers.common.TowerStageItemManager:<init>:72]: Battletowers parsed Item/Block/ChestGenHook net.minecraft.item.ItemSign@6f7e46ea
[21:41:39] [Server thread/INFO] [STDOUT]: [atomicstryker.battletowers.common.TowerStageItemManager:<init>:72]: Battletowers parsed Item/Block/ChestGenHook net.minecraft.item.ItemFishingRod@35bb3149
[21:41:39] [Server thread/INFO] [STDOUT]: [atomicstryker.battletowers.common.TowerStageItemManager:<init>:72]: Battletowers parsed Item/Block/ChestGenHook net.minecraft.item.ItemSeeds@74a3fd06
[21:41:39] [Server thread/INFO] [STDOUT]: [atomicstryker.battletowers.common.TowerStageItemManager:<init>:72]: Battletowers parsed Item/Block/ChestGenHook net.minecraft.item.ItemSeeds@17cf8dc8
[21:41:39] [Server thread/INFO] [STDOUT]: [atomicstryker.battletowers.common.TowerStageItemManager:<init>:72]: Battletowers parsed Item/Block/ChestGenHook net.minecraft.item.Item@63686732
[21:41:39] [Server thread/INFO] [STDOUT]: [atomicstryker.battletowers.common.TowerStageItemManager:<init>:72]: Battletowers parsed Item/Block/ChestGenHook ChestGenHook:chests/simple_dungeon:1
[21:41:39] [Server thread/INFO] [STDOUT]: [atomicstryker.battletowers.common.TowerStageItemManager:<init>:72]: Battletowers parsed Item/Block/ChestGenHook hunternif.mc.atlas.item.ItemEmptyAtlas@28d755e
[21:41:39] [Server thread/INFO] [STDOUT]: [atomicstryker.battletowers.common.TowerStageItemManager:<init>:72]: Battletowers parsed Item/Block/ChestGenHook net.minecraft.item.ItemArmor@64aaecdf
[21:41:39] [Server thread/INFO] [STDOUT]: [atomicstryker.battletowers.common.TowerStageItemManager:<init>:72]: Battletowers parsed Item/Block/ChestGenHook net.minecraft.item.ItemArmor@2537ffe3
[21:41:39] [Server thread/INFO] [STDOUT]: [atomicstryker.battletowers.common.TowerStageItemManager:<init>:72]: Battletowers parsed Item/Block/ChestGenHook net.minecraft.item.ItemArmor@a56c35a
[21:41:39] [Server thread/INFO] [STDOUT]: [atomicstryker.battletowers.common.TowerStageItemManager:<init>:72]: Battletowers parsed Item/Block/ChestGenHook net.minecraft.item.ItemArmor@7bc0e64e
[21:41:39] [Server thread/INFO] [STDOUT]: [atomicstryker.battletowers.common.TowerStageItemManager:<init>:72]: Battletowers parsed Item/Block/ChestGenHook net.minecraft.item.ItemArmor@64aaecdf
[21:41:39] [Server thread/INFO] [STDOUT]: [atomicstryker.battletowers.common.TowerStageItemManager:<init>:72]: Battletowers parsed Item/Block/ChestGenHook org.jwaresoftware.mcmods.armorunder.ModItem@179267ac
[21:41:39] [Server thread/INFO] [STDOUT]: [atomicstryker.battletowers.common.TowerStageItemManager:<init>:72]: Battletowers parsed Item/Block/ChestGenHook org.jwaresoftware.mcmods.armorunder.ModItem@2a9596ab
[21:41:39] [Server thread/INFO] [STDOUT]: [atomicstryker.battletowers.common.TowerStageItemManager:<init>:72]: Battletowers parsed Item/Block/ChestGenHook net.minecraft.item.Item@33d2995c
[21:41:39] [Server thread/INFO] [STDOUT]: [atomicstryker.battletowers.common.TowerStageItemManager:<init>:72]: Battletowers parsed Item/Block/ChestGenHook net.minecraft.item.Item@33d2995c
[21:41:39] [Server thread/INFO] [STDOUT]: [atomicstryker.battletowers.common.TowerStageItemManager:<init>:72]: Battletowers parsed Item/Block/ChestGenHook net.minecraft.item.ItemBlock@30db22e2
[21:41:39] [Server thread/INFO] [STDOUT]: [atomicstryker.battletowers.common.TowerStageItemManager:<init>:72]: Battletowers parsed Item/Block/ChestGenHook net.minecraft.item.ItemSword@27276853
[21:41:39] [Server thread/INFO] [STDOUT]: [atomicstryker.battletowers.common.TowerStageItemManager:<init>:72]: Battletowers parsed Item/Block/ChestGenHook net.minecraft.item.ItemPickaxe@5621f31
[21:41:39] [Server thread/INFO] [STDOUT]: [atomicstryker.battletowers.common.TowerStageItemManager:<init>:72]: Battletowers parsed Item/Block/ChestGenHook net.minecraft.item.ItemAppleGold@22363b82
[21:41:39] [Server thread/INFO] [STDOUT]: [atomicstryker.battletowers.common.TowerStageItemManager:<init>:72]: Battletowers parsed Item/Block/ChestGenHook net.minecraft.item.ItemSword@54fba7f0
[21:41:39] [Server thread/INFO] [STDOUT]: [atomicstryker.battletowers.common.TowerStageItemManager:<init>:72]: Battletowers parsed Item/Block/ChestGenHook net.minecraft.item.Item@10f98156
[21:41:39] [Server thread/INFO] [STDOUT]: [atomicstryker.battletowers.common.TowerStageItemManager:<init>:72]: Battletowers parsed Item/Block/ChestGenHook net.minecraft.item.Item@77f58f05
[21:41:39] [Server thread/INFO] [STDOUT]: [atomicstryker.battletowers.common.TowerStageItemManager:<init>:72]: Battletowers parsed Item/Block/ChestGenHook net.minecraft.item.ItemFishFood@47df3eca
[21:41:39] [Server thread/INFO] [STDOUT]: [atomicstryker.battletowers.common.TowerStageItemManager:<init>:72]: Battletowers parsed Item/Block/ChestGenHook net.minecraft.item.ItemDye@512dcb63
[21:41:39] [Server thread/INFO] [STDOUT]: [atomicstryker.battletowers.common.TowerStageItemManager:<init>:72]: Battletowers parsed Item/Block/ChestGenHook net.minecraft.item.Item@25eb1350
[21:41:39] [Server thread/INFO] [STDOUT]: [atomicstryker.battletowers.common.TowerStageItemManager:<init>:72]: Battletowers parsed Item/Block/ChestGenHook ChestGenHook:chests/simple_dungeon:2
[21:41:39] [Server thread/INFO] [STDOUT]: [atomicstryker.battletowers.common.TowerStageItemManager:<init>:72]: Battletowers parsed Item/Block/ChestGenHook nc.item.armor.ItemHazmatSuit@7ce0b069
[21:41:39] [Server thread/INFO] [STDOUT]: [atomicstryker.battletowers.common.TowerStageItemManager:<init>:72]: Battletowers parsed Item/Block/ChestGenHook nc.item.armor.ItemHazmatSuit@6fea2a7b
[21:41:39] [Server thread/INFO] [STDOUT]: [atomicstryker.battletowers.common.TowerStageItemManager:<init>:72]: Battletowers parsed Item/Block/ChestGenHook nc.item.armor.ItemHazmatSuit@2f0cdfe
[21:41:39] [Server thread/INFO] [STDOUT]: [atomicstryker.battletowers.common.TowerStageItemManager:<init>:72]: Battletowers parsed Item/Block/ChestGenHook nc.item.armor.ItemHazmatSuit@2c74027c
[21:41:39] [Server thread/INFO] [STDOUT]: [atomicstryker.battletowers.common.TowerStageItemManager:<init>:72]: Battletowers parsed Item/Block/ChestGenHook org.jwaresoftware.mcmods.armorunder.ModItem@179267ac
[21:41:39] [Server thread/INFO] [STDOUT]: [atomicstryker.battletowers.common.TowerStageItemManager:<init>:72]: Battletowers parsed Item/Block/ChestGenHook org.jwaresoftware.mcmods.armorunder.ModItem@2a9596ab
[21:41:39] [Server thread/INFO] [STDOUT]: [atomicstryker.battletowers.common.TowerStageItemManager:<init>:72]: Battletowers parsed Item/Block/ChestGenHook baubles.common.items.ItemRing@b45a461
[21:41:39] [Server thread/INFO] [STDOUT]: [atomicstryker.battletowers.common.TowerStageItemManager:<init>:72]: Battletowers parsed Item/Block/ChestGenHook com.tmtravlr.qualitytools.items.ItemEmeraldBauble@2ecd5728
[21:41:39] [Server thread/INFO] [STDOUT]: [atomicstryker.battletowers.common.TowerStageItemManager:<init>:72]: Battletowers parsed Item/Block/ChestGenHook com.tmtravlr.qualitytools.items.ItemEmeraldBauble@513f4053
[21:41:39] [Server thread/INFO] [STDOUT]: [atomicstryker.battletowers.common.TowerStageItemManager:<init>:72]: Battletowers parsed Item/Block/ChestGenHook net.minecraft.item.Item@21102215
[21:41:39] [Server thread/INFO] [STDOUT]: [atomicstryker.battletowers.common.TowerStageItemManager:<init>:72]: Battletowers parsed Item/Block/ChestGenHook net.minecraft.item.Item@21102215
[21:41:39] [Server thread/INFO] [STDOUT]: [atomicstryker.battletowers.common.TowerStageItemManager:<init>:72]: Battletowers parsed Item/Block/ChestGenHook net.minecraft.item.ItemBlock@45696fc0
[21:41:39] [Server thread/INFO] [STDOUT]: [atomicstryker.battletowers.common.TowerStageItemManager:<init>:72]: Battletowers parsed Item/Block/ChestGenHook net.minecraft.item.Item@1647eb06
[21:41:39] [Server thread/INFO] [STDOUT]: [atomicstryker.battletowers.common.TowerStageItemManager:<init>:72]: Battletowers parsed Item/Block/ChestGenHook net.minecraft.item.ItemBlock@30db22e2
[21:41:39] [Server thread/INFO] [STDOUT]: [atomicstryker.battletowers.common.TowerStageItemManager:<init>:72]: Battletowers parsed Item/Block/ChestGenHook net.minecraft.item.Item@eb1ba59
[21:41:39] [Server thread/INFO] [STDOUT]: [atomicstryker.battletowers.common.TowerStageItemManager:<init>:72]: Battletowers parsed Item/Block/ChestGenHook net.minecraft.item.Item@eb1ba59
[21:41:39] [Server thread/INFO] [STDOUT]: [atomicstryker.battletowers.common.TowerStageItemManager:<init>:72]: Battletowers parsed Item/Block/ChestGenHook net.minecraft.item.Item@eb1ba59
[21:41:39] [Server thread/INFO] [STDOUT]: [atomicstryker.battletowers.common.TowerStageItemManager:<init>:72]: Battletowers parsed Item/Block/ChestGenHook net.minecraft.item.Item@25eb1350
[21:41:39] [Server thread/INFO] [STDOUT]: [atomicstryker.battletowers.common.TowerStageItemManager:<init>:72]: Battletowers parsed Item/Block/ChestGenHook ChestGenHook:chests/simple_dungeon:3
[21:41:39] [Server thread/INFO] [STDOUT]: [atomicstryker.battletowers.common.TowerStageItemManager:<init>:72]: Battletowers parsed Item/Block/ChestGenHook cursedflames.bountifulbaubles.item.ItemSpectralSilt@39491b72
[21:41:39] [Server thread/INFO] [STDOUT]: [atomicstryker.battletowers.common.TowerStageItemManager:<init>:72]: Battletowers parsed Item/Block/ChestGenHook xzeroair.trinkets.items.base.ItemBase@2e29a9a2
[21:41:39] [Server thread/INFO] [STDOUT]: [atomicstryker.battletowers.common.TowerStageItemManager:<init>:72]: Battletowers parsed Item/Block/ChestGenHook vazkii.potionfingers.ItemRing@47672aec
[21:41:39] [Server thread/INFO] [STDOUT]: [atomicstryker.battletowers.common.TowerStageItemManager:<init>:72]: Battletowers parsed Item/Block/ChestGenHook net.minecraft.item.Item@57e7f7fd
[21:41:39] [Server thread/INFO] [STDOUT]: [atomicstryker.battletowers.common.TowerStageItemManager:<init>:72]: Battletowers parsed Item/Block/ChestGenHook org.jwaresoftware.mcmods.armorunder.ModItem@179267ac
[21:41:39] [Server thread/INFO] [STDOUT]: [atomicstryker.battletowers.common.TowerStageItemManager:<init>:72]: Battletowers parsed Item/Block/ChestGenHook org.jwaresoftware.mcmods.armorunder.ModItem@2a9596ab
[21:41:39] [Server thread/INFO] [STDOUT]: [atomicstryker.battletowers.common.TowerStageItemManager:<init>:72]: Battletowers parsed Item/Block/ChestGenHook baubles.common.items.ItemRing@b45a461
[21:41:39] [Server thread/INFO] [STDOUT]: [atomicstryker.battletowers.common.TowerStageItemManager:<init>:72]: Battletowers parsed Item/Block/ChestGenHook com.tmtravlr.qualitytools.items.ItemEmeraldBauble@2ecd5728
[21:41:39] [Server thread/INFO] [STDOUT]: [atomicstryker.battletowers.common.TowerStageItemManager:<init>:72]: Battletowers parsed Item/Block/ChestGenHook com.tmtravlr.qualitytools.items.ItemEmeraldBauble@513f4053
[21:41:39] [Server thread/INFO] [STDOUT]: [atomicstryker.battletowers.common.TowerStageItemManager:<init>:72]: Battletowers parsed Item/Block/ChestGenHook net.minecraft.item.Item@76b0d1aa
[21:41:39] [Server thread/INFO] [STDOUT]: [atomicstryker.battletowers.common.TowerStageItemManager:<init>:72]: Battletowers parsed Item/Block/ChestGenHook net.minecraft.item.Item@76b0d1aa
[21:41:39] [Server thread/INFO] [STDOUT]: [atomicstryker.battletowers.common.TowerStageItemManager:<init>:72]: Battletowers parsed Item/Block/ChestGenHook net.minecraft.item.ItemBlock@45696fc0
[21:41:39] [Server thread/INFO] [STDOUT]: [atomicstryker.battletowers.common.TowerStageItemManager:<init>:72]: Battletowers parsed Item/Block/ChestGenHook net.minecraft.item.ItemExpBottle@2c73af97
[21:41:39] [Server thread/INFO] [STDOUT]: [atomicstryker.battletowers.common.TowerStageItemManager:<init>:72]: Battletowers parsed Item/Block/ChestGenHook net.minecraft.item.Item@3ee86d05
[21:41:39] [Server thread/INFO] [STDOUT]: [atomicstryker.battletowers.common.TowerStageItemManager:<init>:72]: Battletowers parsed Item/Block/ChestGenHook net.minecraft.item.Item@1647eb06
[21:41:39] [Server thread/INFO] [STDOUT]: [atomicstryker.battletowers.common.TowerStageItemManager:<init>:72]: Battletowers parsed Item/Block/ChestGenHook net.minecraft.item.Item@1647eb06
[21:41:39] [Server thread/INFO] [STDOUT]: [atomicstryker.battletowers.common.TowerStageItemManager:<init>:72]: Battletowers parsed Item/Block/ChestGenHook net.minecraft.item.ItemArmor@483f21fd
[21:41:39] [Server thread/INFO] [STDOUT]: [atomicstryker.battletowers.common.TowerStageItemManager:<init>:72]: Battletowers parsed Item/Block/ChestGenHook net.minecraft.item.ItemArmor@526d17fe
[21:41:39] [Server thread/INFO] [STDOUT]: [atomicstryker.battletowers.common.TowerStageItemManager:<init>:72]: Battletowers parsed Item/Block/ChestGenHook net.minecraft.item.ItemArmor@6e1d42fa
[21:41:39] [Server thread/INFO] [STDOUT]: [atomicstryker.battletowers.common.TowerStageItemManager:<init>:72]: Battletowers parsed Item/Block/ChestGenHook net.minecraft.item.ItemArmor@12132be1
[21:41:39] [Server thread/INFO] [STDOUT]: [atomicstryker.battletowers.common.TowerStageItemManager:<init>:72]: Battletowers parsed Item/Block/ChestGenHook net.minecraft.item.ItemBlock@30db22e2
[21:41:39] [Server thread/INFO] [STDOUT]: [atomicstryker.battletowers.common.TowerStageItemManager:<init>:72]: Battletowers parsed Item/Block/ChestGenHook net.minecraft.item.ItemBlock@30db22e2
[21:41:39] [Server thread/INFO] [STDOUT]: [atomicstryker.battletowers.common.TowerStageItemManager:<init>:72]: Battletowers parsed Item/Block/ChestGenHook net.minecraft.item.ItemBlock@30db22e2
[21:41:39] [Server thread/INFO] [STDOUT]: [atomicstryker.battletowers.common.TowerStageItemManager:<init>:72]: Battletowers parsed Item/Block/ChestGenHook net.minecraft.item.ItemEnderPearl@5fec1b3f
[21:41:39] [Server thread/INFO] [STDOUT]: [atomicstryker.battletowers.common.TowerStageItemManager:<init>:72]: Battletowers parsed Item/Block/ChestGenHook net.minecraft.item.Item@358f88c9
[21:41:39] [Server thread/INFO] [STDOUT]: [atomicstryker.battletowers.common.TowerStageItemManager:<init>:72]: Battletowers parsed Item/Block/ChestGenHook net.minecraft.item.Item@358f88c9
[21:41:39] [Server thread/INFO] [STDOUT]: [atomicstryker.battletowers.common.TowerStageItemManager:<init>:72]: Battletowers parsed Item/Block/ChestGenHook net.minecraft.item.ItemBlock@362919c3
[21:41:39] [Server thread/INFO] [STDOUT]: [atomicstryker.battletowers.common.TowerStageItemManager:<init>:72]: Battletowers parsed Item/Block/ChestGenHook net.minecraft.item.ItemBlock@415db018
[21:41:39] [Server thread/INFO] [STDOUT]: [atomicstryker.battletowers.common.TowerStageItemManager:<init>:72]: Battletowers parsed Item/Block/ChestGenHook net.minecraft.item.ItemBlockSpecial@62286c7b
[21:41:39] [Server thread/INFO] [STDOUT]: [atomicstryker.battletowers.common.TowerStageItemManager:<init>:72]: Battletowers parsed Item/Block/ChestGenHook net.minecraft.item.Item@25eb1350
[21:41:39] [Server thread/INFO] [STDOUT]: [atomicstryker.battletowers.common.TowerStageItemManager:<init>:72]: Battletowers parsed Item/Block/ChestGenHook ChestGenHook:chests/simple_dungeon:4
[21:41:39] [Server thread/INFO] [STDOUT]: [atomicstryker.battletowers.common.TowerStageItemManager:<init>:72]: Battletowers parsed Item/Block/ChestGenHook net.minecraft.item.ItemSimpleFoiled@323c3846
[21:41:39] [Server thread/INFO] [STDOUT]: [atomicstryker.battletowers.common.TowerStageItemManager:<init>:72]: Battletowers parsed Item/Block/ChestGenHook net.minecraft.item.ItemSimpleFoiled@349df4a
[21:41:39] [Server thread/INFO] [STDOUT]: [atomicstryker.battletowers.common.TowerStageItemManager:<init>:72]: Battletowers parsed Item/Block/ChestGenHook net.minecraft.item.ItemSimpleFoiled@1140e601
[21:41:39] [Server thread/INFO] [STDOUT]: [atomicstryker.battletowers.common.TowerStageItemManager:<init>:72]: Battletowers parsed Item/Block/ChestGenHook cursedflames.bountifulbaubles.item.ItemSpectralSilt@39491b72
[21:41:39] [Server thread/INFO] [STDOUT]: [atomicstryker.battletowers.common.TowerStageItemManager:<init>:72]: Battletowers parsed Item/Block/ChestGenHook xzeroair.trinkets.items.base.ItemBase@2e29a9a2
[21:41:39] [Server thread/INFO] [STDOUT]: [atomicstryker.battletowers.common.TowerStageItemManager:<init>:72]: Battletowers parsed Item/Block/ChestGenHook vazkii.potionfingers.ItemRing@47672aec
[21:41:39] [Server thread/INFO] [STDOUT]: [atomicstryker.battletowers.common.TowerStageItemManager:<init>:72]: Battletowers parsed Item/Block/ChestGenHook baubles.common.items.ItemRing@b45a461
[21:41:39] [Server thread/INFO] [STDOUT]: [atomicstryker.battletowers.common.TowerStageItemManager:<init>:72]: Battletowers parsed Item/Block/ChestGenHook bl4ckscor3.mod.xptome.ItemXPTome@1c18ae75
[21:41:39] [Server thread/INFO] [STDOUT]: [atomicstryker.battletowers.common.TowerStageItemManager:<init>:72]: Battletowers parsed Item/Block/ChestGenHook bl4ckscor3.mod.xptome.ItemXPTome@1c18ae75
[21:41:39] [Server thread/INFO] [STDOUT]: [atomicstryker.battletowers.common.TowerStageItemManager:<init>:72]: Battletowers parsed Item/Block/ChestGenHook bl4ckscor3.mod.xptome.ItemXPTome@1c18ae75
[21:41:39] [Server thread/INFO] [STDOUT]: [atomicstryker.battletowers.common.TowerStageItemManager:<init>:72]: Battletowers parsed Item/Block/ChestGenHook bl4ckscor3.mod.xptome.ItemXPTome@1c18ae75
[21:41:39] [Server thread/INFO] [STDOUT]: [atomicstryker.battletowers.common.TowerStageItemManager:<init>:72]: Battletowers parsed Item/Block/ChestGenHook com.tmtravlr.qualitytools.items.ItemEmeraldBauble@2ecd5728
[21:41:39] [Server thread/INFO] [STDOUT]: [atomicstryker.battletowers.common.TowerStageItemManager:<init>:72]: Battletowers parsed Item/Block/ChestGenHook com.tmtravlr.qualitytools.items.ItemEmeraldBauble@513f4053
[21:41:39] [Server thread/INFO] [STDOUT]: [atomicstryker.battletowers.common.TowerStageItemManager:<init>:72]: Battletowers parsed Item/Block/ChestGenHook net.minecraft.item.ItemSimpleFoiled@27b0573f
[21:41:39] [Server thread/INFO] [STDOUT]: [atomicstryker.battletowers.common.TowerStageItemManager:<init>:72]: Battletowers parsed Item/Block/ChestGenHook net.minecraft.item.ItemBlock@45696fc0
[21:41:39] [Server thread/INFO] [STDOUT]: [atomicstryker.battletowers.common.TowerStageItemManager:<init>:72]: Battletowers parsed Item/Block/ChestGenHook net.minecraft.item.ItemExpBottle@2c73af97
[21:41:39] [Server thread/INFO] [STDOUT]: [atomicstryker.battletowers.common.TowerStageItemManager:<init>:72]: Battletowers parsed Item/Block/ChestGenHook net.minecraft.item.ItemExpBottle@2c73af97
[21:41:39] [Server thread/INFO] [STDOUT]: [atomicstryker.battletowers.common.TowerStageItemManager:<init>:72]: Battletowers parsed Item/Block/ChestGenHook net.minecraft.item.Item@3ee86d05
[21:41:39] [Server thread/INFO] [STDOUT]: [atomicstryker.battletowers.common.TowerStageItemManager:<init>:72]: Battletowers parsed Item/Block/ChestGenHook net.minecraft.item.Item@57e7f7fd
[21:41:39] [Server thread/INFO] [STDOUT]: [atomicstryker.battletowers.common.TowerStageItemManager:<init>:72]: Battletowers parsed Item/Block/ChestGenHook net.minecraft.item.Item@1647eb06
[21:41:39] [Server thread/INFO] [STDOUT]: [atomicstryker.battletowers.common.TowerStageItemManager:<init>:72]: Battletowers parsed Item/Block/ChestGenHook net.minecraft.item.Item@1647eb06
[21:41:39] [Server thread/INFO] [STDOUT]: [atomicstryker.battletowers.common.TowerStageItemManager:<init>:72]: Battletowers parsed Item/Block/ChestGenHook net.minecraft.item.Item@1647eb06
[21:41:39] [Server thread/INFO] [STDOUT]: [atomicstryker.battletowers.common.TowerStageItemManager:<init>:72]: Battletowers parsed Item/Block/ChestGenHook net.minecraft.item.ItemEnderPearl@5fec1b3f
[21:41:39] [Server thread/INFO] [STDOUT]: [atomicstryker.battletowers.common.TowerStageItemManager:<init>:72]: Battletowers parsed Item/Block/ChestGenHook net.minecraft.item.Item@75945b89
[21:41:39] [Server thread/INFO] [STDOUT]: [atomicstryker.battletowers.common.TowerStageItemManager:<init>:72]: Battletowers parsed Item/Block/ChestGenHook net.minecraft.item.Item@75945b89
[21:41:39] [Server thread/INFO] [STDOUT]: [atomicstryker.battletowers.common.TowerStageItemManager:<init>:72]: Battletowers parsed Item/Block/ChestGenHook net.minecraft.item.Item@75945b89
[21:41:39] [Server thread/INFO] [STDOUT]: [atomicstryker.battletowers.common.TowerStageItemManager:<init>:72]: Battletowers parsed Item/Block/ChestGenHook net.minecraft.item.ItemBlock@58cd4d11
[21:41:39] [Server thread/INFO] [STDOUT]: [atomicstryker.battletowers.common.TowerStageItemManager:<init>:72]: Battletowers parsed Item/Block/ChestGenHook net.minecraft.item.ItemRedstone@5432fd81
[21:41:39] [Server thread/INFO] [STDOUT]: [atomicstryker.battletowers.common.TowerStageItemManager:<init>:72]: Battletowers parsed Item/Block/ChestGenHook net.minecraft.item.Item@174b05a0
[21:41:39] [Server thread/INFO] [STDOUT]: [atomicstryker.battletowers.common.TowerStageItemManager:<init>:72]: Battletowers parsed Item/Block/ChestGenHook ChestGenHook:chests/simple_dungeon:5
[21:41:39] [Server thread/INFO] [Ice And Fire]: A brother bound to a love he must hide
[21:41:39] [Server thread/INFO] [Ice And Fire]: The younger's armor is worn in the mind
[21:41:39] [Server thread/INFO] [Ice And Fire]: A cold iron throne holds a boy barely grown
[21:41:39] [Server thread/INFO] [Ice And Fire]: And now it is known
[21:41:39] [Server thread/INFO] [Ice And Fire]: A claim to the prize, a crown laced in lies
[21:41:39] [Server thread/INFO] [Ice And Fire]: You win or you die
[21:41:40] [Server thread/WARN] [somanyenchantments]: SME: could not find incompatible enchantment somanyenchantments:difficultysendowment
[21:41:40] [Server thread/WARN] [somanyenchantments]: SME: could not find incompatible enchantment somanyenchantments:difficultysendowment
[21:41:40] [Server thread/WARN] [somanyenchantments]: SME: could not find incompatible enchantment somanyenchantments:difficultysendowment
[21:41:40] [Server thread/WARN] [somanyenchantments]: SME: could not find incompatible enchantment somanyenchantments:difficultysendowment
[21:41:40] [Server thread/WARN] [somanyenchantments]: SME: could not find incompatible enchantment somanyenchantments:subjectenglish
[21:41:40] [Server thread/WARN] [somanyenchantments]: SME: could not find incompatible enchantment somanyenchantments:subjectenglish
[21:41:40] [Server thread/WARN] [somanyenchantments]: SME: could not find incompatible enchantment somanyenchantments:subjectenglish
[21:41:40] [Server thread/WARN] [somanyenchantments]: SME: could not find incompatible enchantment somanyenchantments:subjectenglish
[21:41:40] [Server thread/WARN] [somanyenchantments]: SME: could not find incompatible enchantment somanyenchantments:subjectenglish
[21:41:40] [Server thread/WARN] [somanyenchantments]: SME: could not find incompatible enchantment somanyenchantments:subjectenglish
[21:41:40] [Server thread/WARN] [somanyenchantments]: SME: could not find incompatible enchantment somanyenchantments:subjectenglish
[21:41:40] [Server thread/INFO] [Classy Hats]: Loaded 178 hats.
[21:41:40] [Server thread/INFO] [Classy Hats]: Wow, that's a lot of hats!
[21:41:40] [Server thread/INFO] [STDOUT]: [ejektaflex.bountiful.proxy.CommonProxy:postInit:118]: Bounties: 450
[21:41:40] [Server thread/INFO] [STDOUT]: [ejektaflex.bountiful.proxy.CommonProxy:postInit:119]: Pickable [Item: minecraft:dirt, Amount: 16..128, Unit Worth: 1, Weight: 100, Stages: []]
[21:41:40] [Server thread/INFO] [STDOUT]: [ejektaflex.bountiful.proxy.CommonProxy:postInit:119]: Pickable [Item: minecraft:stone, Amount: 16..128, Unit Worth: 3, Weight: 100, Stages: []]
[21:41:40] [Server thread/INFO] [STDOUT]: [ejektaflex.bountiful.proxy.CommonProxy:postInit:119]: Pickable [Item: minecraft:cobblestone, Amount: 16..128, Unit Worth: 2, Weight: 100, Stages: []]
[21:41:40] [Server thread/INFO] [STDOUT]: [ejektaflex.bountiful.proxy.CommonProxy:postInit:119]: Pickable [Item: quark:marble, Amount: 16..128, Unit Worth: 5, Weight: 100, Stages: []]
[21:41:40] [Server thread/INFO] [STDOUT]: [ejektaflex.bountiful.proxy.CommonProxy:postInit:119]: Pickable [Item: quark:slate, Amount: 16..128, Unit Worth: 5, Weight: 100, Stages: []]
[21:41:40] [Server thread/INFO] [STDOUT]: [ejektaflex.bountiful.proxy.CommonProxy:postInit:119]: Pickable [Item: quark:jasper, Amount: 16..128, Unit Worth: 5, Weight: 100, Stages: []]
[21:41:40] [Server thread/INFO] [STDOUT]: [ejektaflex.bountiful.proxy.CommonProxy:postInit:119]: Pickable [Item: quark:limestone, Amount: 16..128, Unit Worth: 5, Weight: 100, Stages: []]
[21:41:40] [Server thread/INFO] [STDOUT]: [ejektaflex.bountiful.proxy.CommonProxy:postInit:119]: Pickable [Item: traverse:red_rock, Amount: 16..128, Unit Worth: 5, Weight: 100, Stages: []]
[21:41:40] [Server thread/INFO] [STDOUT]: [ejektaflex.bountiful.proxy.CommonProxy:postInit:119]: Pickable [Item: traverse:blue_rock, Amount: 16..128, Unit Worth: 5, Weight: 100, Stages: []]
[21:41:40] [Server thread/INFO] [STDOUT]: [ejektaflex.bountiful.proxy.CommonProxy:postInit:119]: Pickable [Item: minecraft:fish, Amount: 1..16, Unit Worth: 20, Weight: 100, Stages: []]
[21:41:40] [Server thread/INFO] [STDOUT]: [ejektaflex.bountiful.proxy.CommonProxy:postInit:119]: Pickable [Item: minecraft:fish:1, Amount: 1..16, Unit Worth: 20, Weight: 100, Stages: []]
[21:41:40] [Server thread/INFO] [STDOUT]: [ejektaflex.bountiful.proxy.CommonProxy:postInit:119]: Pickable [Item: minecraft:fish:2, Amount: 1..8, Unit Worth: 50, Weight: 50, Stages: []]
[21:41:40] [Server thread/INFO] [STDOUT]: [ejektaflex.bountiful.proxy.CommonProxy:postInit:119]: Pickable [Item: minecraft:fish:3, Amount: 1..8, Unit Worth: 50, Weight: 50, Stages: []]
[21:41:40] [Server thread/INFO] [STDOUT]: [ejektaflex.bountiful.proxy.CommonProxy:postInit:119]: Pickable [Item: minecraft:apple, Amount: 1..32, Unit Worth: 15, Weight: 100, Stages: []]
[21:41:40] [Server thread/INFO] [STDOUT]: [ejektaflex.bountiful.proxy.CommonProxy:postInit:119]: Pickable [Item: minecraft:book, Amount: 1..16, Unit Worth: 25, Weight: 75, Stages: []]
[21:41:40] [Server thread/INFO] [STDOUT]: [ejektaflex.bountiful.proxy.CommonProxy:postInit:119]: Pickable [Item: minecraft:cactus, Amount: 1..32, Unit Worth: 30, Weight: 75, Stages: []]
[21:41:40] [Server thread/INFO] [STDOUT]: [ejektaflex.bountiful.proxy.CommonProxy:postInit:119]: Pickable [Item: betternether:cincinnasite, Amount: 1..32, Unit Worth: 200, Weight: 50, Stages: []]
[21:41:40] [Server thread/INFO] [STDOUT]: [ejektaflex.bountiful.proxy.CommonProxy:postInit:119]: Pickable [Item: minecraft:diamond, Amount: 1..32, Unit Worth: 100, Weight: 25, Stages: []]
[21:41:40] [Server thread/INFO] [STDOUT]: [ejektaflex.bountiful.proxy.CommonProxy:postInit:119]: Pickable [Item: minecraft:iron_ingot, Amount: 1..32, Unit Worth: 50, Weight: 25, Stages: []]
[21:41:40] [Server thread/INFO] [STDOUT]: [ejektaflex.bountiful.proxy.CommonProxy:postInit:119]: Pickable [Item: minecraft:coal, Amount: 1..32, Unit Worth: 25, Weight: 25, Stages: []]
[21:41:40] [Server thread/INFO] [STDOUT]: [ejektaflex.bountiful.proxy.CommonProxy:postInit:119]: Pickable [Item: defiledlands:hephaestite, Amount: 1..32, Unit Worth: 50, Weight: 25, Stages: []]
[21:41:40] [Server thread/INFO] [STDOUT]: [ejektaflex.bountiful.proxy.CommonProxy:postInit:119]: Pickable [Item: defiledlands:umbrium_ingot, Amount: 1..32, Unit Worth: 100, Weight: 25, Stages: []]
[21:41:40] [Server thread/INFO] [STDOUT]: [ejektaflex.bountiful.proxy.CommonProxy:postInit:119]: Pickable [Item: defiledlands:scarlite, Amount: 1..32, Unit Worth: 400, Weight: 25, Stages: []]
[21:41:40] [Server thread/INFO] [STDOUT]: [ejektaflex.bountiful.proxy.CommonProxy:postInit:119]: Pickable [Item: minecraft:bread, Amount: 1..32, Unit Worth: 10, Weight: 100, Stages: []]
[21:41:40] [Server thread/INFO] [STDOUT]: [ejektaflex.bountiful.proxy.CommonProxy:postInit:119]: Pickable [Item: minecraft:rotten_flesh, Amount: 1..32, Unit Worth: 10, Weight: 50, Stages: []]
[21:41:40] [Server thread/INFO] [STDOUT]: [ejektaflex.bountiful.proxy.CommonProxy:postInit:119]: Pickable [Item: minecraft:sign, Amount: 1..16, Unit Worth: 10, Weight: 50, Stages: []]
[21:41:40] [Server thread/INFO] [STDOUT]: [ejektaflex.bountiful.proxy.CommonProxy:postInit:119]: Pickable [Item: minecraft:dispenser, Amount: 1..1, Unit Worth: 50, Weight: 50, Stages: []]
[21:41:40] [Server thread/INFO] [STDOUT]: [ejektaflex.bountiful.proxy.CommonProxy:postInit:119]: Pickable [Item: minecraft:slime_ball, Amount: 1..32, Unit Worth: 80, Weight: 25, Stages: []]
[21:41:40] [Server thread/INFO] [STDOUT]: [ejektaflex.bountiful.proxy.CommonProxy:postInit:119]: Pickable [Item: minecraft:spider_eye, Amount: 1..16, Unit Worth: 70, Weight: 20, Stages: []]
[21:41:40] [Server thread/INFO] [STDOUT]: [ejektaflex.bountiful.proxy.CommonProxy:postInit:119]: Pickable [Item: minecraft:string, Amount: 1..32, Unit Worth: 10, Weight: 30, Stages: []]
[21:41:40] [Server thread/INFO] [STDOUT]: [ejektaflex.bountiful.proxy.CommonProxy:postInit:119]: Pickable [Item: minecraft:sugar, Amount: 1..32, Unit Worth: 15, Weight: 20, Stages: []]
[21:41:40] [Server thread/INFO] [STDOUT]: [ejektaflex.bountiful.proxy.CommonProxy:postInit:119]: Pickable [Item: minecraft:tripwire_hook, Amount: 1..8, Unit Worth: 75, Weight: 10, Stages: []]
[21:41:40] [Server thread/INFO] [STDOUT]: [ejektaflex.bountiful.proxy.CommonProxy:postInit:119]: Pickable [Item: minecraft:wheat, Amount: 1..64, Unit Worth: 8, Weight: 60, Stages: []]
[21:41:40] [Server thread/INFO] [STDOUT]: [ejektaflex.bountiful.proxy.CommonProxy:postInit:119]: Pickable [Item: minecraft:leather, Amount: 1..32, Unit Worth: 12, Weight: 60, Stages: []]
[21:41:40] [Server thread/INFO] [STDOUT]: [ejektaflex.bountiful.proxy.CommonProxy:postInit:119]: Pickable [Item: minecraft:skull:0, Amount: 1..1, Unit Worth: 2500, Weight: 10, Stages: []]
[21:41:40] [Server thread/INFO] [STDOUT]: [ejektaflex.bountiful.proxy.CommonProxy:postInit:119]: Pickable [Item: minecraft:skull:1, Amount: 1..1, Unit Worth: 2500, Weight: 10, Stages: []]
[21:41:40] [Server thread/INFO] [STDOUT]: [ejektaflex.bountiful.proxy.CommonProxy:postInit:119]: Pickable [Item: minecraft:skull:2, Amount: 1..1, Unit Worth: 2500, Weight: 10, Stages: []]
[21:41:40] [Server thread/INFO] [STDOUT]: [ejektaflex.bountiful.proxy.CommonProxy:postInit:119]: Pickable [Item: minecraft:skull:4, Amount: 1..1, Unit Worth: 2500, Weight: 10, Stages: []]
[21:41:40] [Server thread/INFO] [STDOUT]: [ejektaflex.bountiful.proxy.CommonProxy:postInit:119]: Pickable [Item: entity:minecraft:zombie, Amount: 1..8, Unit Worth: 250, Weight: 40, Stages: []]
[21:41:40] [Server thread/INFO] [STDOUT]: [ejektaflex.bountiful.proxy.CommonProxy:postInit:119]: Pickable [Item: entity:minecraft:skeleton, Amount: 1..8, Unit Worth: 250, Weight: 40, Stages: []]
[21:41:40] [Server thread/INFO] [STDOUT]: [ejektaflex.bountiful.proxy.CommonProxy:postInit:119]: Pickable [Item: entity:minecraft:witch, Amount: 1..1, Unit Worth: 1000, Weight: 15, Stages: []]
[21:41:40] [Server thread/INFO] [STDOUT]: [ejektaflex.bountiful.proxy.CommonProxy:postInit:119]: Pickable [Item: entity:minecraft:blaze, Amount: 1..3, Unit Worth: 500, Weight: 15, Stages: []]
[21:41:40] [Server thread/INFO] [STDOUT]: [ejektaflex.bountiful.proxy.CommonProxy:postInit:119]: Pickable [Item: entity:minecraft:cave_spider, Amount: 1..5, Unit Worth: 200, Weight: 30, Stages: []]
[21:41:40] [Server thread/INFO] [STDOUT]: [ejektaflex.bountiful.proxy.CommonProxy:postInit:119]: Pickable [Item: entity:minecraft:creeper, Amount: 1..3, Unit Worth: 300, Weight: 40, Stages: []]
[21:41:40] [Server thread/INFO] [STDOUT]: [ejektaflex.bountiful.proxy.CommonProxy:postInit:119]: Pickable [Item: entity:minecraft:elder_guardian, Amount: 1..1, Unit Worth: 1500, Weight: 10, Stages: []]
[21:41:40] [Server thread/INFO] [STDOUT]: [ejektaflex.bountiful.proxy.CommonProxy:postInit:119]: Pickable [Item: entity:minecraft:enderman, Amount: 1..3, Unit Worth: 500, Weight: 20, Stages: []]
[21:41:40] [Server thread/INFO] [STDOUT]: [ejektaflex.bountiful.proxy.CommonProxy:postInit:119]: Pickable [Item: entity:minecraft:evocation_illager, Amount: 1..1, Unit Worth: 3000, Weight: 10, Stages: []]
[21:41:40] [Server thread/INFO] [STDOUT]: [ejektaflex.bountiful.proxy.CommonProxy:postInit:119]: Pickable [Item: entity:minecraft:ghast, Amount: 1..3, Unit Worth: 1000, Weight: 10, Stages: []]
[21:41:40] [Server thread/INFO] [STDOUT]: [ejektaflex.bountiful.proxy.CommonProxy:postInit:119]: Pickable [Item: entity:minecraft:guardian, Amount: 1..3, Unit Worth: 400, Weight: 10, Stages: []]
[21:41:40] [Server thread/INFO] [STDOUT]: [ejektaflex.bountiful.proxy.CommonProxy:postInit:119]: Pickable [Item: entity:minecraft:husk, Amount: 1..8, Unit Worth: 250, Weight: 40, Stages: []]
[21:41:40] [Server thread/INFO] [STDOUT]: [ejektaflex.bountiful.proxy.CommonProxy:postInit:119]: Pickable [Item: entity:minecraft:magma_cube, Amount: 1..5, Unit Worth: 200, Weight: 20, Stages: []]
[21:41:40] [Server thread/INFO] [STDOUT]: [ejektaflex.bountiful.proxy.CommonProxy:postInit:119]: Pickable [Item: entity:minecraft:shulker, Amount: 1..5, Unit Worth: 500, Weight: 10, Stages: []]
[21:41:40] [Server thread/INFO] [STDOUT]: [ejektaflex.bountiful.proxy.CommonProxy:postInit:119]: Pickable [Item: entity:minecraft:slime, Amount: 1..5, Unit Worth: 400, Weight: 20, Stages: []]
[21:41:40] [Server thread/INFO] [STDOUT]: [ejektaflex.bountiful.proxy.CommonProxy:postInit:119]: Pickable [Item: entity:minecraft:spider, Amount: 1..8, Unit Worth: 200, Weight: 40, Stages: []]
[21:41:40] [Server thread/INFO] [STDOUT]: [ejektaflex.bountiful.proxy.CommonProxy:postInit:119]: Pickable [Item: entity:minecraft:stray, Amount: 1..8, Unit Worth: 250, Weight: 20, Stages: []]
[21:41:40] [Server thread/INFO] [STDOUT]: [ejektaflex.bountiful.proxy.CommonProxy:postInit:119]: Pickable [Item: entity:minecraft:wither_skeleton, Amount: 1..5, Unit Worth: 400, Weight: 20, Stages: []]
[21:41:40] [Server thread/INFO] [STDOUT]: [ejektaflex.bountiful.proxy.CommonProxy:postInit:119]: Pickable [Item: entity:minecraft:zombie_pigman, Amount: 1..8, Unit Worth: 250, Weight: 20, Stages: []]
[21:41:40] [Server thread/INFO] [STDOUT]: [ejektaflex.bountiful.proxy.CommonProxy:postInit:119]: Pickable [Item: entity:minecraft:vindication_illager, Amount: 1..3, Unit Worth: 500, Weight: 10, Stages: []]
[21:41:40] [Server thread/INFO] [STDOUT]: [ejektaflex.bountiful.proxy.CommonProxy:postInit:119]: Pickable [Item: entity:quark:pirate, Amount: 1..5, Unit Worth: 1000, Weight: 10, Stages: []]
[21:41:40] [Server thread/INFO] [STDOUT]: [ejektaflex.bountiful.proxy.CommonProxy:postInit:119]: Pickable [Item: entity:defiledlands:slime_defiled, Amount: 1..5, Unit Worth: 400, Weight: 10, Stages: []]
[21:41:40] [Server thread/INFO] [STDOUT]: [ejektaflex.bountiful.proxy.CommonProxy:postInit:119]: Pickable [Item: entity:defiledlands:shambler_twisted, Amount: 1..1, Unit Worth: 1000, Weight: 10, Stages: []]
[21:41:40] [Server thread/INFO] [STDOUT]: [ejektaflex.bountiful.proxy.CommonProxy:postInit:119]: Pickable [Item: entity:trumpetskeleton:trumpet_skeleton, Amount: 1..1, Unit Worth: 500, Weight: 10, Stages: []]
[21:41:40] [Server thread/INFO] [STDOUT]: [ejektaflex.bountiful.proxy.CommonProxy:postInit:119]: Pickable [Item: entity:defiledlands:shambler, Amount: 1..1, Unit Worth: 750, Weight: 10, Stages: []]
[21:41:40] [Server thread/INFO] [STDOUT]: [ejektaflex.bountiful.proxy.CommonProxy:postInit:119]: Pickable [Item: entity:defiledlands:scuttler, Amount: 1..5, Unit Worth: 200, Weight: 10, Stages: []]
[21:41:40] [Server thread/INFO] [STDOUT]: [ejektaflex.bountiful.proxy.CommonProxy:postInit:119]: Pickable [Item: entity:defiledlands:the_destroyer, Amount: 1..1, Unit Worth: 1500, Weight: 10, Stages: []]
[21:41:40] [Server thread/INFO] [STDOUT]: [ejektaflex.bountiful.proxy.CommonProxy:postInit:119]: Pickable [Item: entity:defiledlands:the_mourner, Amount: 1..1, Unit Worth: 1500, Weight: 10, Stages: []]
[21:41:40] [Server thread/INFO] [STDOUT]: [ejektaflex.bountiful.proxy.CommonProxy:postInit:119]: Pickable [Item: entity:battletowers:golem, Amount: 1..1, Unit Worth: 3000, Weight: 10, Stages: []]
[21:41:40] [Server thread/INFO] [STDOUT]: [ejektaflex.bountiful.proxy.CommonProxy:postInit:119]: Pickable [Item: entity:lycanitesmobs:abaia, Amount: 1..5, Unit Worth: 250, Weight: 10, Stages: []]
[21:41:40] [Server thread/INFO] [STDOUT]: [ejektaflex.bountiful.proxy.CommonProxy:postInit:119]: Pickable [Item: entity:lycanitesmobs:abtu, Amount: 1..5, Unit Worth: 250, Weight: 10, Stages: []]
[21:41:40] [Server thread/INFO] [STDOUT]: [ejektaflex.bountiful.proxy.CommonProxy:postInit:119]: Pickable [Item: entity:lycanitesmobs:afrit, Amount: 1..5, Unit Worth: 250, Weight: 10, Stages: []]
[21:41:40] [Server thread/INFO] [STDOUT]: [ejektaflex.bountiful.proxy.CommonProxy:postInit:119]: Pickable [Item: entity:lycanitesmobs:aglebemu, Amount: 1..5, Unit Worth: 250, Weight: 10, Stages: []]
[21:41:40] [Server thread/INFO] [STDOUT]: [ejektaflex.bountiful.proxy.CommonProxy:postInit:119]: Pickable [Item: entity:lycanitesmobs:archvile, Amount: 1..3, Unit Worth: 500, Weight: 10, Stages: []]
[21:41:40] [Server thread/INFO] [STDOUT]: [ejektaflex.bountiful.proxy.CommonProxy:postInit:119]: Pickable [Item: entity:lycanitesmobs:argus, Amount: 1..1, Unit Worth: 1000, Weight: 10, Stages: []]
[21:41:40] [Server thread/INFO] [STDOUT]: [ejektaflex.bountiful.proxy.CommonProxy:postInit:119]: Pickable [Item: entity:lycanitesmobs:arix, Amount: 1..5, Unit Worth: 250, Weight: 10, Stages: []]
[21:41:40] [Server thread/INFO] [STDOUT]: [ejektaflex.bountiful.proxy.CommonProxy:postInit:119]: Pickable [Item: entity:lycanitesmobs:astaroth, Amount: 1..2, Unit Worth: 500, Weight: 10, Stages: []]
[21:41:40] [Server thread/INFO] [STDOUT]: [ejektaflex.bountiful.proxy.CommonProxy:postInit:119]: Pickable [Item: entity:lycanitesmobs:banshee, Amount: 1..3, Unit Worth: 300, Weight: 10, Stages: []]
[21:41:40] [Server thread/INFO] [STDOUT]: [ejektaflex.bountiful.proxy.CommonProxy:postInit:119]: Pickable [Item: entity:lycanitesmobs:barghest, Amount: 1..3, Unit Worth: 300, Weight: 10, Stages: []]
[21:41:40] [Server thread/INFO] [STDOUT]: [ejektaflex.bountiful.proxy.CommonProxy:postInit:119]: Pickable [Item: entity:lycanitesmobs:behemoth, Amount: 1..3, Unit Worth: 500, Weight: 10, Stages: []]
[21:41:40] [Server thread/INFO] [STDOUT]: [ejektaflex.bountiful.proxy.CommonProxy:postInit:119]: Pickable [Item: entity:lycanitesmobs:belph, Amount: 1..5, Unit Worth: 250, Weight: 10, Stages: []]
[21:41:40] [Server thread/INFO] [STDOUT]: [ejektaflex.bountiful.proxy.CommonProxy:postInit:119]: Pickable [Item: entity:lycanitesmobs:calpod, Amount: 1..3, Unit Worth: 250, Weight: 10, Stages: []]
[21:41:40] [Server thread/INFO] [STDOUT]: [ejektaflex.bountiful.proxy.CommonProxy:postInit:119]: Pickable [Item: entity:lycanitesmobs:cephignis, Amount: 1..3, Unit Worth: 300, Weight: 10, Stages: []]
[21:41:40] [Server thread/INFO] [STDOUT]: [ejektaflex.bountiful.proxy.CommonProxy:postInit:119]: Pickable [Item: entity:lycanitesmobs:chupacabra, Amount: 1..5, Unit Worth: 250, Weight: 10, Stages: []]
[21:41:40] [Server thread/INFO] [STDOUT]: [ejektaflex.bountiful.proxy.CommonProxy:postInit:119]: Pickable [Item: entity:lycanitesmobs:cinder, Amount: 1..5, Unit Worth: 250, Weight: 10, Stages: []]
[21:41:40] [Server thread/INFO] [STDOUT]: [ejektaflex.bountiful.proxy.CommonProxy:postInit:119]: Pickable [Item: entity:lycanitesmobs:clink, Amount: 1..5, Unit Worth: 250, Weight: 10, Stages: []]
[21:41:40] [Server thread/INFO] [STDOUT]: [ejektaflex.bountiful.proxy.CommonProxy:postInit:119]: Pickable [Item: entity:lycanitesmobs:cockatrice, Amount: 1..1, Unit Worth: 1000, Weight: 10, Stages: []]
[21:41:40] [Server thread/INFO] [STDOUT]: [ejektaflex.bountiful.proxy.CommonProxy:postInit:119]: Pickable [Item: entity:lycanitesmobs:conba, Amount: 1..5, Unit Worth: 250, Weight: 10, Stages: []]
[21:41:40] [Server thread/INFO] [STDOUT]: [ejektaflex.bountiful.proxy.CommonProxy:postInit:119]: Pickable [Item: entity:lycanitesmobs:concapede, Amount: 1..3, Unit Worth: 300, Weight: 10, Stages: []]
[21:41:40] [Server thread/INFO] [STDOUT]: [ejektaflex.bountiful.proxy.CommonProxy:postInit:119]: Pickable [Item: entity:lycanitesmobs:crusk, Amount: 1..1, Unit Worth: 500, Weight: 10, Stages: []]
[21:41:40] [Server thread/INFO] [STDOUT]: [ejektaflex.bountiful.proxy.CommonProxy:postInit:119]: Pickable [Item: entity:lycanitesmobs:cryptkeeper, Amount: 1..3, Unit Worth: 250, Weight: 10, Stages: []]
[21:41:40] [Server thread/INFO] [STDOUT]: [ejektaflex.bountiful.proxy.CommonProxy:postInit:119]: Pickable [Item: entity:lycanitesmobs:lobber, Amount: 1..1, Unit Worth: 500, Weight: 10, Stages: []]
[21:41:40] [Server thread/INFO] [STDOUT]: [ejektaflex.bountiful.proxy.CommonProxy:postInit:119]: Pickable [Item: entity:lycanitesmobs:darkling, Amount: 1..3, Unit Worth: 250, Weight: 10, Stages: []]
[21:41:40] [Server thread/INFO] [STDOUT]: [ejektaflex.bountiful.proxy.CommonProxy:postInit:119]: Pickable [Item: entity:lycanitesmobs:dawon, Amount: 1..3, Unit Worth: 300, Weight: 10, Stages: []]
[21:41:40] [Server thread/INFO] [STDOUT]: [ejektaflex.bountiful.proxy.CommonProxy:postInit:119]: Pickable [Item: entity:lycanitesmobs:strider, Amount: 1..3, Unit Worth: 300, Weight: 10, Stages: []]
[21:41:40] [Server thread/INFO] [STDOUT]: [ejektaflex.bountiful.proxy.CommonProxy:postInit:119]: Pickable [Item: entity:lycanitesmobs:eechetik, Amount: 1..3, Unit Worth: 300, Weight: 10, Stages: []]
[21:41:40] [Server thread/INFO] [STDOUT]: [ejektaflex.bountiful.proxy.CommonProxy:postInit:119]: Pickable [Item: entity:lycanitesmobs:ent, Amount: 1..3, Unit Worth: 250, Weight: 10, Stages: []]
[21:41:40] [Server thread/INFO] [STDOUT]: [ejektaflex.bountiful.proxy.CommonProxy:postInit:119]: Pickable [Item: entity:lycanitesmobs:epion, Amount: 1..3, Unit Worth: 250, Weight: 10, Stages: []]
[21:41:40] [Server thread/INFO] [STDOUT]: [ejektaflex.bountiful.proxy.CommonProxy:postInit:119]: Pickable [Item: entity:lycanitesmobs:erepede, Amount: 1..2, Unit Worth: 300, Weight: 10, Stages: []]
[21:41:40] [Server thread/INFO] [STDOUT]: [ejektaflex.bountiful.proxy.CommonProxy:postInit:119]: Pickable [Item: entity:lycanitesmobs:ettin, Amount: 1..2, Unit Worth: 400, Weight: 10, Stages: []]
[21:41:40] [Server thread/INFO] [STDOUT]: [ejektaflex.bountiful.proxy.CommonProxy:postInit:119]: Pickable [Item: entity:lycanitesmobs:eyewig, Amount: 1..3, Unit Worth: 250, Weight: 10, Stages: []]
[21:41:40] [Server thread/INFO] [STDOUT]: [ejektaflex.bountiful.proxy.CommonProxy:postInit:119]: Pickable [Item: entity:lycanitesmobs:feradon, Amount: 1..3, Unit Worth: 300, Weight: 10, Stages: []]
[21:41:40] [Server thread/INFO] [STDOUT]: [ejektaflex.bountiful.proxy.CommonProxy:postInit:119]: Pickable [Item: entity:lycanitesmobs:frostweaver, Amount: 1..5, Unit Worth: 250, Weight: 10, Stages: []]
[21:41:40] [Server thread/INFO] [STDOUT]: [ejektaflex.bountiful.proxy.CommonProxy:postInit:119]: Pickable [Item: entity:lycanitesmobs:geist, Amount: 1..2, Unit Worth: 300, Weight: 10, Stages: []]
[21:41:40] [Server thread/INFO] [STDOUT]: [ejektaflex.bountiful.proxy.CommonProxy:postInit:119]: Pickable [Item: entity:lycanitesmobs:geken, Amount: 1..3, Unit Worth: 250, Weight: 10, Stages: []]
[21:41:40] [Server thread/INFO] [STDOUT]: [ejektaflex.bountiful.proxy.CommonProxy:postInit:119]: Pickable [Item: entity:lycanitesmobs:geonach, Amount: 1..3, Unit Worth: 250, Weight: 10, Stages: []]
[21:41:40] [Server thread/INFO] [STDOUT]: [ejektaflex.bountiful.proxy.CommonProxy:postInit:119]: Pickable [Item: entity:lycanitesmobs:ghoul, Amount: 1..3, Unit Worth: 250, Weight: 10, Stages: []]
[21:41:40] [Server thread/INFO] [STDOUT]: [ejektaflex.bountiful.proxy.CommonProxy:postInit:119]: Pickable [Item: entity:lycanitesmobs:gnekk, Amount: 1..3, Unit Worth: 250, Weight: 10, Stages: []]
[21:41:40] [Server thread/INFO] [STDOUT]: [ejektaflex.bountiful.proxy.CommonProxy:postInit:119]: Pickable [Item: entity:lycanitesmobs:gorgomite, Amount: 1..3, Unit Worth: 250, Weight: 10, Stages: []]
[21:41:40] [Server thread/INFO] [STDOUT]: [ejektaflex.bountiful.proxy.CommonProxy:postInit:119]: Pickable [Item: entity:lycanitesmobs:grell, Amount: 1..1, Unit Worth: 500, Weight: 10, Stages: []]
[21:41:40] [Server thread/INFO] [STDOUT]: [ejektaflex.bountiful.proxy.CommonProxy:postInit:119]: Pickable [Item: entity:lycanitesmobs:grigori, Amount: 1..5, Unit Worth: 250, Weight: 10, Stages: []]
[21:41:40] [Server thread/INFO] [STDOUT]: [ejektaflex.bountiful.proxy.CommonProxy:postInit:119]: Pickable [Item: entity:lycanitesmobs:grue, Amount: 1..3, Unit Worth: 250, Weight: 10, Stages: []]
[21:41:40] [Server thread/INFO] [STDOUT]: [ejektaflex.bountiful.proxy.CommonProxy:postInit:119]: Pickable [Item: entity:lycanitesmobs:herma, Amount: 1..3, Unit Worth: 250, Weight: 10, Stages: []]
[21:41:40] [Server thread/INFO] [STDOUT]: [ejektaflex.bountiful.proxy.CommonProxy:postInit:119]: Pickable [Item: entity:lycanitesmobs:ignibus, Amount: 1..1, Unit Worth: 1000, Weight: 10, Stages: []]
[21:41:40] [Server thread/INFO] [STDOUT]: [ejektaflex.bountiful.proxy.CommonProxy:postInit:119]: Pickable [Item: entity:lycanitesmobs:ioray, Amount: 1..3, Unit Worth: 250, Weight: 10, Stages: []]
[21:41:40] [Server thread/INFO] [STDOUT]: [ejektaflex.bountiful.proxy.CommonProxy:postInit:119]: Pickable [Item: entity:lycanitesmobs:jabberwock, Amount: 1..3, Unit Worth: 250, Weight: 10, Stages: []]
[21:41:40] [Server thread/INFO] [STDOUT]: [ejektaflex.bountiful.proxy.CommonProxy:postInit:119]: Pickable [Item: entity:lycanitesmobs:jengu, Amount: 1..5, Unit Worth: 250, Weight: 10, Stages: []]
[21:41:40] [Server thread/INFO] [STDOUT]: [ejektaflex.bountiful.proxy.CommonProxy:postInit:119]: Pickable [Item: entity:lycanitesmobs:joustalpha, Amount: 1..5, Unit Worth: 250, Weight: 10, Stages: []]
[21:41:40] [Server thread/INFO] [STDOUT]: [ejektaflex.bountiful.proxy.CommonProxy:postInit:119]: Pickable [Item: entity:lycanitesmobs:pinky, Amount: 1..3, Unit Worth: 500, Weight: 10, Stages: []]
[21:41:40] [Server thread/INFO] [STDOUT]: [ejektaflex.bountiful.proxy.CommonProxy:postInit:119]: Pickable [Item: entity:lycanitesmobs:khalk, Amount: 1..1, Unit Worth: 1000, Weight: 10, Stages: []]
[21:41:40] [Server thread/INFO] [STDOUT]: [ejektaflex.bountiful.proxy.CommonProxy:postInit:119]: Pickable [Item: entity:lycanitesmobs:lacedon, Amount: 1..3, Unit Worth: 250, Weight: 10, Stages: []]
[21:41:40] [Server thread/INFO] [STDOUT]: [ejektaflex.bountiful.proxy.CommonProxy:postInit:119]: Pickable [Item: entity:lycanitesmobs:tarantula, Amount: 1..3, Unit Worth: 300, Weight: 10, Stages: []]
[21:41:40] [Server thread/INFO] [STDOUT]: [ejektaflex.bountiful.proxy.CommonProxy:postInit:119]: Pickable [Item: entity:lycanitesmobs:cacodemon, Amount: 1..5, Unit Worth: 400, Weight: 10, Stages: []]
[21:41:40] [Server thread/INFO] [STDOUT]: [ejektaflex.bountiful.proxy.CommonProxy:postInit:119]: Pickable [Item: entity:lycanitesmobs:balayang, Amount: 1..5, Unit Worth: 250, Weight: 10, Stages: []]
[21:41:40] [Server thread/INFO] [STDOUT]: [ejektaflex.bountiful.proxy.CommonProxy:postInit:119]: Pickable [Item: entity:lycanitesmobs:maug, Amount: 1..3, Unit Worth: 250, Weight: 10, Stages: []]
[21:41:40] [Server thread/INFO] [STDOUT]: [ejektaflex.bountiful.proxy.CommonProxy:postInit:119]: Pickable [Item: entity:lycanitesmobs:morock, Amount: 1..2, Unit Worth: 750, Weight: 10, Stages: []]
[21:41:40] [Server thread/INFO] [STDOUT]: [ejektaflex.bountiful.proxy.CommonProxy:postInit:119]: Pickable [Item: entity:lycanitesmobs:beholder, Amount: 1..2, Unit Worth: 400, Weight: 10, Stages: []]
[21:41:40] [Server thread/INFO] [STDOUT]: [ejektaflex.bountiful.proxy.CommonProxy:postInit:119]: Pickable [Item: entity:lycanitesmobs:lurker, Amount: 1..3, Unit Worth: 250, Weight: 10, Stages: []]
[21:41:40] [Server thread/INFO] [STDOUT]: [ejektaflex.bountiful.proxy.CommonProxy:postInit:119]: Pickable [Item: entity:lycanitesmobs:pixen, Amount: 1..3, Unit Worth: 200, Weight: 10, Stages: []]
[21:41:40] [Server thread/INFO] [STDOUT]: [ejektaflex.bountiful.proxy.CommonProxy:postInit:119]: Pickable [Item: entity:lycanitesmobs:quetzodracl, Amount: 1..2, Unit Worth: 750, Weight: 10, Stages: []]
[21:41:40] [Server thread/INFO] [STDOUT]: [ejektaflex.bountiful.proxy.CommonProxy:postInit:119]: Pickable [Item: entity:lycanitesmobs:raiko, Amount: 1..3, Unit Worth: 250, Weight: 10, Stages: []]
[21:41:40] [Server thread/INFO] [STDOUT]: [ejektaflex.bountiful.proxy.CommonProxy:postInit:119]: Pickable [Item: entity:lycanitesmobs:reaper, Amount: 1..3, Unit Worth: 250, Weight: 10, Stages: []]
[21:41:40] [Server thread/INFO] [STDOUT]: [ejektaflex.bountiful.proxy.CommonProxy:postInit:119]: Pickable [Item: entity:lycanitesmobs:reiver, Amount: 1..5, Unit Worth: 250, Weight: 10, Stages: []]
[21:41:40] [Server thread/INFO] [STDOUT]: [ejektaflex.bountiful.proxy.CommonProxy:postInit:119]: Pickable [Item: entity:lycanitesmobs:remobra, Amount: 1..5, Unit Worth: 250, Weight: 10, Stages: []]
[21:41:40] [Server thread/INFO] [STDOUT]: [ejektaflex.bountiful.proxy.CommonProxy:postInit:119]: Pickable [Item: entity:lycanitesmobs:roa, Amount: 1..2, Unit Worth: 500, Weight: 10, Stages: []]
[21:41:40] [Server thread/INFO] [STDOUT]: [ejektaflex.bountiful.proxy.CommonProxy:postInit:119]: Pickable [Item: entity:lycanitesmobs:roc, Amount: 1..3, Unit Worth: 250, Weight: 10, Stages: []]
[21:41:40] [Server thread/INFO] [STDOUT]: [ejektaflex.bountiful.proxy.CommonProxy:postInit:119]: Pickable [Item: entity:lycanitesmobs:zephyr, Amount: 1..3, Unit Worth: 300, Weight: 10, Stages: []]
[21:41:40] [Server thread/INFO] [STDOUT]: [ejektaflex.bountiful.proxy.CommonProxy:postInit:119]: Pickable [Item: entity:lycanitesmobs:salamander, Amount: 1..3, Unit Worth: 300, Weight: 10, Stages: []]
[21:41:40] [Server thread/INFO] [STDOUT]: [ejektaflex.bountiful.proxy.CommonProxy:postInit:119]: Pickable [Item: entity:lycanitesmobs:serpix, Amount: 1..1, Unit Worth: 500, Weight: 10, Stages: []]
[21:41:40] [Server thread/INFO] [STDOUT]: [ejektaflex.bountiful.proxy.CommonProxy:postInit:119]: Pickable [Item: entity:lycanitesmobs:shade, Amount: 1..2, Unit Worth: 300, Weight: 10, Stages: []]
[21:41:40] [Server thread/INFO] [STDOUT]: [ejektaflex.bountiful.proxy.CommonProxy:postInit:119]: Pickable [Item: entity:lycanitesmobs:shambler, Amount: 1..3, Unit Worth: 250, Weight: 10, Stages: []]
[21:41:40] [Server thread/INFO] [STDOUT]: [ejektaflex.bountiful.proxy.CommonProxy:postInit:119]: Pickable [Item: entity:lycanitesmobs:skylus, Amount: 1..3, Unit Worth: 250, Weight: 10, Stages: []]
[21:41:40] [Server thread/INFO] [STDOUT]: [ejektaflex.bountiful.proxy.CommonProxy:postInit:119]: Pickable [Item: entity:lycanitesmobs:spectre, Amount: 1..3, Unit Worth: 300, Weight: 10, Stages: []]
[21:41:40] [Server thread/INFO] [STDOUT]: [ejektaflex.bountiful.proxy.CommonProxy:postInit:119]: Pickable [Item: entity:lycanitesmobs:spriggan, Amount: 1..3, Unit Worth: 250, Weight: 10, Stages: []]
[21:41:40] [Server thread/INFO] [STDOUT]: [ejektaflex.bountiful.proxy.CommonProxy:postInit:119]: Pickable [Item: entity:lycanitesmobs:sutiramu, Amount: 1..3, Unit Worth: 300, Weight: 10, Stages: []]
[21:41:40] [Server thread/INFO] [STDOUT]: [ejektaflex.bountiful.proxy.CommonProxy:postInit:119]: Pickable [Item: entity:lycanitesmobs:sylph, Amount: 1..3, Unit Worth: 250, Weight: 10, Stages: []]
[21:41:40] [Server thread/INFO] [STDOUT]: [ejektaflex.bountiful.proxy.CommonProxy:postInit:119]: Pickable [Item: entity:lycanitesmobs:thresher, Amount: 1..1, Unit Worth: 1000, Weight: 10, Stages: []]
[21:41:40] [Server thread/INFO] [STDOUT]: [ejektaflex.bountiful.proxy.CommonProxy:postInit:119]: Pickable [Item: entity:lycanitesmobs:treant, Amount: 1..1, Unit Worth: 1500, Weight: 10, Stages: []]
[21:41:40] [Server thread/INFO] [STDOUT]: [ejektaflex.bountiful.proxy.CommonProxy:postInit:119]: Pickable [Item: entity:lycanitesmobs:tremor, Amount: 1..3, Unit Worth: 250, Weight: 10, Stages: []]
[21:41:40] [Server thread/INFO] [STDOUT]: [ejektaflex.bountiful.proxy.CommonProxy:postInit:119]: Pickable [Item: entity:lycanitesmobs:triffid, Amount: 1..2, Unit Worth: 400, Weight: 10, Stages: []]
[21:41:40] [Server thread/INFO] [STDOUT]: [ejektaflex.bountiful.proxy.CommonProxy:postInit:119]: Pickable [Item: entity:lycanitesmobs:trite, Amount: 1..5, Unit Worth: 250, Weight: 10, Stages: []]
[21:41:40] [Server thread/INFO] [STDOUT]: [ejektaflex.bountiful.proxy.CommonProxy:postInit:119]: Pickable [Item: entity:lycanitesmobs:troll, Amount: 1..3, Unit Worth: 300, Weight: 10, Stages: []]
[21:41:40] [Server thread/INFO] [STDOUT]: [ejektaflex.bountiful.proxy.CommonProxy:postInit:119]: Pickable [Item: entity:lycanitesmobs:uvaraptor, Amount: 1..3, Unit Worth: 300, Weight: 10, Stages: []]
[21:41:40] [Server thread/INFO] [STDOUT]: [ejektaflex.bountiful.proxy.CommonProxy:postInit:119]: Pickable [Item: entity:lycanitesmobs:gorger, Amount: 1..1, Unit Worth: 500, Weight: 10, Stages: []]
[21:41:40] [Server thread/INFO] [STDOUT]: [ejektaflex.bountiful.proxy.CommonProxy:postInit:119]: Pickable [Item: entity:lycanitesmobs:vapula, Amount: 1..1, Unit Worth: 400, Weight: 10, Stages: []]
[21:41:40] [Server thread/INFO] [STDOUT]: [ejektaflex.bountiful.proxy.CommonProxy:postInit:119]: Pickable [Item: entity:lycanitesmobs:ventoraptor, Amount: 1..3, Unit Worth: 300, Weight: 10, Stages: []]
[21:41:40] [Server thread/INFO] [STDOUT]: [ejektaflex.bountiful.proxy.CommonProxy:postInit:119]: Pickable [Item: entity:lycanitesmobs:vespid, Amount: 1..5, Unit Worth: 250, Weight: 10, Stages: []]
[21:41:40] [Server thread/INFO] [STDOUT]: [ejektaflex.bountiful.proxy.CommonProxy:postInit:119]: Pickable [Item: entity:lycanitesmobs:vespidqueen, Amount: 1..1, Unit Worth: 500, Weight: 10, Stages: []]
[21:41:40] [Server thread/INFO] [STDOUT]: [ejektaflex.bountiful.proxy.CommonProxy:postInit:119]: Pickable [Item: entity:lycanitesmobs:volcan, Amount: 1..1, Unit Worth: 400, Weight: 10, Stages: []]
[21:41:40] [Server thread/INFO] [STDOUT]: [ejektaflex.bountiful.proxy.CommonProxy:postInit:119]: Pickable [Item: entity:lycanitesmobs:vorach, Amount: 1..1, Unit Worth: 800, Weight: 10, Stages: []]
[21:41:40] [Server thread/INFO] [STDOUT]: [ejektaflex.bountiful.proxy.CommonProxy:postInit:119]: Pickable [Item: entity:lycanitesmobs:warg, Amount: 1..3, Unit Worth: 300, Weight: 10, Stages: []]
[21:41:40] [Server thread/INFO] [STDOUT]: [ejektaflex.bountiful.proxy.CommonProxy:postInit:119]: Pickable [Item: entity:lycanitesmobs:wendigo, Amount: 1..1, Unit Worth: 300, Weight: 10, Stages: []]
[21:41:40] [Server thread/INFO] [STDOUT]: [ejektaflex.bountiful.proxy.CommonProxy:postInit:119]: Pickable [Item: entity:lycanitesmobs:wildkin, Amount: 1..3, Unit Worth: 250, Weight: 10, Stages: []]
[21:41:40] [Server thread/INFO] [STDOUT]: [ejektaflex.bountiful.proxy.CommonProxy:postInit:119]: Pickable [Item: entity:lycanitesmobs:wraamon, Amount: 1..5, Unit Worth: 200, Weight: 10, Stages: []]
[21:41:40] [Server thread/INFO] [STDOUT]: [ejektaflex.bountiful.proxy.CommonProxy:postInit:119]: Pickable [Item: entity:lycanitesmobs:wraith, Amount: 1..5, Unit Worth: 250, Weight: 10, Stages: []]
[21:41:40] [Server thread/INFO] [STDOUT]: [ejektaflex.bountiful.proxy.CommonProxy:postInit:119]: Pickable [Item: entity:lycanitesmobs:xaphan, Amount: 1..5, Unit Worth: 200, Weight: 10, Stages: []]
[21:41:40] [Server thread/INFO] [STDOUT]: [ejektaflex.bountiful.proxy.CommonProxy:postInit:119]: Pickable [Item: entity:lycanitesmobs:zoataur, Amount: 1..1, Unit Worth: 500, Weight: 10, Stages: []]
[21:41:40] [Server thread/INFO] [STDOUT]: [ejektaflex.bountiful.proxy.CommonProxy:postInit:119]: Pickable [Item: entity:lycanitesmobs:djinn, Amount: 1..5, Unit Worth: 250, Weight: 10, Stages: []]
[21:41:40] [Server thread/INFO] [STDOUT]: [ejektaflex.bountiful.proxy.CommonProxy:postInit:119]: Pickable [Item: entity:iceandfire:firedragon, Amount: 1..1, Unit Worth: 2000, Weight: 10, Stages: []]
[21:41:40] [Server thread/INFO] [STDOUT]: [ejektaflex.bountiful.proxy.CommonProxy:postInit:119]: Pickable [Item: entity:iceandfire:icedragon, Amount: 1..1, Unit Worth: 3000, Weight: 10, Stages: []]
[21:41:40] [Server thread/INFO] [STDOUT]: [ejektaflex.bountiful.proxy.CommonProxy:postInit:119]: Pickable [Item: entity:iceandfire:lightningdragon, Amount: 1..1, Unit Worth: 4000, Weight: 5, Stages: []]
[21:41:40] [Server thread/INFO] [STDOUT]: [ejektaflex.bountiful.proxy.CommonProxy:postInit:119]: Pickable [Item: entity:iceandfire:seaserpent, Amount: 1..1, Unit Worth: 2000, Weight: 10, Stages: []]
[21:41:40] [Server thread/INFO] [STDOUT]: [ejektaflex.bountiful.proxy.CommonProxy:postInit:119]: Pickable [Item: entity:iceandfire:if_cockatrice, Amount: 1..5, Unit Worth: 300, Weight: 10, Stages: []]
[21:41:40] [Server thread/INFO] [STDOUT]: [ejektaflex.bountiful.proxy.CommonProxy:postInit:119]: Pickable [Item: entity:iceandfire:if_troll, Amount: 1..3, Unit Worth: 400, Weight: 10, Stages: []]
[21:41:40] [Server thread/INFO] [STDOUT]: [ejektaflex.bountiful.proxy.CommonProxy:postInit:119]: Pickable [Item: entity:iceandfire:myrmex_queen, Amount: 1..1, Unit Worth: 1500, Weight: 10, Stages: []]
[21:41:40] [Server thread/INFO] [STDOUT]: [ejektaflex.bountiful.proxy.CommonProxy:postInit:119]: Pickable [Item: entity:iceandfire:myrmex_royal, Amount: 1..5, Unit Worth: 250, Weight: 10, Stages: []]
[21:41:40] [Server thread/INFO] [STDOUT]: [ejektaflex.bountiful.proxy.CommonProxy:postInit:119]: Pickable [Item: entity:iceandfire:myrmex_sentinel, Amount: 1..5, Unit Worth: 250, Weight: 10, Stages: []]
[21:41:40] [Server thread/INFO] [STDOUT]: [ejektaflex.bountiful.proxy.CommonProxy:postInit:119]: Pickable [Item: entity:iceandfire:myrmex_worker, Amount: 1..5, Unit Worth: 250, Weight: 10, Stages: []]
[21:41:40] [Server thread/INFO] [STDOUT]: [ejektaflex.bountiful.proxy.CommonProxy:postInit:119]: Pickable [Item: entity:iceandfire:myrmex_soldier, Amount: 1..5, Unit Worth: 250, Weight: 10, Stages: []]
[21:41:40] [Server thread/INFO] [STDOUT]: [ejektaflex.bountiful.proxy.CommonProxy:postInit:119]: Pickable [Item: entity:iceandfire:cyclops, Amount: 1..1, Unit Worth: 1000, Weight: 10, Stages: []]
[21:41:40] [Server thread/INFO] [STDOUT]: [ejektaflex.bountiful.proxy.CommonProxy:postInit:119]: Pickable [Item: entity:iceandfire:deathworm, Amount: 1..5, Unit Worth: 250, Weight: 10, Stages: []]
[21:41:40] [Server thread/INFO] [STDOUT]: [ejektaflex.bountiful.proxy.CommonProxy:postInit:119]: Pickable [Item: entity:iceandfire:gorgon, Amount: 1..1, Unit Worth: 1000, Weight: 10, Stages: []]
[21:41:40] [Server thread/INFO] [STDOUT]: [ejektaflex.bountiful.proxy.CommonProxy:postInit:119]: Pickable [Item: entity:iceandfire:siren, Amount: 1..5, Unit Worth: 200, Weight: 10, Stages: []]
[21:41:40] [Server thread/INFO] [STDOUT]: [ejektaflex.bountiful.proxy.CommonProxy:postInit:119]: Pickable [Item: entity:iceandfire:stymphalianbird, Amount: 1..5, Unit Worth: 250, Weight: 10, Stages: []]
[21:41:40] [Server thread/INFO] [STDOUT]: [ejektaflex.bountiful.proxy.CommonProxy:postInit:119]: Pickable [Item: entity:iceandfire:icedragon, Amount: 1..1, Unit Worth: 3000, Weight: 5, Stages: []]
[21:41:40] [Server thread/INFO] [STDOUT]: [ejektaflex.bountiful.proxy.CommonProxy:postInit:119]: Pickable [Item: entity:srparasites:rupter, Amount: 10..30, Unit Worth: 50, Weight: 15, Stages: []]
[21:41:40] [Server thread/INFO] [STDOUT]: [ejektaflex.bountiful.proxy.CommonProxy:postInit:119]: Pickable [Item: entity:srparasites:mangler, Amount: 5..10, Unit Worth: 80, Weight: 10, Stages: []]
[21:41:40] [Server thread/INFO] [STDOUT]: [ejektaflex.bountiful.proxy.CommonProxy:postInit:119]: Pickable [Item: entity:srparasites:carrier_flying, Amount: 1..1, Unit Worth: 100, Weight: 5, Stages: []]
[21:41:40] [Server thread/INFO] [STDOUT]: [ejektaflex.bountiful.proxy.CommonProxy:postInit:119]: Pickable [Item: entity:srparasites:sim_enderman, Amount: 1..1, Unit Worth: 700, Weight: 5, Stages: []]
[21:41:40] [Server thread/INFO] [STDOUT]: [ejektaflex.bountiful.proxy.CommonProxy:postInit:119]: Pickable [Item: entity:srparasites:sim_horse, Amount: 1..3, Unit Worth: 175, Weight: 10, Stages: []]
[21:41:40] [Server thread/INFO] [STDOUT]: [ejektaflex.bountiful.proxy.CommonProxy:postInit:119]: Pickable [Item: entity:srparasites:sim_bear, Amount: 1..3, Unit Worth: 200, Weight: 15, Stages: []]
[21:41:40] [Server thread/INFO] [STDOUT]: [ejektaflex.bountiful.proxy.CommonProxy:postInit:119]: Pickable [Item: entity:srparasites:sim_pig, Amount: 1..3, Unit Worth: 100, Weight: 10, Stages: []]
[21:41:40] [Server thread/INFO] [STDOUT]: [ejektaflex.bountiful.proxy.CommonProxy:postInit:119]: Pickable [Item: entity:srparasites:sim_cow, Amount: 1..3, Unit Worth: 100, Weight: 10, Stages: []]
[21:41:40] [Server thread/INFO] [STDOUT]: [ejektaflex.bountiful.proxy.CommonProxy:postInit:119]: Pickable [Item: entity:srparasites:sim_sheep, Amount: 1..3, Unit Worth: 100, Weight: 10, Stages: []]
[21:41:40] [Server thread/INFO] [STDOUT]: [ejektaflex.bountiful.proxy.CommonProxy:postInit:119]: Pickable [Item: entity:srparasites:sim_wolf, Amount: 1..3, Unit Worth: 100, Weight: 10, Stages: []]
[21:41:40] [Server thread/INFO] [STDOUT]: [ejektaflex.bountiful.proxy.CommonProxy:postInit:119]: Pickable [Item: entity:srparasites:sim_villager, Amount: 5..10, Unit Worth: 100, Weight: 10, Stages: []]
[21:41:40] [Server thread/INFO] [STDOUT]: [ejektaflex.bountiful.proxy.CommonProxy:postInit:119]: Pickable [Item: entity:srparasites:sim_human, Amount: 5..10, Unit Worth: 80, Weight: 10, Stages: []]
[21:41:40] [Server thread/INFO] [STDOUT]: [ejektaflex.bountiful.proxy.CommonProxy:postInit:119]: Pickable [Item: entity:srparasites:sim_adventurer, Amount: 5..10, Unit Worth: 70, Weight: 10, Stages: []]
[21:41:40] [Server thread/INFO] [STDOUT]: [ejektaflex.bountiful.proxy.CommonProxy:postInit:119]: Pickable [Item: entity:srparasites:sim_dragone, Amount: 1..1, Unit Worth: 7000, Weight: 5, Stages: []]
[21:41:40] [Server thread/INFO] [STDOUT]: [ejektaflex.bountiful.proxy.CommonProxy:postInit:119]: Pickable [Item: entity:srparasites:sim_bigspider, Amount: 1..1, Unit Worth: 500, Weight: 5, Stages: []]
[21:41:40] [Server thread/INFO] [STDOUT]: [ejektaflex.bountiful.proxy.CommonProxy:postInit:119]: Pickable [Item: entity:srparasites:fer_enderman, Amount: 1..1, Unit Worth: 1000, Weight: 5, Stages: []]
[21:41:40] [Server thread/INFO] [STDOUT]: [ejektaflex.bountiful.proxy.CommonProxy:postInit:119]: Pickable [Item: entity:srparasites:fer_horse, Amount: 1..3, Unit Worth: 350, Weight: 7, Stages: []]
[21:41:40] [Server thread/INFO] [STDOUT]: [ejektaflex.bountiful.proxy.CommonProxy:postInit:119]: Pickable [Item: entity:srparasites:fer_bear, Amount: 1..3, Unit Worth: 300, Weight: 7, Stages: []]
[21:41:40] [Server thread/INFO] [STDOUT]: [ejektaflex.bountiful.proxy.CommonProxy:postInit:119]: Pickable [Item: entity:srparasites:fer_pig, Amount: 1..3, Unit Worth: 200, Weight: 7, Stages: []]
[21:41:40] [Server thread/INFO] [STDOUT]: [ejektaflex.bountiful.proxy.CommonProxy:postInit:119]: Pickable [Item: entity:srparasites:fer_cow, Amount: 1..3, Unit Worth: 200, Weight: 7, Stages: []]
[21:41:40] [Server thread/INFO] [STDOUT]: [ejektaflex.bountiful.proxy.CommonProxy:postInit:119]: Pickable [Item: entity:srparasites:fer_sheep, Amount: 1..3, Unit Worth: 200, Weight: 7, Stages: []]
[21:41:40] [Server thread/INFO] [STDOUT]: [ejektaflex.bountiful.proxy.CommonProxy:postInit:119]: Pickable [Item: entity:srparasites:fer_villager, Amount: 5..10, Unit Worth: 160, Weight: 7, Stages: []]
[21:41:40] [Server thread/INFO] [STDOUT]: [ejektaflex.bountiful.proxy.CommonProxy:postInit:119]: Pickable [Item: entity:srparasites:fer_human, Amount: 5..10, Unit Worth: 160, Weight: 7, Stages: []]
[21:41:40] [Server thread/INFO] [STDOUT]: [ejektaflex.bountiful.proxy.CommonProxy:postInit:119]: Pickable [Item: entity:srparasites:crux, Amount: 1..1, Unit Worth: 1000, Weight: 5, Stages: []]
[21:41:40] [Server thread/INFO] [STDOUT]: [ejektaflex.bountiful.proxy.CommonProxy:postInit:119]: Pickable [Item: entity:srparasites:host, Amount: 1..1, Unit Worth: 500, Weight: 10, Stages: []]
[21:41:40] [Server thread/INFO] [STDOUT]: [ejektaflex.bountiful.proxy.CommonProxy:postInit:119]: Pickable [Item: entity:srparasites:heed, Amount: 1..1, Unit Worth: 650, Weight: 5, Stages: []]
[21:41:40] [Server thread/INFO] [STDOUT]: [ejektaflex.bountiful.proxy.CommonProxy:postInit:119]: Pickable [Item: entity:srparasites:thrall, Amount: 1..1, Unit Worth: 650, Weight: 5, Stages: []]
[21:41:40] [Server thread/INFO] [STDOUT]: [ejektaflex.bountiful.proxy.CommonProxy:postInit:119]: Pickable [Item: entity:srparasites:hostii, Amount: 1..1, Unit Worth: 800, Weight: 10, Stages: []]
[21:41:40] [Server thread/INFO] [STDOUT]: [ejektaflex.bountiful.proxy.CommonProxy:postInit:119]: Pickable [Item: entity:srparasites:pri_reeker, Amount: 1..1, Unit Worth: 500, Weight: 10, Stages: []]
[21:41:40] [Server thread/INFO] [STDOUT]: [ejektaflex.bountiful.proxy.CommonProxy:postInit:119]: Pickable [Item: entity:srparasites:pri_tozoon, Amount: 1..1, Unit Worth: 700, Weight: 10, Stages: []]
[21:41:40] [Server thread/INFO] [STDOUT]: [ejektaflex.bountiful.proxy.CommonProxy:postInit:119]: Pickable [Item: entity:srparasites:pri_longarms, Amount: 1..1, Unit Worth: 600, Weight: 10, Stages: []]
[21:41:40] [Server thread/INFO] [STDOUT]: [ejektaflex.bountiful.proxy.CommonProxy:postInit:119]: Pickable [Item: entity:srparasites:pri_arachnida, Amount: 1..1, Unit Worth: 550, Weight: 10, Stages: []]
[21:41:40] [Server thread/INFO] [STDOUT]: [ejektaflex.bountiful.proxy.CommonProxy:postInit:119]: Pickable [Item: entity:srparasites:pri_vermin, Amount: 1..1, Unit Worth: 750, Weight: 6, Stages: []]
[21:41:40] [Server thread/INFO] [STDOUT]: [ejektaflex.bountiful.proxy.CommonProxy:postInit:119]: Pickable [Item: entity:srparasites:pri_manducater, Amount: 1..1, Unit Worth: 400, Weight: 7, Stages: []]
[21:41:40] [Server thread/INFO] [STDOUT]: [ejektaflex.bountiful.proxy.CommonProxy:postInit:119]: Pickable [Item: entity:srparasites:pri_summoner, Amount: 1..1, Unit Worth: 500, Weight: 7, Stages: []]
[21:41:40] [Server thread/INFO] [STDOUT]: [ejektaflex.bountiful.proxy.CommonProxy:postInit:119]: Pickable [Item: entity:srparasites:pri_yelloweye, Amount: 1..1, Unit Worth: 500, Weight: 10, Stages: []]
[21:41:40] [Server thread/INFO] [STDOUT]: [ejektaflex.bountiful.proxy.CommonProxy:postInit:119]: Pickable [Item: entity:srparasites:pri_bolster, Amount: 1..1, Unit Worth: 400, Weight: 10, Stages: []]
[21:41:40] [Server thread/INFO] [STDOUT]: [ejektaflex.bountiful.proxy.CommonProxy:postInit:119]: Pickable [Item: entity:srparasites:ada_bolster, Amount: 1..1, Unit Worth: 1250, Weight: 5, Stages: []]
[21:41:40] [Server thread/INFO] [STDOUT]: [ejektaflex.bountiful.proxy.CommonProxy:postInit:119]: Pickable [Item: entity:srparasites:ada_manducater, Amount: 1..1, Unit Worth: 1250, Weight: 5, Stages: []]
[21:41:40] [Server thread/INFO] [STDOUT]: [ejektaflex.bountiful.proxy.CommonProxy:postInit:119]: Pickable [Item: entity:srparasites:ada_arachnida, Amount: 1..1, Unit Worth: 1250, Weight: 5, Stages: []]
[21:41:40] [Server thread/INFO] [STDOUT]: [ejektaflex.bountiful.proxy.CommonProxy:postInit:119]: Pickable [Item: entity:srparasites:ada_summoner, Amount: 1..1, Unit Worth: 1250, Weight: 5, Stages: []]
[21:41:40] [Server thread/INFO] [STDOUT]: [ejektaflex.bountiful.proxy.CommonProxy:postInit:119]: Pickable [Item: entity:srparasites:ada_longarms, Amount: 1..1, Unit Worth: 1250, Weight: 5, Stages: []]
[21:41:40] [Server thread/INFO] [STDOUT]: [ejektaflex.bountiful.proxy.CommonProxy:postInit:119]: Pickable [Item: entity:srparasites:ada_yelloweye, Amount: 1..1, Unit Worth: 1000, Weight: 5, Stages: []]
[21:41:40] [Server thread/INFO] [STDOUT]: [ejektaflex.bountiful.proxy.CommonProxy:postInit:119]: Pickable [Item: entity:srparasites:ada_reeker, Amount: 1..1, Unit Worth: 1250, Weight: 5, Stages: []]
[21:41:40] [Server thread/INFO] [STDOUT]: [ejektaflex.bountiful.proxy.CommonProxy:postInit:119]: Pickable [Item: entity:srparasites:beckon_si, Amount: 1..1, Unit Worth: 500, Weight: 5, Stages: []]
[21:41:40] [Server thread/INFO] [STDOUT]: [ejektaflex.bountiful.proxy.CommonProxy:postInit:119]: Pickable [Item: entity:srparasites:beckon_sii, Amount: 1..1, Unit Worth: 750, Weight: 5, Stages: []]
[21:41:40] [Server thread/INFO] [STDOUT]: [ejektaflex.bountiful.proxy.CommonProxy:postInit:119]: Pickable [Item: entity:srparasites:beckon_siii, Amount: 1..1, Unit Worth: 2000, Weight: 5, Stages: []]
[21:41:40] [Server thread/INFO] [STDOUT]: [ejektaflex.bountiful.proxy.CommonProxy:postInit:119]: Pickable [Item: entity:srparasites:beckon_siv, Amount: 1..1, Unit Worth: 7000, Weight: 5, Stages: []]
[21:41:40] [Server thread/INFO] [STDOUT]: [ejektaflex.bountiful.proxy.CommonProxy:postInit:119]: Pickable [Item: entity:srparasites:dispatcher_si, Amount: 1..1, Unit Worth: 500, Weight: 5, Stages: []]
[21:41:40] [Server thread/INFO] [STDOUT]: [ejektaflex.bountiful.proxy.CommonProxy:postInit:119]: Pickable [Item: entity:srparasites:dispatcher_sii, Amount: 1..1, Unit Worth: 1000, Weight: 5, Stages: []]
[21:41:40] [Server thread/INFO] [STDOUT]: [ejektaflex.bountiful.proxy.CommonProxy:postInit:119]: Pickable [Item: entity:srparasites:dispatcher_siii, Amount: 1..1, Unit Worth: 4000, Weight: 5, Stages: []]
[21:41:40] [Server thread/INFO] [STDOUT]: [ejektaflex.bountiful.proxy.CommonProxy:postInit:119]: Pickable [Item: entity:srparasites:dispatcher_siv, Amount: 1..1, Unit Worth: 10000, Weight: 5, Stages: []]
[21:41:40] [Server thread/INFO] [STDOUT]: [ejektaflex.bountiful.proxy.CommonProxy:postInit:119]: Pickable [Item: entity:srparasites:kyphosis, Amount: 1..1, Unit Worth: 1500, Weight: 5, Stages: []]
[21:41:40] [Server thread/INFO] [STDOUT]: [ejektaflex.bountiful.proxy.CommonProxy:postInit:119]: Pickable [Item: entity:srparasites:sentry, Amount: 1..1, Unit Worth: 1700, Weight: 5, Stages: []]
[21:41:40] [Server thread/INFO] [STDOUT]: [ejektaflex.bountiful.proxy.CommonProxy:postInit:119]: Pickable [Item: entity:srparasites:worm, Amount: 1..1, Unit Worth: 1400, Weight: 5, Stages: []]
[21:41:40] [Server thread/INFO] [STDOUT]: [ejektaflex.bountiful.proxy.CommonProxy:postInit:119]: Pickable [Item: entity:srparasites:overseer, Amount: 1..1, Unit Worth: 2000, Weight: 5, Stages: []]
[21:41:40] [Server thread/INFO] [STDOUT]: [ejektaflex.bountiful.proxy.CommonProxy:postInit:119]: Pickable [Item: entity:srparasites:bomber_light, Amount: 1..1, Unit Worth: 1700, Weight: 5, Stages: []]
[21:41:40] [Server thread/INFO] [STDOUT]: [ejektaflex.bountiful.proxy.CommonProxy:postInit:119]: Pickable [Item: entity:srparasites:marauder, Amount: 1..1, Unit Worth: 2000, Weight: 5, Stages: []]
[21:41:40] [Server thread/INFO] [STDOUT]: [ejektaflex.bountiful.proxy.CommonProxy:postInit:119]: Pickable [Item: entity:srparasites:grunt, Amount: 5..5, Unit Worth: 400, Weight: 5, Stages: []]
[21:41:40] [Server thread/INFO] [STDOUT]: [ejektaflex.bountiful.proxy.CommonProxy:postInit:119]: Pickable [Item: entity:srparasites:warden, Amount: 1..1, Unit Worth: 2000, Weight: 5, Stages: []]
[21:41:40] [Server thread/INFO] [STDOUT]: [ejektaflex.bountiful.proxy.CommonProxy:postInit:119]: Pickable [Item: entity:srparasites:monarch, Amount: 1..1, Unit Worth: 1750, Weight: 5, Stages: []]
[21:41:40] [Server thread/INFO] [STDOUT]: [ejektaflex.bountiful.proxy.CommonProxy:postInit:119]: Pickable [Item: entity:srparasites:vigilante, Amount: 1..1, Unit Worth: 2000, Weight: 5, Stages: []]
[21:41:40] [Server thread/INFO] [STDOUT]: [ejektaflex.bountiful.proxy.CommonProxy:postInit:119]: Pickable [Item: entity:srparasites:carrier_colony, Amount: 1..1, Unit Worth: 15000, Weight: 5, Stages: []]
[21:41:40] [Server thread/INFO] [STDOUT]: [ejektaflex.bountiful.proxy.CommonProxy:postInit:119]: Pickable [Item: entity:srparasites:wraith, Amount: 1..1, Unit Worth: 8500, Weight: 5, Stages: []]
[21:41:40] [Server thread/INFO] [STDOUT]: [ejektaflex.bountiful.proxy.CommonProxy:postInit:119]: Pickable [Item: entity:srparasites:bomber_heavy, Amount: 1..1, Unit Worth: 7000, Weight: 5, Stages: []]
[21:41:40] [Server thread/INFO] [STDOUT]: [ejektaflex.bountiful.proxy.CommonProxy:postInit:119]: Pickable [Item: entity:srparasites:bogle, Amount: 1..1, Unit Worth: 10000, Weight: 5, Stages: []]
[21:41:40] [Server thread/INFO] [STDOUT]: [ejektaflex.bountiful.proxy.CommonProxy:postInit:119]: Pickable [Item: entity:srparasites:haunter, Amount: 1..1, Unit Worth: 12500, Weight: 5, Stages: []]
[21:41:40] [Server thread/INFO] [STDOUT]: [ejektaflex.bountiful.proxy.CommonProxy:postInit:119]: Pickable [Item: entity:srparasites:anc_overlord, Amount: 1..1, Unit Worth: 20000, Weight: 5, Stages: []]
[21:41:40] [Server thread/INFO] [STDOUT]: [ejektaflex.bountiful.proxy.CommonProxy:postInit:119]: Pickable [Item: entity:srparasites:anc_dreadnaut, Amount: 1..1, Unit Worth: 20000, Weight: 5, Stages: []]
[21:41:40] [Server thread/INFO] [STDOUT]: [ejektaflex.bountiful.proxy.CommonProxy:postInit:119]: Pickable [Item: entity:srparasites:sim_squid, Amount: 1..1, Unit Worth: 500, Weight: 5, Stages: []]
[21:41:40] [Server thread/INFO] [STDOUT]: [ejektaflex.bountiful.proxy.CommonProxy:postInit:119]: Pickable [Item: entity:nuclearcraft:feral_ghoul, Amount: 10..50, Unit Worth: 10, Weight: 10, Stages: []]
[21:41:40] [Server thread/INFO] [STDOUT]: [ejektaflex.bountiful.proxy.CommonProxy:postInit:119]: Pickable [Item: srparasites:dispatcher_drop, Amount: 1..5, Unit Worth: 100, Weight: 15, Stages: []]
[21:41:40] [Server thread/INFO] [STDOUT]: [ejektaflex.bountiful.proxy.CommonProxy:postInit:119]: Pickable [Item: srparasites:beckon_drop, Amount: 1..5, Unit Worth: 100, Weight: 15, Stages: []]
[21:41:40] [Server thread/INFO] [STDOUT]: [ejektaflex.bountiful.proxy.CommonProxy:postInit:119]: Pickable [Item: srparasites:ada_bolster_drop, Amount: 5..10, Unit Worth: 100, Weight: 15, Stages: []]
[21:41:40] [Server thread/INFO] [STDOUT]: [ejektaflex.bountiful.proxy.CommonProxy:postInit:119]: Pickable [Item: srparasites:ada_arachnida_drop, Amount: 5..10, Unit Worth: 100, Weight: 15, Stages: []]
[21:41:40] [Server thread/INFO] [STDOUT]: [ejektaflex.bountiful.proxy.CommonProxy:postInit:119]: Pickable [Item: srparasites:lurecomponent1, Amount: 10..25, Unit Worth: 25, Weight: 15, Stages: []]
[21:41:40] [Server thread/INFO] [STDOUT]: [ejektaflex.bountiful.proxy.CommonProxy:postInit:119]: Pickable [Item: srparasites:lurecomponent2, Amount: 5..15, Unit Worth: 35, Weight: 10, Stages: []]
[21:41:40] [Server thread/INFO] [STDOUT]: [ejektaflex.bountiful.proxy.CommonProxy:postInit:119]: Pickable [Item: srparasites:lurecomponent3, Amount: 5..10, Unit Worth: 50, Weight: 10, Stages: []]
[21:41:40] [Server thread/INFO] [STDOUT]: [ejektaflex.bountiful.proxy.CommonProxy:postInit:119]: Pickable [Item: srparasites:lurecomponent4, Amount: 1..10, Unit Worth: 100, Weight: 10, Stages: []]
[21:41:40] [Server thread/INFO] [STDOUT]: [ejektaflex.bountiful.proxy.CommonProxy:postInit:119]: Pickable [Item: srparasites:lurecomponent5, Amount: 1..1, Unit Worth: 1000, Weight: 5, Stages: []]
[21:41:40] [Server thread/INFO] [STDOUT]: [ejektaflex.bountiful.proxy.CommonProxy:postInit:119]: Pickable [Item: srparasites:lurecomponent6, Amount: 10..25, Unit Worth: 50, Weight: 5, Stages: []]
[21:41:40] [Server thread/INFO] [STDOUT]: [ejektaflex.bountiful.proxy.CommonProxy:postInit:119]: Pickable [Item: aquaculture:fish:0, Amount: 1..8, Unit Worth: 150, Weight: 15, Stages: []]
[21:41:40] [Server thread/INFO] [STDOUT]: [ejektaflex.bountiful.proxy.CommonProxy:postInit:119]: Pickable [Item: aquaculture:fish:1, Amount: 1..8, Unit Worth: 150, Weight: 15, Stages: []]
[21:41:40] [Server thread/INFO] [STDOUT]: [ejektaflex.bountiful.proxy.CommonProxy:postInit:119]: Pickable [Item: aquaculture:fish:2, Amount: 1..8, Unit Worth: 150, Weight: 15, Stages: []]
[21:41:40] [Server thread/INFO] [STDOUT]: [ejektaflex.bountiful.proxy.CommonProxy:postInit:119]: Pickable [Item: aquaculture:fish:3, Amount: 1..8, Unit Worth: 150, Weight: 15, Stages: []]
[21:41:40] [Server thread/INFO] [STDOUT]: [ejektaflex.bountiful.proxy.CommonProxy:postInit:119]: Pickable [Item: aquaculture:fish:4, Amount: 1..8, Unit Worth: 200, Weight: 15, Stages: []]
[21:41:40] [Server thread/INFO] [STDOUT]: [ejektaflex.bountiful.proxy.CommonProxy:postInit:119]: Pickable [Item: aquaculture:fish:5, Amount: 1..8, Unit Worth: 200, Weight: 15, Stages: []]
[21:41:40] [Server thread/INFO] [STDOUT]: [ejektaflex.bountiful.proxy.CommonProxy:postInit:119]: Pickable [Item: aquaculture:fish:6, Amount: 1..8, Unit Worth: 250, Weight: 15, Stages: []]
[21:41:40] [Server thread/INFO] [STDOUT]: [ejektaflex.bountiful.proxy.CommonProxy:postInit:119]: Pickable [Item: aquaculture:fish:7, Amount: 1..8, Unit Worth: 300, Weight: 15, Stages: []]
[21:41:40] [Server thread/INFO] [STDOUT]: [ejektaflex.bountiful.proxy.CommonProxy:postInit:119]: Pickable [Item: aquaculture:fish:8, Amount: 1..8, Unit Worth: 200, Weight: 15, Stages: []]
[21:41:40] [Server thread/INFO] [STDOUT]: [ejektaflex.bountiful.proxy.CommonProxy:postInit:119]: Pickable [Item: aquaculture:fish:9, Amount: 1..8, Unit Worth: 250, Weight: 15, Stages: []]
[21:41:40] [Server thread/INFO] [STDOUT]: [ejektaflex.bountiful.proxy.CommonProxy:postInit:119]: Pickable [Item: aquaculture:fish:10, Amount: 1..8, Unit Worth: 200, Weight: 15, Stages: []]
[21:41:40] [Server thread/INFO] [STDOUT]: [ejektaflex.bountiful.proxy.CommonProxy:postInit:119]: Pickable [Item: aquaculture:fish:11, Amount: 1..8, Unit Worth: 250, Weight: 15, Stages: []]
[21:41:40] [Server thread/INFO] [STDOUT]: [ejektaflex.bountiful.proxy.CommonProxy:postInit:119]: Pickable [Item: aquaculture:fish:12, Amount: 1..4, Unit Worth: 500, Weight: 15, Stages: []]
[21:41:40] [Server thread/INFO] [STDOUT]: [ejektaflex.bountiful.proxy.CommonProxy:postInit:119]: Pickable [Item: aquaculture:fish:13, Amount: 1..4, Unit Worth: 750, Weight: 15, Stages: []]
[21:41:40] [Server thread/INFO] [STDOUT]: [ejektaflex.bountiful.proxy.CommonProxy:postInit:119]: Pickable [Item: aquaculture:fish:14, Amount: 1..4, Unit Worth: 1000, Weight: 15, Stages: []]
[21:41:40] [Server thread/INFO] [STDOUT]: [ejektaflex.bountiful.proxy.CommonProxy:postInit:119]: Pickable [Item: aquaculture:fish:15, Amount: 1..4, Unit Worth: 900, Weight: 15, Stages: []]
[21:41:40] [Server thread/INFO] [STDOUT]: [ejektaflex.bountiful.proxy.CommonProxy:postInit:119]: Pickable [Item: aquaculture:fish:16, Amount: 1..8, Unit Worth: 480, Weight: 15, Stages: []]
[21:41:40] [Server thread/INFO] [STDOUT]: [ejektaflex.bountiful.proxy.CommonProxy:postInit:119]: Pickable [Item: aquaculture:fish:17, Amount: 1..8, Unit Worth: 250, Weight: 15, Stages: []]
[21:41:40] [Server thread/INFO] [STDOUT]: [ejektaflex.bountiful.proxy.CommonProxy:postInit:119]: Pickable [Item: aquaculture:fish:18, Amount: 1..4, Unit Worth: 480, Weight: 15, Stages: []]
[21:41:40] [Server thread/INFO] [STDOUT]: [ejektaflex.bountiful.proxy.CommonProxy:postInit:119]: Pickable [Item: aquaculture:fish:19, Amount: 1..8, Unit Worth: 250, Weight: 15, Stages: []]
[21:41:40] [Server thread/INFO] [STDOUT]: [ejektaflex.bountiful.proxy.CommonProxy:postInit:119]: Pickable [Item: aquaculture:fish:20, Amount: 1..8, Unit Worth: 360, Weight: 15, Stages: []]
[21:41:40] [Server thread/INFO] [STDOUT]: [ejektaflex.bountiful.proxy.CommonProxy:postInit:119]: Pickable [Item: aquaculture:fish:21, Amount: 1..8, Unit Worth: 240, Weight: 15, Stages: []]
[21:41:40] [Server thread/INFO] [STDOUT]: [ejektaflex.bountiful.proxy.CommonProxy:postInit:119]: Pickable [Item: aquaculture:fish:22, Amount: 1..4, Unit Worth: 600, Weight: 15, Stages: []]
[21:41:40] [Server thread/INFO] [STDOUT]: [ejektaflex.bountiful.proxy.CommonProxy:postInit:119]: Pickable [Item: aquaculture:fish:23, Amount: 1..8, Unit Worth: 720, Weight: 15, Stages: []]
[21:41:40] [Server thread/INFO] [STDOUT]: [ejektaflex.bountiful.proxy.CommonProxy:postInit:119]: Pickable [Item: aquaculture:fish:24, Amount: 1..8, Unit Worth: 200, Weight: 15, Stages: []]
[21:41:40] [Server thread/INFO] [STDOUT]: [ejektaflex.bountiful.proxy.CommonProxy:postInit:119]: Pickable [Item: aquaculture:fish:25, Amount: 1..8, Unit Worth: 200, Weight: 15, Stages: []]
[21:41:40] [Server thread/INFO] [STDOUT]: [ejektaflex.bountiful.proxy.CommonProxy:postInit:119]: Pickable [Item: aquaculture:fish:26, Amount: 1..8, Unit Worth: 200, Weight: 15, Stages: []]
[21:41:40] [Server thread/INFO] [STDOUT]: [ejektaflex.bountiful.proxy.CommonProxy:postInit:119]: Pickable [Item: aquaculture:fish:27, Amount: 1..8, Unit Worth: 240, Weight: 15, Stages: []]
[21:41:40] [Server thread/INFO] [STDOUT]: [ejektaflex.bountiful.proxy.CommonProxy:postInit:119]: Pickable [Item: aquaculture:fish:28, Amount: 1..8, Unit Worth: 300, Weight: 15, Stages: []]
[21:41:40] [Server thread/INFO] [STDOUT]: [ejektaflex.bountiful.proxy.CommonProxy:postInit:119]: Pickable [Item: aquaculture:fish:29, Amount: 1..4, Unit Worth: 420, Weight: 15, Stages: []]
[21:41:40] [Server thread/INFO] [STDOUT]: [ejektaflex.bountiful.proxy.CommonProxy:postInit:119]: Pickable [Item: aquaculture:fish:30, Amount: 1..8, Unit Worth: 360, Weight: 15, Stages: []]
[21:41:40] [Server thread/INFO] [STDOUT]: [ejektaflex.bountiful.proxy.CommonProxy:postInit:119]: Pickable [Item: aquaculture:fish:31, Amount: 1..8, Unit Worth: 720, Weight: 15, Stages: []]
[21:41:40] [Server thread/INFO] [STDOUT]: [ejektaflex.bountiful.proxy.CommonProxy:postInit:119]: Pickable [Item: aquaculture:fish:32, Amount: 1..8, Unit Worth: 360, Weight: 15, Stages: []]
[21:41:40] [Server thread/INFO] [STDOUT]: [ejektaflex.bountiful.proxy.CommonProxy:postInit:119]: Pickable [Item: aquaculture:fish:33, Amount: 1..8, Unit Worth: 480, Weight: 15, Stages: []]
[21:41:40] [Server thread/INFO] [STDOUT]: [ejektaflex.bountiful.proxy.CommonProxy:postInit:119]: Pickable [Item: aquaculture:fish:34, Amount: 1..8, Unit Worth: 600, Weight: 15, Stages: []]
[21:41:40] [Server thread/INFO] [STDOUT]: [ejektaflex.bountiful.proxy.CommonProxy:postInit:119]: Pickable [Item: aquaculture:fish:35, Amount: 1..4, Unit Worth: 3000, Weight: 15, Stages: []]
[21:41:40] [Server thread/INFO] [STDOUT]: [ejektaflex.bountiful.proxy.CommonProxy:postInit:119]: Pickable [Item: aquaculture:fish:36, Amount: 1..4, Unit Worth: 3000, Weight: 15, Stages: []]
[21:41:40] [Server thread/INFO] [STDOUT]: [ejektaflex.bountiful.proxy.CommonProxy:postInit:119]: Pickable [Item: aquaculture:fish:37, Amount: 1..8, Unit Worth: 480, Weight: 15, Stages: []]
[21:41:40] [Server thread/INFO] [STDOUT]: [ejektaflex.bountiful.proxy.CommonProxy:postInit:119]: Pickable [Item: aquaculture:fish:38, Amount: 1..4, Unit Worth: 1500, Weight: 15, Stages: []]
[21:41:40] [Server thread/INFO] [STDOUT]: [ejektaflex.bountiful.proxy.CommonProxy:postInit:119]: Pickable [Item: advanced-fishing:fish:0, Amount: 1..8, Unit Worth: 240, Weight: 15, Stages: []]
[21:41:40] [Server thread/INFO] [STDOUT]: [ejektaflex.bountiful.proxy.CommonProxy:postInit:119]: Pickable [Item: advanced-fishing:fish:1, Amount: 1..4, Unit Worth: 1200, Weight: 15, Stages: []]
[21:41:40] [Server thread/INFO] [STDOUT]: [ejektaflex.bountiful.proxy.CommonProxy:postInit:119]: Pickable [Item: advanced-fishing:fish:2, Amount: 1..8, Unit Worth: 300, Weight: 15, Stages: []]
[21:41:40] [Server thread/INFO] [STDOUT]: [ejektaflex.bountiful.proxy.CommonProxy:postInit:119]: Pickable [Item: advanced-fishing:fish:3, Amount: 1..8, Unit Worth: 360, Weight: 15, Stages: []]
[21:41:40] [Server thread/INFO] [STDOUT]: [ejektaflex.bountiful.proxy.CommonProxy:postInit:119]: Pickable [Item: advanced-fishing:fish:4, Amount: 1..8, Unit Worth: 360, Weight: 15, Stages: []]
[21:41:40] [Server thread/INFO] [STDOUT]: [ejektaflex.bountiful.proxy.CommonProxy:postInit:119]: Pickable [Item: advanced-fishing:fish:5, Amount: 1..4, Unit Worth: 400, Weight: 15, Stages: []]
[21:41:40] [Server thread/INFO] [STDOUT]: [ejektaflex.bountiful.proxy.CommonProxy:postInit:119]: Pickable [Item: advanced-fishing:fish:6, Amount: 1..4, Unit Worth: 720, Weight: 15, Stages: []]
[21:41:40] [Server thread/INFO] [STDOUT]: [ejektaflex.bountiful.proxy.CommonProxy:postInit:119]: Pickable [Item: advanced-fishing:fish:7, Amount: 1..4, Unit Worth: 960, Weight: 15, Stages: []]
[21:41:40] [Server thread/INFO] [STDOUT]: [ejektaflex.bountiful.proxy.CommonProxy:postInit:119]: Pickable [Item: advanced-fishing:fish:8, Amount: 1..4, Unit Worth: 600, Weight: 15, Stages: []]
[21:41:40] [Server thread/INFO] [STDOUT]: [ejektaflex.bountiful.proxy.CommonProxy:postInit:119]: Pickable [Item: advanced-fishing:fish:9, Amount: 1..4, Unit Worth: 1200, Weight: 15, Stages: []]
[21:41:40] [Server thread/INFO] [STDOUT]: [ejektaflex.bountiful.proxy.CommonProxy:postInit:119]: Pickable [Item: advanced-fishing:fish:10, Amount: 1..4, Unit Worth: 1200, Weight: 15, Stages: []]
[21:41:40] [Server thread/INFO] [STDOUT]: [ejektaflex.bountiful.proxy.CommonProxy:postInit:119]: Pickable [Item: advanced-fishing:fish:11, Amount: 1..4, Unit Worth: 1200, Weight: 15, Stages: []]
[21:41:40] [Server thread/INFO] [STDOUT]: [ejektaflex.bountiful.proxy.CommonProxy:postInit:119]: Pickable [Item: advanced-fishing:fish:12, Amount: 1..4, Unit Worth: 1200, Weight: 15, Stages: []]
[21:41:40] [Server thread/INFO] [STDOUT]: [ejektaflex.bountiful.proxy.CommonProxy:postInit:119]: Pickable [Item: advanced-fishing:fish:13, Amount: 1..4, Unit Worth: 2200, Weight: 15, Stages: []]
[21:41:40] [Server thread/INFO] [STDOUT]: [ejektaflex.bountiful.proxy.CommonProxy:postInit:119]: Pickable [Item: advanced-fishing:fish:14, Amount: 1..4, Unit Worth: 2200, Weight: 15, Stages: []]
[21:41:40] [Server thread/INFO] [STDOUT]: [ejektaflex.bountiful.proxy.CommonProxy:postInit:119]: Pickable [Item: advanced-fishing:fish:15, Amount: 1..4, Unit Worth: 2200, Weight: 15, Stages: []]
[21:41:40] [Server thread/INFO] [STDOUT]: [ejektaflex.bountiful.proxy.CommonProxy:postInit:119]: Pickable [Item: advanced-fishing:fish:16, Amount: 1..8, Unit Worth: 360, Weight: 15, Stages: []]
[21:41:40] [Server thread/INFO] [STDOUT]: [ejektaflex.bountiful.proxy.CommonProxy:postInit:119]: Pickable [Item: advanced-fishing:fish:17, Amount: 1..8, Unit Worth: 300, Weight: 15, Stages: []]
[21:41:40] [Server thread/INFO] [STDOUT]: [ejektaflex.bountiful.proxy.CommonProxy:postInit:119]: Pickable [Item: advanced-fishing:fish:18, Amount: 1..8, Unit Worth: 360, Weight: 15, Stages: []]
[21:41:40] [Server thread/INFO] [STDOUT]: [ejektaflex.bountiful.proxy.CommonProxy:postInit:119]: Pickable [Item: advanced-fishing:fish:19, Amount: 1..8, Unit Worth: 420, Weight: 15, Stages: []]
[21:41:40] [Server thread/INFO] [STDOUT]: [ejektaflex.bountiful.proxy.CommonProxy:postInit:119]: Pickable [Item: advanced-fishing:fish:20, Amount: 1..4, Unit Worth: 720, Weight: 15, Stages: []]
[21:41:40] [Server thread/INFO] [STDOUT]: [ejektaflex.bountiful.proxy.CommonProxy:postInit:119]: Pickable [Item: advanced-fishing:fish:21, Amount: 1..8, Unit Worth: 300, Weight: 15, Stages: []]
[21:41:40] [Server thread/INFO] [STDOUT]: [ejektaflex.bountiful.proxy.CommonProxy:postInit:119]: Pickable [Item: advanced-fishing:fish:22, Amount: 1..8, Unit Worth: 360, Weight: 15, Stages: []]
[21:41:40] [Server thread/INFO] [STDOUT]: [ejektaflex.bountiful.proxy.CommonProxy:postInit:119]: Pickable [Item: advanced-fishing:fish:23, Amount: 1..4, Unit Worth: 250, Weight: 15, Stages: []]
[21:41:40] [Server thread/INFO] [STDOUT]: [ejektaflex.bountiful.proxy.CommonProxy:postInit:119]: Pickable [Item: advanced-fishing:fish:24, Amount: 1..4, Unit Worth: 1200, Weight: 15, Stages: []]
[21:41:40] [Server thread/INFO] [STDOUT]: [ejektaflex.bountiful.proxy.CommonProxy:postInit:119]: Pickable [Item: advanced-fishing:fish:25, Amount: 1..8, Unit Worth: 360, Weight: 15, Stages: []]
[21:41:40] [Server thread/INFO] [STDOUT]: [ejektaflex.bountiful.proxy.CommonProxy:postInit:119]: Pickable [Item: advanced-fishing:fish:26, Amount: 1..4, Unit Worth: 420, Weight: 15, Stages: []]
[21:41:40] [Server thread/INFO] [STDOUT]: [ejektaflex.bountiful.proxy.CommonProxy:postInit:119]: Pickable [Item: advanced-fishing:fish:27, Amount: 1..4, Unit Worth: 3000, Weight: 15, Stages: []]
[21:41:40] [Server thread/INFO] [STDOUT]: [ejektaflex.bountiful.proxy.CommonProxy:postInit:119]: Pickable [Item: advanced-fishing:fish:28, Amount: 1..4, Unit Worth: 3000, Weight: 15, Stages: []]
[21:41:40] [Server thread/INFO] [STDOUT]: [ejektaflex.bountiful.proxy.CommonProxy:postInit:119]: Pickable [Item: advanced-fishing:fish:29, Amount: 1..4, Unit Worth: 1200, Weight: 15, Stages: []]
[21:41:40] [Server thread/INFO] [STDOUT]: [ejektaflex.bountiful.proxy.CommonProxy:postInit:119]: Pickable [Item: advanced-fishing:fish:30, Amount: 1..8, Unit Worth: 300, Weight: 15, Stages: []]
[21:41:40] [Server thread/INFO] [STDOUT]: [ejektaflex.bountiful.proxy.CommonProxy:postInit:119]: Pickable [Item: advanced-fishing:fish:31, Amount: 1..8, Unit Worth: 1100, Weight: 15, Stages: []]
[21:41:40] [Server thread/INFO] [STDOUT]: [ejektaflex.bountiful.proxy.CommonProxy:postInit:119]: Pickable [Item: advanced-fishing:fish:32, Amount: 1..8, Unit Worth: 1100, Weight: 15, Stages: []]
[21:41:40] [Server thread/INFO] [STDOUT]: [ejektaflex.bountiful.proxy.CommonProxy:postInit:119]: Pickable [Item: advanced-fishing:fish:33, Amount: 1..8, Unit Worth: 600, Weight: 15, Stages: []]
[21:41:40] [Server thread/INFO] [STDOUT]: [ejektaflex.bountiful.proxy.CommonProxy:postInit:119]: Pickable [Item: advanced-fishing:fish:34, Amount: 1..8, Unit Worth: 360, Weight: 15, Stages: []]
[21:41:40] [Server thread/INFO] [STDOUT]: [ejektaflex.bountiful.proxy.CommonProxy:postInit:119]: Pickable [Item: advanced-fishing:fish:35, Amount: 1..8, Unit Worth: 420, Weight: 15, Stages: []]
[21:41:40] [Server thread/INFO] [STDOUT]: [ejektaflex.bountiful.proxy.CommonProxy:postInit:119]: Pickable [Item: advanced-fishing:fish:36, Amount: 1..8, Unit Worth: 200, Weight: 15, Stages: []]
[21:41:40] [Server thread/INFO] [STDOUT]: [ejektaflex.bountiful.proxy.CommonProxy:postInit:119]: Pickable [Item: advanced-fishing:fish:37, Amount: 1..8, Unit Worth: 360, Weight: 15, Stages: []]
[21:41:40] [Server thread/INFO] [STDOUT]: [ejektaflex.bountiful.proxy.CommonProxy:postInit:119]: Pickable [Item: advanced-fishing:fish:38, Amount: 1..1, Unit Worth: 12000, Weight: 15, Stages: []]
[21:41:40] [Server thread/INFO] [STDOUT]: [ejektaflex.bountiful.proxy.CommonProxy:postInit:119]: Pickable [Item: advanced-fishing:fish:39, Amount: 1..4, Unit Worth: 1200, Weight: 15, Stages: []]
[21:41:40] [Server thread/INFO] [STDOUT]: [ejektaflex.bountiful.proxy.CommonProxy:postInit:119]: Pickable [Item: advanced-fishing:fish:40, Amount: 1..4, Unit Worth: 1200, Weight: 15, Stages: []]
[21:41:40] [Server thread/INFO] [STDOUT]: [ejektaflex.bountiful.proxy.CommonProxy:postInit:119]: Pickable [Item: advanced-fishing:fish:41, Amount: 1..4, Unit Worth: 1200, Weight: 15, Stages: []]
[21:41:40] [Server thread/INFO] [STDOUT]: [ejektaflex.bountiful.proxy.CommonProxy:postInit:119]: Pickable [Item: advanced-fishing:fish:42, Amount: 1..4, Unit Worth: 1200, Weight: 15, Stages: []]
[21:41:40] [Server thread/INFO] [STDOUT]: [ejektaflex.bountiful.proxy.CommonProxy:postInit:119]: Pickable [Item: trumpetskeleton:trumpet, Amount: 1..1, Unit Worth: 4000, Weight: 10, Stages: []]
[21:41:40] [Server thread/INFO] [STDOUT]: [ejektaflex.bountiful.proxy.CommonProxy:postInit:119]: Pickable [Item: minecraft:porkchop, Amount: 1..32, Unit Worth: 15, Weight: 40, Stages: []]
[21:41:40] [Server thread/INFO] [STDOUT]: [ejektaflex.bountiful.proxy.CommonProxy:postInit:119]: Pickable [Item: minecraft:beef, Amount: 1..32, Unit Worth: 10, Weight: 40, Stages: []]
[21:41:40] [Server thread/INFO] [STDOUT]: [ejektaflex.bountiful.proxy.CommonProxy:postInit:119]: Pickable [Item: minecraft:chicken, Amount: 1..32, Unit Worth: 20, Weight: 40, Stages: []]
[21:41:40] [Server thread/INFO] [STDOUT]: [ejektaflex.bountiful.proxy.CommonProxy:postInit:119]: Pickable [Item: minecraft:rabbit, Amount: 1..32, Unit Worth: 30, Weight: 40, Stages: []]
[21:41:40] [Server thread/INFO] [STDOUT]: [ejektaflex.bountiful.proxy.CommonProxy:postInit:119]: Pickable [Item: minecraft:mutton, Amount: 1..32, Unit Worth: 15, Weight: 40, Stages: []]
[21:41:40] [Server thread/INFO] [STDOUT]: [ejektaflex.bountiful.proxy.CommonProxy:postInit:119]: Pickable [Item: familiarfauna:turkey_leg_raw, Amount: 1..32, Unit Worth: 30, Weight: 40, Stages: []]
[21:41:40] [Server thread/INFO] [STDOUT]: [ejektaflex.bountiful.proxy.CommonProxy:postInit:119]: Pickable [Item: familiarfauna:venison_raw, Amount: 1..32, Unit Worth: 30, Weight: 40, Stages: []]
[21:41:40] [Server thread/INFO] [STDOUT]: [ejektaflex.bountiful.proxy.CommonProxy:postInit:119]: Pickable [Item: foodexpansion:itemsquid, Amount: 1..32, Unit Worth: 25, Weight: 40, Stages: []]
[21:41:40] [Server thread/INFO] [STDOUT]: [ejektaflex.bountiful.proxy.CommonProxy:postInit:119]: Pickable [Item: lycanitesmobs:conbabutt, Amount: 1..1, Unit Worth: 300, Weight: 15, Stages: []]
[21:41:40] [Server thread/INFO] [STDOUT]: [ejektaflex.bountiful.proxy.CommonProxy:postInit:119]: Pickable [Item: lycanitesmobs:bruchaquill, Amount: 1..1, Unit Worth: 150, Weight: 15, Stages: []]
[21:41:40] [Server thread/INFO] [STDOUT]: [ejektaflex.bountiful.proxy.CommonProxy:postInit:119]: Pickable [Item: lycanitesmobs:ironpaxel, Amount: 1..1, Unit Worth: 100, Weight: 15, Stages: []]
[21:41:40] [Server thread/INFO] [STDOUT]: [ejektaflex.bountiful.proxy.CommonProxy:postInit:119]: Pickable [Item: lycanitesmobs:woodenpaxel, Amount: 1..1, Unit Worth: 50, Weight: 15, Stages: []]
[21:41:40] [Server thread/INFO] [STDOUT]: [ejektaflex.bountiful.proxy.CommonProxy:postInit:119]: Pickable [Item: lycanitesmobs:woodenhilt, Amount: 1..1, Unit Worth: 50, Weight: 15, Stages: []]
[21:41:40] [Server thread/INFO] [STDOUT]: [ejektaflex.bountiful.proxy.CommonProxy:postInit:119]: Pickable [Item: lycanitesmobs:ironhilt, Amount: 1..1, Unit Worth: 100, Weight: 15, Stages: []]
[21:41:40] [Server thread/INFO] [STDOUT]: [ejektaflex.bountiful.proxy.CommonProxy:postInit:119]: Pickable [Item: lycanitesmobs:ironaxehead, Amount: 1..1, Unit Worth: 150, Weight: 15, Stages: []]
[21:41:40] [Server thread/INFO] [STDOUT]: [ejektaflex.bountiful.proxy.CommonProxy:postInit:119]: Pickable [Item: lycanitesmobs:ironpikejoint, Amount: 1..1, Unit Worth: 150, Weight: 15, Stages: []]
[21:41:40] [Server thread/INFO] [STDOUT]: [ejektaflex.bountiful.proxy.CommonProxy:postInit:119]: Pickable [Item: lycanitesmobs:goldscepterhead, Amount: 1..1, Unit Worth: 200, Weight: 15, Stages: []]
[21:41:40] [Server thread/INFO] [STDOUT]: [ejektaflex.bountiful.proxy.CommonProxy:postInit:119]: Pickable [Item: lycanitesmobs:raw_bobeko_meat, Amount: 1..16, Unit Worth: 30, Weight: 30, Stages: []]
[21:41:40] [Server thread/INFO] [STDOUT]: [ejektaflex.bountiful.proxy.CommonProxy:postInit:119]: Pickable [Item: lycanitesmobs:raw_joust_meat, Amount: 1..16, Unit Worth: 30, Weight: 30, Stages: []]
[21:41:40] [Server thread/INFO] [STDOUT]: [ejektaflex.bountiful.proxy.CommonProxy:postInit:119]: Pickable [Item: lycanitesmobs:raw_krake_meat, Amount: 1..16, Unit Worth: 30, Weight: 30, Stages: []]
[21:41:40] [Server thread/INFO] [STDOUT]: [ejektaflex.bountiful.proxy.CommonProxy:postInit:119]: Pickable [Item: lycanitesmobs:raw_yale_meat, Amount: 1..16, Unit Worth: 30, Weight: 30, Stages: []]
[21:41:40] [Server thread/INFO] [STDOUT]: [ejektaflex.bountiful.proxy.CommonProxy:postInit:119]: Pickable [Item: lycanitesmobs:raw_pinky_meat, Amount: 1..16, Unit Worth: 30, Weight: 30, Stages: []]
[21:41:40] [Server thread/INFO] [STDOUT]: [ejektaflex.bountiful.proxy.CommonProxy:postInit:119]: Pickable [Item: lycanitesmobs:raw_aspid_meat, Amount: 1..16, Unit Worth: 30, Weight: 30, Stages: []]
[21:41:40] [Server thread/INFO] [STDOUT]: [ejektaflex.bountiful.proxy.CommonProxy:postInit:119]: Pickable [Item: lycanitesmobs:raw_concapede_meat, Amount: 1..16, Unit Worth: 30, Weight: 30, Stages: []]
[21:41:40] [Server thread/INFO] [STDOUT]: [ejektaflex.bountiful.proxy.CommonProxy:postInit:119]: Pickable [Item: lycanitesmobs:raw_ika_meat, Amount: 1..16, Unit Worth: 30, Weight: 30, Stages: []]
[21:41:40] [Server thread/INFO] [STDOUT]: [ejektaflex.bountiful.proxy.CommonProxy:postInit:119]: Pickable [Item: lycanitesmobs:raw_arisaur_meat, Amount: 1..16, Unit Worth: 30, Weight: 30, Stages: []]
[21:41:40] [Server thread/INFO] [STDOUT]: [ejektaflex.bountiful.proxy.CommonProxy:postInit:119]: Pickable [Item: lycanitesmobs:raw_silex_meat, Amount: 1..16, Unit Worth: 30, Weight: 30, Stages: []]
[21:41:40] [Server thread/INFO] [STDOUT]: [ejektaflex.bountiful.proxy.CommonProxy:postInit:119]: Pickable [Item: lycanitesmobs:raw_maka_meat, Amount: 1..16, Unit Worth: 30, Weight: 30, Stages: []]
[21:41:40] [Server thread/INFO] [STDOUT]: [ejektaflex.bountiful.proxy.CommonProxy:postInit:119]: Pickable [Item: lycanitesmobs:raw_chupacabra_meat, Amount: 1..16, Unit Worth: 30, Weight: 30, Stages: []]
[21:41:40] [Server thread/INFO] [STDOUT]: [ejektaflex.bountiful.proxy.CommonProxy:postInit:119]: Pickable [Item: spartanweaponry:dagger_iron, Amount: 1..1, Unit Worth: 300, Weight: 25, Stages: []]
[21:41:40] [Server thread/INFO] [STDOUT]: [ejektaflex.bountiful.proxy.CommonProxy:postInit:119]: Pickable [Item: spartanweaponry:longsword_iron, Amount: 1..1, Unit Worth: 300, Weight: 25, Stages: []]
[21:41:40] [Server thread/INFO] [STDOUT]: [ejektaflex.bountiful.proxy.CommonProxy:postInit:119]: Pickable [Item: spartanweaponry:katana_iron, Amount: 1..1, Unit Worth: 300, Weight: 25, Stages: []]
[21:41:40] [Server thread/INFO] [STDOUT]: [ejektaflex.bountiful.proxy.CommonProxy:postInit:119]: Pickable [Item: spartanweaponry:saber_iron, Amount: 1..1, Unit Worth: 300, Weight: 25, Stages: []]
[21:41:40] [Server thread/INFO] [STDOUT]: [ejektaflex.bountiful.proxy.CommonProxy:postInit:119]: Pickable [Item: spartanweaponry:rapier_iron, Amount: 1..1, Unit Worth: 300, Weight: 25, Stages: []]
[21:41:40] [Server thread/INFO] [STDOUT]: [ejektaflex.bountiful.proxy.CommonProxy:postInit:119]: Pickable [Item: spartanweaponry:greatsword_iron, Amount: 1..1, Unit Worth: 300, Weight: 25, Stages: []]
[21:41:40] [Server thread/INFO] [STDOUT]: [ejektaflex.bountiful.proxy.CommonProxy:postInit:119]: Pickable [Item: spartanweaponry:hammer_iron, Amount: 1..1, Unit Worth: 300, Weight: 25, Stages: []]
[21:41:40] [Server thread/INFO] [STDOUT]: [ejektaflex.bountiful.proxy.CommonProxy:postInit:119]: Pickable [Item: spartanweaponry:warhammer_iron, Amount: 1..1, Unit Worth: 300, Weight: 25, Stages: []]
[21:41:40] [Server thread/INFO] [STDOUT]: [ejektaflex.bountiful.proxy.CommonProxy:postInit:119]: Pickable [Item: spartanweaponry:spear_iron, Amount: 1..1, Unit Worth: 300, Weight: 25, Stages: []]
[21:41:40] [Server thread/INFO] [STDOUT]: [ejektaflex.bountiful.proxy.CommonProxy:postInit:119]: Pickable [Item: spartanweaponry:halberd_iron, Amount: 1..1, Unit Worth: 300, Weight: 25, Stages: []]
[21:41:40] [Server thread/INFO] [STDOUT]: [ejektaflex.bountiful.proxy.CommonProxy:postInit:119]: Pickable [Item: spartanweaponry:pike_iron, Amount: 1..1, Unit Worth: 300, Weight: 25, Stages: []]
[21:41:40] [Server thread/INFO] [STDOUT]: [ejektaflex.bountiful.proxy.CommonProxy:postInit:119]: Pickable [Item: spartanweaponry:lance_iron, Amount: 1..1, Unit Worth: 300, Weight: 25, Stages: []]
[21:41:40] [Server thread/INFO] [STDOUT]: [ejektaflex.bountiful.proxy.CommonProxy:postInit:119]: Pickable [Item: spartanweaponry:longbow_iron, Amount: 1..1, Unit Worth: 300, Weight: 25, Stages: []]
[21:41:40] [Server thread/INFO] [STDOUT]: [ejektaflex.bountiful.proxy.CommonProxy:postInit:119]: Pickable [Item: spartanweaponry:crossbow_iron, Amount: 1..1, Unit Worth: 300, Weight: 25, Stages: []]
[21:41:40] [Server thread/INFO] [STDOUT]: [ejektaflex.bountiful.proxy.CommonProxy:postInit:119]: Pickable [Item: spartanweaponry:battleaxe_iron, Amount: 1..1, Unit Worth: 300, Weight: 25, Stages: []]
[21:41:40] [Server thread/INFO] [STDOUT]: [ejektaflex.bountiful.proxy.CommonProxy:postInit:119]: Pickable [Item: spartanweaponry:mace_iron, Amount: 1..1, Unit Worth: 300, Weight: 25, Stages: []]
[21:41:40] [Server thread/INFO] [STDOUT]: [ejektaflex.bountiful.proxy.CommonProxy:postInit:119]: Pickable [Item: spartanweaponry:glaive_iron, Amount: 1..1, Unit Worth: 300, Weight: 25, Stages: []]
[21:41:40] [Server thread/INFO] [STDOUT]: [ejektaflex.bountiful.proxy.CommonProxy:postInit:119]: Pickable [Item: spartanweaponry:staff_iron, Amount: 1..1, Unit Worth: 300, Weight: 25, Stages: []]
[21:41:40] [Server thread/INFO] [STDOUT]: [ejektaflex.bountiful.proxy.CommonProxy:postInit:119]: Pickable [Item: spartanweaponry:dagger_diamond, Amount: 1..1, Unit Worth: 600, Weight: 25, Stages: []]
[21:41:40] [Server thread/INFO] [STDOUT]: [ejektaflex.bountiful.proxy.CommonProxy:postInit:119]: Pickable [Item: spartanweaponry:longsword_diamond, Amount: 1..1, Unit Worth: 600, Weight: 25, Stages: []]
[21:41:40] [Server thread/INFO] [STDOUT]: [ejektaflex.bountiful.proxy.CommonProxy:postInit:119]: Pickable [Item: spartanweaponry:katana_diamond, Amount: 1..1, Unit Worth: 600, Weight: 25, Stages: []]
[21:41:40] [Server thread/INFO] [STDOUT]: [ejektaflex.bountiful.proxy.CommonProxy:postInit:119]: Pickable [Item: spartanweaponry:saber_diamond, Amount: 1..1, Unit Worth: 600, Weight: 25, Stages: []]
[21:41:40] [Server thread/INFO] [STDOUT]: [ejektaflex.bountiful.proxy.CommonProxy:postInit:119]: Pickable [Item: spartanweaponry:rapier_diamond, Amount: 1..1, Unit Worth: 600, Weight: 25, Stages: []]
[21:41:40] [Server thread/INFO] [STDOUT]: [ejektaflex.bountiful.proxy.CommonProxy:postInit:119]: Pickable [Item: spartanweaponry:greatsword_diamond, Amount: 1..1, Unit Worth: 600, Weight: 25, Stages: []]
[21:41:40] [Server thread/INFO] [STDOUT]: [ejektaflex.bountiful.proxy.CommonProxy:postInit:119]: Pickable [Item: spartanweaponry:hammer_diamond, Amount: 1..1, Unit Worth: 600, Weight: 25, Stages: []]
[21:41:40] [Server thread/INFO] [STDOUT]: [ejektaflex.bountiful.proxy.CommonProxy:postInit:119]: Pickable [Item: spartanweaponry:warhammer_diamond, Amount: 1..1, Unit Worth: 600, Weight: 25, Stages: []]
[21:41:40] [Server thread/INFO] [STDOUT]: [ejektaflex.bountiful.proxy.CommonProxy:postInit:119]: Pickable [Item: spartanweaponry:spear_diamond, Amount: 1..1, Unit Worth: 600, Weight: 25, Stages: []]
[21:41:40] [Server thread/INFO] [STDOUT]: [ejektaflex.bountiful.proxy.CommonProxy:postInit:119]: Pickable [Item: spartanweaponry:halberd_diamond, Amount: 1..1, Unit Worth: 600, Weight: 25, Stages: []]
[21:41:40] [Server thread/INFO] [STDOUT]: [ejektaflex.bountiful.proxy.CommonProxy:postInit:119]: Pickable [Item: spartanweaponry:pike_diamond, Amount: 1..1, Unit Worth: 600, Weight: 25, Stages: []]
[21:41:40] [Server thread/INFO] [STDOUT]: [ejektaflex.bountiful.proxy.CommonProxy:postInit:119]: Pickable [Item: spartanweaponry:lance_diamond, Amount: 1..1, Unit Worth: 600, Weight: 25, Stages: []]
[21:41:40] [Server thread/INFO] [STDOUT]: [ejektaflex.bountiful.proxy.CommonProxy:postInit:119]: Pickable [Item: spartanweaponry:longbow_diamond, Amount: 1..1, Unit Worth: 600, Weight: 25, Stages: []]
[21:41:40] [Server thread/INFO] [STDOUT]: [ejektaflex.bountiful.proxy.CommonProxy:postInit:119]: Pickable [Item: spartanweaponry:crossbow_diamond, Amount: 1..1, Unit Worth: 600, Weight: 25, Stages: []]
[21:41:40] [Server thread/INFO] [STDOUT]: [ejektaflex.bountiful.proxy.CommonProxy:postInit:119]: Pickable [Item: spartanweaponry:battleaxe_diamond, Amount: 1..1, Unit Worth: 600, Weight: 25, Stages: []]
[21:41:40] [Server thread/INFO] [STDOUT]: [ejektaflex.bountiful.proxy.CommonProxy:postInit:119]: Pickable [Item: spartanweaponry:mace_diamond, Amount: 1..1, Unit Worth: 600, Weight: 25, Stages: []]
[21:41:40] [Server thread/INFO] [STDOUT]: [ejektaflex.bountiful.proxy.CommonProxy:postInit:119]: Pickable [Item: spartanweaponry:glaive_diamond, Amount: 1..1, Unit Worth: 600, Weight: 25, Stages: []]
[21:41:40] [Server thread/INFO] [STDOUT]: [ejektaflex.bountiful.proxy.CommonProxy:postInit:119]: Pickable [Item: spartanweaponry:staff_diamond, Amount: 1..1, Unit Worth: 600, Weight: 25, Stages: []]
[21:41:40] [Server thread/INFO] [STDOUT]: [ejektaflex.bountiful.proxy.CommonProxy:postInit:119]: Pickable [Item: ichunutil:compact_porkchop, Amount: 1..1, Unit Worth: 1000, Weight: 1, Stages: []]
[21:41:40] [Server thread/INFO] [STDOUT]: [ejektaflex.bountiful.proxy.CommonProxy:postInit:119]: Pickable [Item: quark:variant_leaves:1, Amount: 1..32, Unit Worth: 200, Weight: 15, Stages: []]
[21:41:40] [Server thread/INFO] [STDOUT]: [ejektaflex.bountiful.proxy.CommonProxy:postInit:119]: Pickable [Item: quark:biotite, Amount: 1..32, Unit Worth: 300, Weight: 10, Stages: []]
[21:41:40] [Server thread/INFO] [STDOUT]: [ejektaflex.bountiful.proxy.CommonProxy:postInit:119]: Pickable [Item: quark:crystal, Amount: 1..8, Unit Worth: 300, Weight: 10, Stages: []]
[21:41:40] [Server thread/INFO] [STDOUT]: [ejektaflex.bountiful.proxy.CommonProxy:postInit:119]: Pickable [Item: quark:crystal:1, Amount: 1..8, Unit Worth: 300, Weight: 10, Stages: []]
[21:41:40] [Server thread/INFO] [STDOUT]: [ejektaflex.bountiful.proxy.CommonProxy:postInit:119]: Pickable [Item: quark:crystal:2, Amount: 1..8, Unit Worth: 300, Weight: 10, Stages: []]
[21:41:40] [Server thread/INFO] [STDOUT]: [ejektaflex.bountiful.proxy.CommonProxy:postInit:119]: Pickable [Item: quark:crystal:3, Amount: 1..8, Unit Worth: 300, Weight: 10, Stages: []]
[21:41:40] [Server thread/INFO] [STDOUT]: [ejektaflex.bountiful.proxy.CommonProxy:postInit:119]: Pickable [Item: quark:crystal:4, Amount: 1..8, Unit Worth: 300, Weight: 10, Stages: []]
[21:41:40] [Server thread/INFO] [STDOUT]: [ejektaflex.bountiful.proxy.CommonProxy:postInit:119]: Pickable [Item: quark:crystal:5, Amount: 1..8, Unit Worth: 300, Weight: 10, Stages: []]
[21:41:40] [Server thread/INFO] [STDOUT]: [ejektaflex.bountiful.proxy.CommonProxy:postInit:119]: Pickable [Item: quark:crystal:6, Amount: 1..8, Unit Worth: 300, Weight: 10, Stages: []]
[21:41:40] [Server thread/INFO] [STDOUT]: [ejektaflex.bountiful.proxy.CommonProxy:postInit:119]: Pickable [Item: quark:crystal:7, Amount: 1..8, Unit Worth: 300, Weight: 10, Stages: []]
[21:41:40] [Server thread/INFO] [STDOUT]: [ejektaflex.bountiful.proxy.CommonProxy:postInit:119]: Pickable [Item: quark:crystal:8, Amount: 1..8, Unit Worth: 300, Weight: 10, Stages: []]
[21:41:40] [Server thread/INFO] [STDOUT]: [ejektaflex.bountiful.proxy.CommonProxy:postInit:119]: Pickable [Item: quark:glowshroom, Amount: 1..8, Unit Worth: 150, Weight: 20, Stages: []]
[21:41:40] [Server thread/INFO] [STDOUT]: [ejektaflex.bountiful.proxy.CommonProxy:postInit:119]: Pickable [Item: bountifulbaubles:trinketshulkerheart, Amount: 1..1, Unit Worth: 3000, Weight: 10, Stages: []]
[21:41:40] [Server thread/INFO] [STDOUT]: [ejektaflex.bountiful.proxy.CommonProxy:postInit:119]: Pickable [Item: bountifulbaubles:ringoverclocking, Amount: 1..1, Unit Worth: 3000, Weight: 10, Stages: []]
[21:41:40] [Server thread/INFO] [STDOUT]: [ejektaflex.bountiful.proxy.CommonProxy:postInit:119]: Pickable [Item: bountifulbaubles:trinketbezoar, Amount: 1..1, Unit Worth: 2000, Weight: 10, Stages: []]
[21:41:40] [Server thread/INFO] [STDOUT]: [ejektaflex.bountiful.proxy.CommonProxy:postInit:119]: Pickable [Item: betternether:black_apple, Amount: 1..8, Unit Worth: 150, Weight: 20, Stages: []]
[21:41:40] [Server thread/INFO] [STDOUT]: [ejektaflex.bountiful.proxy.CommonProxy:postInit:119]: Pickable [Item: betternether:bone_mushroom, Amount: 1..16, Unit Worth: 150, Weight: 10, Stages: []]
[21:41:40] [Server thread/INFO] [STDOUT]: [ejektaflex.bountiful.proxy.CommonProxy:postInit:119]: Pickable [Item: iceandfire:fire_dragon_flesh, Amount: 1..8, Unit Worth: 300, Weight: 20, Stages: []]
[21:41:40] [Server thread/INFO] [STDOUT]: [ejektaflex.bountiful.proxy.CommonProxy:postInit:119]: Pickable [Item: iceandfire:ice_dragon_flesh, Amount: 1..8, Unit Worth: 300, Weight: 20, Stages: []]
[21:41:40] [Server thread/INFO] [STDOUT]: [ejektaflex.bountiful.proxy.CommonProxy:postInit:119]: Pickable [Item: iceandfire:lightning_dragon_flesh, Amount: 1..8, Unit Worth: 300, Weight: 20, Stages: []]
[21:41:40] [Server thread/INFO] [STDOUT]: [ejektaflex.bountiful.proxy.CommonProxy:postInit:119]: Pickable [Item: iceandfire:fire_dragon_heart, Amount: 1..1, Unit Worth: 800, Weight: 20, Stages: []]
[21:41:40] [Server thread/INFO] [STDOUT]: [ejektaflex.bountiful.proxy.CommonProxy:postInit:119]: Pickable [Item: iceandfire:ice_dragon_heart, Amount: 1..1, Unit Worth: 800, Weight: 20, Stages: []]
[21:41:40] [Server thread/INFO] [STDOUT]: [ejektaflex.bountiful.proxy.CommonProxy:postInit:119]: Pickable [Item: iceandfire:lightning_dragon_heart, Amount: 1..1, Unit Worth: 800, Weight: 20, Stages: []]
[21:41:40] [Server thread/INFO] [STDOUT]: [ejektaflex.bountiful.proxy.CommonProxy:postInit:119]: Pickable [Item: iceandfire:fire_dragon_blood, Amount: 1..1, Unit Worth: 1200, Weight: 20, Stages: []]
[21:41:40] [Server thread/INFO] [STDOUT]: [ejektaflex.bountiful.proxy.CommonProxy:postInit:119]: Pickable [Item: iceandfire:ice_dragon_blood, Amount: 1..1, Unit Worth: 1200, Weight: 20, Stages: []]
[21:41:40] [Server thread/INFO] [STDOUT]: [ejektaflex.bountiful.proxy.CommonProxy:postInit:119]: Pickable [Item: iceandfire:lightning_dragon_blood, Amount: 1..1, Unit Worth: 1200, Weight: 20, Stages: []]
[21:41:40] [Server thread/INFO] [STDOUT]: [ejektaflex.bountiful.proxy.CommonProxy:postInit:119]: Pickable [Item: iceandfire:troll_tusk, Amount: 1..3, Unit Worth: 400, Weight: 20, Stages: []]
[21:41:40] [Server thread/INFO] [STDOUT]: [ejektaflex.bountiful.proxy.CommonProxy:postInit:119]: Pickable [Item: iceandfire:sea_serpent_fang, Amount: 1..3, Unit Worth: 400, Weight: 20, Stages: []]
[21:41:40] [Server thread/INFO] [STDOUT]: [ejektaflex.bountiful.proxy.CommonProxy:postInit:119]: Pickable [Item: iceandfire:myrmex_desert_resin, Amount: 1..8, Unit Worth: 100, Weight: 20, Stages: []]
[21:41:40] [Server thread/INFO] [STDOUT]: [ejektaflex.bountiful.proxy.CommonProxy:postInit:119]: Pickable [Item: iceandfire:myrmex_jungle_resin, Amount: 1..8, Unit Worth: 100, Weight: 20, Stages: []]
[21:41:40] [Server thread/INFO] [STDOUT]: [ejektaflex.bountiful.proxy.CommonProxy:postInit:119]: Pickable [Item: scalinghealth:heartcontainer, Amount: 1..1, Unit Worth: 500, Weight: 15, Stages: []]
[21:41:40] [Server thread/INFO] [STDOUT]: [ejektaflex.bountiful.proxy.CommonProxy:postInit:119]: Pickable [Item: forgottenitems:crafting_rune, Amount: 1..1, Unit Worth: 3000, Weight: 15, Stages: []]
[21:41:40] [Server thread/INFO] [STDOUT]: [ejektaflex.bountiful.proxy.CommonProxy:postInit:119]: Pickable [Item: quark:witch_hat, Amount: 1..1, Unit Worth: 4000, Weight: 15, Stages: []]
[21:41:40] [Server thread/INFO] [STDOUT]: [ejektaflex.bountiful.proxy.CommonProxy:postInit:119]: Pickable [Item: quark:archaeologist_hat, Amount: 1..1, Unit Worth: 4000, Weight: 15, Stages: []]
[21:41:40] [Server thread/INFO] [STDOUT]: [ejektaflex.bountiful.proxy.CommonProxy:postInit:119]: Pickable [Item: quark:pirate_hat, Amount: 1..1, Unit Worth: 3000, Weight: 15, Stages: []]
[21:41:40] [Server thread/INFO] [STDOUT]: [ejektaflex.bountiful.proxy.CommonProxy:postInit:119]: Pickable [Item: minecraft:potion, Amount: 1..3, Unit Worth: 300, Weight: 40, Stages: []]
[21:41:40] [Server thread/INFO] [STDOUT]: [ejektaflex.bountiful.proxy.CommonProxy:postInit:119]: Pickable [Item: quark:pirate_hat, Amount: 1..1, Unit Worth: 3000, Weight: 15, Stages: []]
[21:41:40] [Server thread/INFO] [STDOUT]: [ejektaflex.bountiful.proxy.CommonProxy:postInit:121]: Rewards: 153
[21:41:40] [Server thread/INFO] [STDOUT]: [ejektaflex.bountiful.proxy.CommonProxy:postInit:122]: PickedEntry (Stack) [Item: iceandfire:silver_nugget, Amount: 5, NBT: null, Weight: 80, Stages: null]
[21:41:40] [Server thread/INFO] [STDOUT]: [ejektaflex.bountiful.proxy.CommonProxy:postInit:122]: PickedEntry (Stack) [Item: minecraft:gold_nugget, Amount: 10, NBT: null, Weight: 100, Stages: null]
[21:41:40] [Server thread/INFO] [STDOUT]: [ejektaflex.bountiful.proxy.CommonProxy:postInit:122]: PickedEntry (Stack) [Item: minecraft:emerald, Amount: 1, NBT: null, Weight: 90, Stages: null]
[21:41:40] [Server thread/INFO] [STDOUT]: [ejektaflex.bountiful.proxy.CommonProxy:postInit:122]: PickedEntry (Stack) [Item: minecraft:iron_sword, Amount: 750, NBT: {display:{Lore:["Sharper than Usual."],LocLore:["reward.bountiful.sharper.lore"]},ench:[{id:16,lvl:1}]}, Weight: 5, Stages: null]
[21:41:40] [Server thread/INFO] [STDOUT]: [ejektaflex.bountiful.proxy.CommonProxy:postInit:122]: PickedEntry (Stack) [Item: minecraft:leather_helmet, Amount: 100, NBT: null, Weight: 10, Stages: null]
[21:41:40] [Server thread/INFO] [STDOUT]: [ejektaflex.bountiful.proxy.CommonProxy:postInit:122]: PickedEntry (Stack) [Item: minecraft:leather_chestplate, Amount: 100, NBT: null, Weight: 10, Stages: null]
[21:41:40] [Server thread/INFO] [STDOUT]: [ejektaflex.bountiful.proxy.CommonProxy:postInit:122]: PickedEntry (Stack) [Item: minecraft:leather_leggings, Amount: 100, NBT: null, Weight: 10, Stages: null]
[21:41:40] [Server thread/INFO] [STDOUT]: [ejektaflex.bountiful.proxy.CommonProxy:postInit:122]: PickedEntry (Stack) [Item: minecraft:leather_boots, Amount: 100, NBT: null, Weight: 10, Stages: null]
[21:41:40] [Server thread/INFO] [STDOUT]: [ejektaflex.bountiful.proxy.CommonProxy:postInit:122]: PickedEntry (Stack) [Item: minecraft:iron_chestplate, Amount: 300, NBT: null, Weight: 5, Stages: null]
[21:41:40] [Server thread/INFO] [STDOUT]: [ejektaflex.bountiful.proxy.CommonProxy:postInit:122]: PickedEntry (Stack) [Item: minecraft:golden_chestplate, Amount: 200, NBT: null, Weight: 5, Stages: null]
[21:41:40] [Server thread/INFO] [STDOUT]: [ejektaflex.bountiful.proxy.CommonProxy:postInit:122]: PickedEntry (Stack) [Item: minecraft:experience_bottle, Amount: 20, NBT: null, Weight: 50, Stages: null]
[21:41:40] [Server thread/INFO] [STDOUT]: [ejektaflex.bountiful.proxy.CommonProxy:postInit:122]: PickedEntry (Stack) [Item: minecraft:torch, Amount: 2, NBT: null, Weight: 60, Stages: null]
[21:41:40] [Server thread/INFO] [STDOUT]: [ejektaflex.bountiful.proxy.CommonProxy:postInit:122]: PickedEntry (Stack) [Item: minecraft:tipped_arrow, Amount: 25, NBT: {Potion:"mujmajnkraftsbettersurvival:decay"}, Weight: 5, Stages: null]
[21:41:40] [Server thread/INFO] [STDOUT]: [ejektaflex.bountiful.proxy.CommonProxy:postInit:122]: PickedEntry (Stack) [Item: minecraft:tipped_arrow, Amount: 25, NBT: {Potion:"minecraft:weakness"}, Weight: 5, Stages: null]
[21:41:40] [Server thread/INFO] [STDOUT]: [ejektaflex.bountiful.proxy.CommonProxy:postInit:122]: PickedEntry (Stack) [Item: minecraft:tipped_arrow, Amount: 25, NBT: {Potion:"minecraft:harming"}, Weight: 5, Stages: null]
[21:41:40] [Server thread/INFO] [STDOUT]: [ejektaflex.bountiful.proxy.CommonProxy:postInit:122]: PickedEntry (Stack) [Item: minecraft:tipped_arrow, Amount: 25, NBT: {Potion:"minecraft:strong_poison"}, Weight: 5, Stages: null]
[21:41:40] [Server thread/INFO] [STDOUT]: [ejektaflex.bountiful.proxy.CommonProxy:postInit:122]: PickedEntry (Stack) [Item: minecraft:tipped_arrow, Amount: 25, NBT: {Potion:"potioncore:vulnerable"}, Weight: 5, Stages: null]
[21:41:40] [Server thread/INFO] [STDOUT]: [ejektaflex.bountiful.proxy.CommonProxy:postInit:122]: PickedEntry (Stack) [Item: fishingmadebetter:fishing_rod_wood, Amount: 250, NBT: null, Weight: 30, Stages: null]
[21:41:40] [Server thread/INFO] [STDOUT]: [ejektaflex.bountiful.proxy.CommonProxy:postInit:122]: PickedEntry (Stack) [Item: fishingmadebetter:fishing_rod_iron, Amount: 250, NBT: null, Weight: 20, Stages: null]
[21:41:40] [Server thread/INFO] [STDOUT]: [ejektaflex.bountiful.proxy.CommonProxy:postInit:122]: PickedEntry (Stack) [Item: fishingmadebetter:fishing_rod_diamond, Amount: 250, NBT: null, Weight: 10, Stages: null]
[21:41:40] [Server thread/INFO] [STDOUT]: [ejektaflex.bountiful.proxy.CommonProxy:postInit:122]: PickedEntry (Stack) [Item: armorunder:cooling_goo, Amount: 50, NBT: null, Weight: 5, Stages: null]
[21:41:40] [Server thread/INFO] [STDOUT]: [ejektaflex.bountiful.proxy.CommonProxy:postInit:122]: PickedEntry (Stack) [Item: armorunder:heating_goo, Amount: 50, NBT: null, Weight: 5, Stages: null]
[21:41:40] [Server thread/INFO] [STDOUT]: [ejektaflex.bountiful.proxy.CommonProxy:postInit:122]: PickedEntry (Stack) [Item: comforts:sleeping_bag, Amount: 100, NBT: null, Weight: 5, Stages: null]
[21:41:40] [Server thread/INFO] [STDOUT]: [ejektaflex.bountiful.proxy.CommonProxy:postInit:122]: PickedEntry (Stack) [Item: dynamictrees:dirtbucket, Amount: 1, NBT: null, Weight: 1, Stages: null]
[21:41:40] [Server thread/INFO] [STDOUT]: [ejektaflex.bountiful.proxy.CommonProxy:postInit:122]: PickedEntry (Stack) [Item: rlmixins:cleansing_talisman, Amount: 750, NBT: null, Weight: 50, Stages: null]
[21:41:40] [Server thread/INFO] [STDOUT]: [ejektaflex.bountiful.proxy.CommonProxy:postInit:122]: PickedEntry (Stack) [Item: bountifulbaubles:modifierbook, Amount: 900, NBT: {baubleModifier:"half_hearted"}, Weight: 10, Stages: null]
[21:41:40] [Server thread/INFO] [STDOUT]: [ejektaflex.bountiful.proxy.CommonProxy:postInit:122]: PickedEntry (Stack) [Item: bountifulbaubles:modifierbook, Amount: 900, NBT: {baubleModifier:"hearty"}, Weight: 10, Stages: null]
[21:41:40] [Server thread/INFO] [STDOUT]: [ejektaflex.bountiful.proxy.CommonProxy:postInit:122]: PickedEntry (Stack) [Item: bountifulbaubles:modifierbook, Amount: 900, NBT: {baubleModifier:"hard"}, Weight: 10, Stages: null]
[21:41:40] [Server thread/INFO] [STDOUT]: [ejektaflex.bountiful.proxy.CommonProxy:postInit:122]: PickedEntry (Stack) [Item: bountifulbaubles:modifierbook, Amount: 900, NBT: {baubleModifier:"guarding"}, Weight: 10, Stages: null]
[21:41:40] [Server thread/INFO] [STDOUT]: [ejektaflex.bountiful.proxy.CommonProxy:postInit:122]: PickedEntry (Stack) [Item: bountifulbaubles:modifierbook, Amount: 900, NBT: {baubleModifier:"armored"}, Weight: 10, Stages: null]
[21:41:40] [Server thread/INFO] [STDOUT]: [ejektaflex.bountiful.proxy.CommonProxy:postInit:122]: PickedEntry (Stack) [Item: bountifulbaubles:modifierbook, Amount: 900, NBT: {baubleModifier:"warding"}, Weight: 10, Stages: null]
[21:41:40] [Server thread/INFO] [STDOUT]: [ejektaflex.bountiful.proxy.CommonProxy:postInit:122]: PickedEntry (Stack) [Item: bountifulbaubles:modifierbook, Amount: 900, NBT: {baubleModifier:"jagged"}, Weight: 10, Stages: null]
[21:41:40] [Server thread/INFO] [STDOUT]: [ejektaflex.bountiful.proxy.CommonProxy:postInit:122]: PickedEntry (Stack) [Item: bountifulbaubles:modifierbook, Amount: 900, NBT: {baubleModifier:"spiked"}, Weight: 10, Stages: null]
[21:41:40] [Server thread/INFO] [STDOUT]: [ejektaflex.bountiful.proxy.CommonProxy:postInit:122]: PickedEntry (Stack) [Item: bountifulbaubles:modifierbook, Amount: 900, NBT: {baubleModifier:"angry"}, Weight: 10, Stages: null]
[21:41:40] [Server thread/INFO] [STDOUT]: [ejektaflex.bountiful.proxy.CommonProxy:postInit:122]: PickedEntry (Stack) [Item: bountifulbaubles:modifierbook, Amount: 900, NBT: {baubleModifier:"menacing"}, Weight: 10, Stages: null]
[21:41:40] [Server thread/INFO] [STDOUT]: [ejektaflex.bountiful.proxy.CommonProxy:postInit:122]: PickedEntry (Stack) [Item: bountifulbaubles:modifierbook, Amount: 900, NBT: {baubleModifier:"brisk"}, Weight: 10, Stages: null]
[21:41:40] [Server thread/INFO] [STDOUT]: [ejektaflex.bountiful.proxy.CommonProxy:postInit:122]: PickedEntry (Stack) [Item: bountifulbaubles:modifierbook, Amount: 900, NBT: {baubleModifier:"fleeting"}, Weight: 10, Stages: null]
[21:41:40] [Server thread/INFO] [STDOUT]: [ejektaflex.bountiful.proxy.CommonProxy:postInit:122]: PickedEntry (Stack) [Item: bountifulbaubles:modifierbook, Amount: 900, NBT: {baubleModifier:"hasty"}, Weight: 10, Stages: null]
[21:41:40] [Server thread/INFO] [STDOUT]: [ejektaflex.bountiful.proxy.CommonProxy:postInit:122]: PickedEntry (Stack) [Item: bountifulbaubles:modifierbook, Amount: 900, NBT: {baubleModifier:"quick"}, Weight: 10, Stages: null]
[21:41:40] [Server thread/INFO] [STDOUT]: [ejektaflex.bountiful.proxy.CommonProxy:postInit:122]: PickedEntry (Stack) [Item: bountifulbaubles:modifierbook, Amount: 900, NBT: {baubleModifier:"wild"}, Weight: 10, Stages: null]
[21:41:40] [Server thread/INFO] [STDOUT]: [ejektaflex.bountiful.proxy.CommonProxy:postInit:122]: PickedEntry (Stack) [Item: bountifulbaubles:modifierbook, Amount: 900, NBT: {baubleModifier:"rash"}, Weight: 10, Stages: null]
[21:41:40] [Server thread/INFO] [STDOUT]: [ejektaflex.bountiful.proxy.CommonProxy:postInit:122]: PickedEntry (Stack) [Item: bountifulbaubles:modifierbook, Amount: 900, NBT: {baubleModifier:"intrepid"}, Weight: 10, Stages: null]
[21:41:40] [Server thread/INFO] [STDOUT]: [ejektaflex.bountiful.proxy.CommonProxy:postInit:122]: PickedEntry (Stack) [Item: bountifulbaubles:modifierbook, Amount: 900, NBT: {baubleModifier:"violent"}, Weight: 10, Stages: null]
[21:41:40] [Server thread/INFO] [STDOUT]: [ejektaflex.bountiful.proxy.CommonProxy:postInit:122]: PickedEntry (Stack) [Item: firstaid:bandage, Amount: 25, NBT: null, Weight: 30, Stages: null]
[21:41:40] [Server thread/INFO] [STDOUT]: [ejektaflex.bountiful.proxy.CommonProxy:postInit:122]: PickedEntry (Stack) [Item: firstaid:plaster, Amount: 25, NBT: null, Weight: 30, Stages: null]
[21:41:40] [Server thread/INFO] [STDOUT]: [ejektaflex.bountiful.proxy.CommonProxy:postInit:122]: PickedEntry (Stack) [Item: firstaid:morphine, Amount: 25, NBT: null, Weight: 5, Stages: null]
[21:41:40] [Server thread/INFO] [STDOUT]: [ejektaflex.bountiful.proxy.CommonProxy:postInit:122]: PickedEntry (Stack) [Item: scalinghealth:healingitem, Amount: 25, NBT: null, Weight: 30, Stages: null]
[21:41:40] [Server thread/INFO] [STDOUT]: [ejektaflex.bountiful.proxy.CommonProxy:postInit:122]: PickedEntry (Stack) [Item: scalinghealth:healingitem:1, Amount: 50, NBT: null, Weight: 30, Stages: null]
[21:41:40] [Server thread/INFO] [STDOUT]: [ejektaflex.bountiful.proxy.CommonProxy:postInit:122]: PickedEntry (Stack) [Item: xat:glowing_powder, Amount: 200, NBT: null, Weight: 5, Stages: null]
[21:41:40] [Server thread/INFO] [STDOUT]: [ejektaflex.bountiful.proxy.CommonProxy:postInit:122]: PickedEntry (Stack) [Item: scalinghealth:heartdust, Amount: 100, NBT: null, Weight: 5, Stages: null]
[21:41:40] [Server thread/INFO] [STDOUT]: [ejektaflex.bountiful.proxy.CommonProxy:postInit:122]: PickedEntry (Stack) [Item: switchbow:switchbow, Amount: 1000, NBT: null, Weight: 10, Stages: null]
[21:41:40] [Server thread/INFO] [STDOUT]: [ejektaflex.bountiful.proxy.CommonProxy:postInit:122]: PickedEntry (Stack) [Item: switchbow:switchcrossbow, Amount: 1000, NBT: null, Weight: 10, Stages: null]
[21:41:40] [Server thread/INFO] [STDOUT]: [ejektaflex.bountiful.proxy.CommonProxy:postInit:122]: PickedEntry (Stack) [Item: switchbow:quiver, Amount: 1000, NBT: null, Weight: 10, Stages: null]
[21:41:40] [Server thread/INFO] [STDOUT]: [ejektaflex.bountiful.proxy.CommonProxy:postInit:122]: PickedEntry (Stack) [Item: minecraft:bow, Amount: 1500, NBT: {ench:[{id:48,lvl:2}]}, Weight: 10, Stages: null]
[21:41:40] [Server thread/INFO] [STDOUT]: [ejektaflex.bountiful.proxy.CommonProxy:postInit:122]: PickedEntry (Stack) [Item: trumpetskeleton:trumpet, Amount: 3000, NBT: {ench:[{lvl:10,id:34}],display:{Name:"The Eternal Dooter",LocName:"reward.bountiful.eternaldooter.name"}}, Weight: 5, Stages: null]
[21:41:40] [Server thread/INFO] [STDOUT]: [ejektaflex.bountiful.proxy.CommonProxy:postInit:122]: PickedEntry (Stack) [Item: corpsecomplex:scroll, Amount: 100, NBT: null, Weight: 10, Stages: null]
[21:41:40] [Server thread/INFO] [STDOUT]: [ejektaflex.bountiful.proxy.CommonProxy:postInit:122]: PickedEntry (Stack) [Item: lycanitesmobs:cooked_bobeko_meat, Amount: 100, NBT: null, Weight: 25, Stages: null]
[21:41:40] [Server thread/INFO] [STDOUT]: [ejektaflex.bountiful.proxy.CommonProxy:postInit:122]: PickedEntry (Stack) [Item: lycanitesmobs:cooked_joust_meat, Amount: 100, NBT: null, Weight: 25, Stages: null]
[21:41:40] [Server thread/INFO] [STDOUT]: [ejektaflex.bountiful.proxy.CommonProxy:postInit:122]: PickedEntry (Stack) [Item: lycanitesmobs:cooked_krake_meat, Amount: 100, NBT: null, Weight: 25, Stages: null]
[21:41:40] [Server thread/INFO] [STDOUT]: [ejektaflex.bountiful.proxy.CommonProxy:postInit:122]: PickedEntry (Stack) [Item: lycanitesmobs:cooked_yale_meat, Amount: 100, NBT: null, Weight: 25, Stages: null]
[21:41:40] [Server thread/INFO] [STDOUT]: [ejektaflex.bountiful.proxy.CommonProxy:postInit:122]: PickedEntry (Stack) [Item: lycanitesmobs:cooked_pinky_meat, Amount: 100, NBT: null, Weight: 25, Stages: null]
[21:41:40] [Server thread/INFO] [STDOUT]: [ejektaflex.bountiful.proxy.CommonProxy:postInit:122]: PickedEntry (Stack) [Item: lycanitesmobs:cooked_aspid_meat, Amount: 100, NBT: null, Weight: 25, Stages: null]
[21:41:40] [Server thread/INFO] [STDOUT]: [ejektaflex.bountiful.proxy.CommonProxy:postInit:122]: PickedEntry (Stack) [Item: lycanitesmobs:cooked_concapede_meat, Amount: 100, NBT: null, Weight: 25, Stages: null]
[21:41:40] [Server thread/INFO] [STDOUT]: [ejektaflex.bountiful.proxy.CommonProxy:postInit:122]: PickedEntry (Stack) [Item: lycanitesmobs:cooked_ika_meat, Amount: 100, NBT: null, Weight: 25, Stages: null]
[21:41:40] [Server thread/INFO] [STDOUT]: [ejektaflex.bountiful.proxy.CommonProxy:postInit:122]: PickedEntry (Stack) [Item: lycanitesmobs:cooked_arisaur_meat, Amount: 100, NBT: null, Weight: 25, Stages: null]
[21:41:40] [Server thread/INFO] [STDOUT]: [ejektaflex.bountiful.proxy.CommonProxy:postInit:122]: PickedEntry (Stack) [Item: lycanitesmobs:cooked_silex_meat, Amount: 100, NBT: null, Weight: 25, Stages: null]
[21:41:40] [Server thread/INFO] [STDOUT]: [ejektaflex.bountiful.proxy.CommonProxy:postInit:122]: PickedEntry (Stack) [Item: lycanitesmobs:cooked_maka_meat, Amount: 100, NBT: null, Weight: 25, Stages: null]
[21:41:40] [Server thread/INFO] [STDOUT]: [ejektaflex.bountiful.proxy.CommonProxy:postInit:122]: PickedEntry (Stack) [Item: lycanitesmobs:cooked_chupacabra_meat, Amount: 100, NBT: null, Weight: 25, Stages: null]
[21:41:40] [Server thread/INFO] [STDOUT]: [ejektaflex.bountiful.proxy.CommonProxy:postInit:122]: PickedEntry (Stack) [Item: xat:mana_candy, Amount: 100, NBT: null, Weight: 20, Stages: null]
[21:41:40] [Server thread/INFO] [STDOUT]: [ejektaflex.bountiful.proxy.CommonProxy:postInit:122]: PickedEntry (Stack) [Item: switchbow:arrowlightningbolt, Amount: 25, NBT: null, Weight: 20, Stages: null]
[21:41:40] [Server thread/INFO] [STDOUT]: [ejektaflex.bountiful.proxy.CommonProxy:postInit:122]: PickedEntry (Stack) [Item: spartanweaponry:arrow_explosive, Amount: 25, NBT: null, Weight: 20, Stages: null]
[21:41:40] [Server thread/INFO] [STDOUT]: [ejektaflex.bountiful.proxy.CommonProxy:postInit:122]: PickedEntry (Stack) [Item: switchbow:arrowfrost, Amount: 25, NBT: null, Weight: 20, Stages: null]
[21:41:40] [Server thread/INFO] [STDOUT]: [ejektaflex.bountiful.proxy.CommonProxy:postInit:122]: PickedEntry (Stack) [Item: switchbow:arrowair, Amount: 25, NBT: null, Weight: 20, Stages: null]
[21:41:40] [Server thread/INFO] [STDOUT]: [ejektaflex.bountiful.proxy.CommonProxy:postInit:122]: PickedEntry (Stack) [Item: switchbow:arrowenderperle, Amount: 25, NBT: null, Weight: 20, Stages: null]
[21:41:40] [Server thread/INFO] [STDOUT]: [ejektaflex.bountiful.proxy.CommonProxy:postInit:122]: PickedEntry (Stack) [Item: switchbow:arrowvampier, Amount: 25, NBT: null, Weight: 20, Stages: null]
[21:41:40] [Server thread/INFO] [STDOUT]: [ejektaflex.bountiful.proxy.CommonProxy:postInit:122]: PickedEntry (Stack) [Item: switchbow:arrowwither, Amount: 25, NBT: null, Weight: 20, Stages: null]
[21:41:40] [Server thread/INFO] [STDOUT]: [ejektaflex.bountiful.proxy.CommonProxy:postInit:122]: PickedEntry (Stack) [Item: switchbow:arrowtorch, Amount: 25, NBT: null, Weight: 20, Stages: null]
[21:41:40] [Server thread/INFO] [STDOUT]: [ejektaflex.bountiful.proxy.CommonProxy:postInit:122]: PickedEntry (Stack) [Item: switchbow:arrowsplit, Amount: 25, NBT: null, Weight: 20, Stages: null]
[21:41:40] [Server thread/INFO] [STDOUT]: [ejektaflex.bountiful.proxy.CommonProxy:postInit:122]: PickedEntry (Stack) [Item: switchbow:arrowunderwater, Amount: 25, NBT: null, Weight: 20, Stages: null]
[21:41:40] [Server thread/INFO] [STDOUT]: [ejektaflex.bountiful.proxy.CommonProxy:postInit:122]: PickedEntry (Stack) [Item: spartanweaponry:arrow_diamond, Amount: 50, NBT: null, Weight: 30, Stages: null]
[21:41:40] [Server thread/INFO] [STDOUT]: [ejektaflex.bountiful.proxy.CommonProxy:postInit:122]: PickedEntry (Stack) [Item: spartanweaponry:arrow_iron, Amount: 25, NBT: null, Weight: 20, Stages: null]
[21:41:40] [Server thread/INFO] [STDOUT]: [ejektaflex.bountiful.proxy.CommonProxy:postInit:122]: PickedEntry (Stack) [Item: spartanweaponry:arrow_wood, Amount: 5, NBT: null, Weight: 10, Stages: null]
[21:41:40] [Server thread/INFO] [STDOUT]: [ejektaflex.bountiful.proxy.CommonProxy:postInit:122]: PickedEntry (Stack) [Item: switchbow:arrowfire, Amount: 25, NBT: null, Weight: 10, Stages: null]
[21:41:40] [Server thread/INFO] [STDOUT]: [ejektaflex.bountiful.proxy.CommonProxy:postInit:122]: PickedEntry (Stack) [Item: switchbow:arrowbone, Amount: 25, NBT: null, Weight: 10, Stages: null]
[21:41:40] [Server thread/INFO] [STDOUT]: [ejektaflex.bountiful.proxy.CommonProxy:postInit:122]: PickedEntry (Stack) [Item: switchbow:arrowfirework, Amount: 25, NBT: null, Weight: 10, Stages: null]
[21:41:40] [Server thread/INFO] [STDOUT]: [ejektaflex.bountiful.proxy.CommonProxy:postInit:122]: PickedEntry (Stack) [Item: switchbow:arrowredstone, Amount: 25, NBT: null, Weight: 10, Stages: null]
[21:41:40] [Server thread/INFO] [STDOUT]: [ejektaflex.bountiful.proxy.CommonProxy:postInit:122]: PickedEntry (Stack) [Item: switchbow:arrowburial, Amount: 25, NBT: null, Weight: 10, Stages: null]
[21:41:40] [Server thread/INFO] [STDOUT]: [ejektaflex.bountiful.proxy.CommonProxy:postInit:122]: PickedEntry (Stack) [Item: switchbow:arrowsprinkler, Amount: 25, NBT: null, Weight: 10, Stages: null]
[21:41:40] [Server thread/INFO] [STDOUT]: [ejektaflex.bountiful.proxy.CommonProxy:postInit:122]: PickedEntry (Stack) [Item: switchbow:arrowtriple, Amount: 25, NBT: null, Weight: 10, Stages: null]
[21:41:40] [Server thread/INFO] [STDOUT]: [ejektaflex.bountiful.proxy.CommonProxy:postInit:122]: PickedEntry (Stack) [Item: switchbow:arrowprotector, Amount: 25, NBT: null, Weight: 10, Stages: null]
[21:41:40] [Server thread/INFO] [STDOUT]: [ejektaflex.bountiful.proxy.CommonProxy:postInit:122]: PickedEntry (Stack) [Item: switchbow:arrowknockback, Amount: 25, NBT: null, Weight: 10, Stages: null]
[21:41:40] [Server thread/INFO] [STDOUT]: [ejektaflex.bountiful.proxy.CommonProxy:postInit:122]: PickedEntry (Stack) [Item: switchbow:arrowbouncy, Amount: 25, NBT: null, Weight: 10, Stages: null]
[21:41:40] [Server thread/INFO] [STDOUT]: [ejektaflex.bountiful.proxy.CommonProxy:postInit:122]: PickedEntry (Stack) [Item: switchbow:arrowofthesearcher, Amount: 25, NBT: null, Weight: 10, Stages: null]
[21:41:40] [Server thread/INFO] [STDOUT]: [ejektaflex.bountiful.proxy.CommonProxy:postInit:122]: PickedEntry (Stack) [Item: switchbow:arrowpiercing, Amount: 25, NBT: null, Weight: 10, Stages: null]
[21:41:40] [Server thread/INFO] [STDOUT]: [ejektaflex.bountiful.proxy.CommonProxy:postInit:122]: PickedEntry (Stack) [Item: spartanweaponry:bolt, Amount: 25, NBT: null, Weight: 20, Stages: null]
[21:41:40] [Server thread/INFO] [STDOUT]: [ejektaflex.bountiful.proxy.CommonProxy:postInit:122]: PickedEntry (Stack) [Item: spartanweaponry:bolt_diamond, Amount: 50, NBT: null, Weight: 30, Stages: null]
[21:41:40] [Server thread/INFO] [STDOUT]: [ejektaflex.bountiful.proxy.CommonProxy:postInit:122]: PickedEntry (Stack) [Item: armorunder:auto_chestplate_liner, Amount: 1000, NBT: null, Weight: 20, Stages: null]
[21:41:40] [Server thread/INFO] [STDOUT]: [ejektaflex.bountiful.proxy.CommonProxy:postInit:122]: PickedEntry (Stack) [Item: armorunder:auto_leggings_liner, Amount: 1000, NBT: null, Weight: 20, Stages: null]
[21:41:40] [Server thread/INFO] [STDOUT]: [ejektaflex.bountiful.proxy.CommonProxy:postInit:122]: PickedEntry (Stack) [Item: waystones:warp_scroll, Amount: 100, NBT: null, Weight: 30, Stages: null]
[21:41:40] [Server thread/INFO] [STDOUT]: [ejektaflex.bountiful.proxy.CommonProxy:postInit:122]: PickedEntry (Stack) [Item: waystones:return_scroll, Amount: 50, NBT: null, Weight: 30, Stages: null]
[21:41:40] [Server thread/INFO] [STDOUT]: [ejektaflex.bountiful.proxy.CommonProxy:postInit:122]: PickedEntry (Stack) [Item: quark:ancient_tome, Amount: 1000, NBT: {ench:[{id:7,lvl:3}]}, Weight: 10, Stages: null]
[21:41:40] [Server thread/INFO] [STDOUT]: [ejektaflex.bountiful.proxy.CommonProxy:postInit:122]: PickedEntry (Stack) [Item: quark:ancient_tome, Amount: 1000, NBT: {ench:[{id:2,lvl:4}]}, Weight: 10, Stages: null]
[21:41:40] [Server thread/INFO] [STDOUT]: [ejektaflex.bountiful.proxy.CommonProxy:postInit:122]: PickedEntry (Stack) [Item: quark:ancient_tome, Amount: 1000, NBT: {ench:[{id:16,lvl:5}]}, Weight: 10, Stages: null]
[21:41:40] [Server thread/INFO] [STDOUT]: [ejektaflex.bountiful.proxy.CommonProxy:postInit:122]: PickedEntry (Stack) [Item: quark:ancient_tome, Amount: 1000, NBT: {ench:[{id:17,lvl:5}]}, Weight: 10, Stages: null]
[21:41:40] [Server thread/INFO] [STDOUT]: [ejektaflex.bountiful.proxy.CommonProxy:postInit:122]: PickedEntry (Stack) [Item: quark:ancient_tome, Amount: 1000, NBT: {ench:[{id:18,lvl:5}]}, Weight: 10, Stages: null]
[21:41:40] [Server thread/INFO] [STDOUT]: [ejektaflex.bountiful.proxy.CommonProxy:postInit:122]: PickedEntry (Stack) [Item: quark:ancient_tome, Amount: 1000, NBT: {ench:[{id:19,lvl:2}]}, Weight: 10, Stages: null]
[21:41:40] [Server thread/INFO] [STDOUT]: [ejektaflex.bountiful.proxy.CommonProxy:postInit:122]: PickedEntry (Stack) [Item: quark:ancient_tome, Amount: 1000, NBT: {ench:[{id:20,lvl:2}]}, Weight: 10, Stages: null]
[21:41:40] [Server thread/INFO] [STDOUT]: [ejektaflex.bountiful.proxy.CommonProxy:postInit:122]: PickedEntry (Stack) [Item: quark:ancient_tome, Amount: 1000, NBT: {ench:[{id:21,lvl:3}]}, Weight: 10, Stages: null]
[21:41:40] [Server thread/INFO] [STDOUT]: [ejektaflex.bountiful.proxy.CommonProxy:postInit:122]: PickedEntry (Stack) [Item: quark:ancient_tome, Amount: 1000, NBT: {ench:[{id:22,lvl:3}]}, Weight: 10, Stages: null]
[21:41:40] [Server thread/INFO] [STDOUT]: [ejektaflex.bountiful.proxy.CommonProxy:postInit:122]: PickedEntry (Stack) [Item: quark:ancient_tome, Amount: 1000, NBT: {ench:[{id:32,lvl:5}]}, Weight: 10, Stages: null]
[21:41:40] [Server thread/INFO] [STDOUT]: [ejektaflex.bountiful.proxy.CommonProxy:postInit:122]: PickedEntry (Stack) [Item: quark:ancient_tome, Amount: 1000, NBT: {ench:[{id:34,lvl:3}]}, Weight: 10, Stages: null]
[21:41:40] [Server thread/INFO] [STDOUT]: [ejektaflex.bountiful.proxy.CommonProxy:postInit:122]: PickedEntry (Stack) [Item: quark:ancient_tome, Amount: 1000, NBT: {ench:[{id:35,lvl:3}]}, Weight: 10, Stages: null]
[21:41:40] [Server thread/INFO] [STDOUT]: [ejektaflex.bountiful.proxy.CommonProxy:postInit:122]: PickedEntry (Stack) [Item: quark:ancient_tome, Amount: 1000, NBT: {ench:[{id:48,lvl:5}]}, Weight: 10, Stages: null]
[21:41:40] [Server thread/INFO] [STDOUT]: [ejektaflex.bountiful.proxy.CommonProxy:postInit:122]: PickedEntry (Stack) [Item: quark:ancient_tome, Amount: 1000, NBT: {ench:[{id:49,lvl:2}]}, Weight: 10, Stages: null]
[21:41:40] [Server thread/INFO] [STDOUT]: [ejektaflex.bountiful.proxy.CommonProxy:postInit:122]: PickedEntry (Stack) [Item: quark:ancient_tome, Amount: 1000, NBT: {ench:[{id:61,lvl:3}]}, Weight: 10, Stages: null]
[21:41:40] [Server thread/INFO] [STDOUT]: [ejektaflex.bountiful.proxy.CommonProxy:postInit:122]: PickedEntry (Stack) [Item: quark:ancient_tome, Amount: 1000, NBT: {ench:[{id:62,lvl:3}]}, Weight: 10, Stages: null]
[21:41:40] [Server thread/INFO] [STDOUT]: [ejektaflex.bountiful.proxy.CommonProxy:postInit:122]: PickedEntry (Stack) [Item: sereneseasons:greenhouse_glass, Amount: 10, NBT: null, Weight: 50, Stages: null]
[21:41:40] [Server thread/INFO] [STDOUT]: [ejektaflex.bountiful.proxy.CommonProxy:postInit:122]: PickedEntry (Stack) [Item: lycanitesmobs:planttreat, Amount: 50, NBT: null, Weight: 10, Stages: null]
[21:41:40] [Server thread/INFO] [STDOUT]: [ejektaflex.bountiful.proxy.CommonProxy:postInit:122]: PickedEntry (Stack) [Item: lycanitesmobs:dragontreat, Amount: 50, NBT: null, Weight: 10, Stages: null]
[21:41:40] [Server thread/INFO] [STDOUT]: [ejektaflex.bountiful.proxy.CommonProxy:postInit:122]: PickedEntry (Stack) [Item: lycanitesmobs:demontreat, Amount: 50, NBT: null, Weight: 10, Stages: null]
[21:41:40] [Server thread/INFO] [STDOUT]: [ejektaflex.bountiful.proxy.CommonProxy:postInit:122]: PickedEntry (Stack) [Item: lycanitesmobs:imptreat, Amount: 50, NBT: null, Weight: 10, Stages: null]
[21:41:40] [Server thread/INFO] [STDOUT]: [ejektaflex.bountiful.proxy.CommonProxy:postInit:122]: PickedEntry (Stack) [Item: lycanitesmobs:aberrationtreat, Amount: 50, NBT: null, Weight: 10, Stages: null]
[21:41:40] [Server thread/INFO] [STDOUT]: [ejektaflex.bountiful.proxy.CommonProxy:postInit:122]: PickedEntry (Stack) [Item: lycanitesmobs:aviantreat, Amount: 50, NBT: null, Weight: 10, Stages: null]
[21:41:40] [Server thread/INFO] [STDOUT]: [ejektaflex.bountiful.proxy.CommonProxy:postInit:122]: PickedEntry (Stack) [Item: lycanitesmobs:amphibiantreat, Amount: 50, NBT: null, Weight: 10, Stages: null]
[21:41:40] [Server thread/INFO] [STDOUT]: [ejektaflex.bountiful.proxy.CommonProxy:postInit:122]: PickedEntry (Stack) [Item: lycanitesmobs:anthroniantreat, Amount: 50, NBT: null, Weight: 10, Stages: null]
[21:41:40] [Server thread/INFO] [STDOUT]: [ejektaflex.bountiful.proxy.CommonProxy:postInit:122]: PickedEntry (Stack) [Item: lycanitesmobs:undeadtreat, Amount: 50, NBT: null, Weight: 10, Stages: null]
[21:41:40] [Server thread/INFO] [STDOUT]: [ejektaflex.bountiful.proxy.CommonProxy:postInit:122]: PickedEntry (Stack) [Item: lycanitesmobs:wormtreat, Amount: 50, NBT: null, Weight: 10, Stages: null]
[21:41:40] [Server thread/INFO] [STDOUT]: [ejektaflex.bountiful.proxy.CommonProxy:postInit:122]: PickedEntry (Stack) [Item: lycanitesmobs:beasttreat, Amount: 50, NBT: null, Weight: 10, Stages: null]
[21:41:40] [Server thread/INFO] [STDOUT]: [ejektaflex.bountiful.proxy.CommonProxy:postInit:122]: PickedEntry (Stack) [Item: lycanitesmobs:insecttreat, Amount: 50, NBT: null, Weight: 10, Stages: null]
[21:41:40] [Server thread/INFO] [STDOUT]: [ejektaflex.bountiful.proxy.CommonProxy:postInit:122]: PickedEntry (Stack) [Item: lycanitesmobs:aquatictreat, Amount: 50, NBT: null, Weight: 10, Stages: null]
[21:41:40] [Server thread/INFO] [STDOUT]: [ejektaflex.bountiful.proxy.CommonProxy:postInit:122]: PickedEntry (Stack) [Item: lycanitesmobs:reptiletreat, Amount: 50, NBT: null, Weight: 10, Stages: null]
[21:41:40] [Server thread/INFO] [STDOUT]: [ejektaflex.bountiful.proxy.CommonProxy:postInit:122]: PickedEntry (Stack) [Item: aquaculture:loot:7, Amount: 100, NBT: null, Weight: 10, Stages: null]
[21:41:40] [Server thread/INFO] [STDOUT]: [ejektaflex.bountiful.proxy.CommonProxy:postInit:122]: PickedEntry (Stack) [Item: roughtweaks:medikit, Amount: 1000, NBT: null, Weight: 10, Stages: null]
[21:41:40] [Server thread/INFO] [STDOUT]: [ejektaflex.bountiful.proxy.CommonProxy:postInit:122]: PickedEntry (Stack) [Item: roughtweaks:medikitenchanted, Amount: 2000, NBT: null, Weight: 10, Stages: null]
[21:41:40] [Server thread/INFO] [STDOUT]: [ejektaflex.bountiful.proxy.CommonProxy:postInit:122]: PickedEntry (Stack) [Item: classyhats:hat, Amount: 1500, NBT: {hat:"acornhat"}, Weight: 10, Stages: null]
[21:41:40] [Server thread/INFO] [STDOUT]: [ejektaflex.bountiful.proxy.CommonProxy:postInit:122]: PickedEntry (Stack) [Item: classyhats:hat, Amount: 1500, NBT: {hat:"beehat"}, Weight: 10, Stages: null]
[21:41:40] [Server thread/INFO] [STDOUT]: [ejektaflex.bountiful.proxy.CommonProxy:postInit:122]: PickedEntry (Stack) [Item: classyhats:hat, Amount: 1500, NBT: {hat:"bigeyes"}, Weight: 10, Stages: null]
[21:41:40] [Server thread/INFO] [STDOUT]: [ejektaflex.bountiful.proxy.CommonProxy:postInit:122]: PickedEntry (Stack) [Item: classyhats:hat, Amount: 1500, NBT: {hat:"burgerhat"}, Weight: 10, Stages: null]
[21:41:40] [Server thread/INFO] [STDOUT]: [ejektaflex.bountiful.proxy.CommonProxy:postInit:122]: PickedEntry (Stack) [Item: classyhats:hat, Amount: 1500, NBT: {hat:"chefshat"}, Weight: 10, Stages: null]
[21:41:40] [Server thread/INFO] [STDOUT]: [ejektaflex.bountiful.proxy.CommonProxy:postInit:122]: PickedEntry (Stack) [Item: classyhats:hat, Amount: 1500, NBT: {hat:"cyclopseye"}, Weight: 10, Stages: null]
[21:41:40] [Server thread/INFO] [STDOUT]: [ejektaflex.bountiful.proxy.CommonProxy:postInit:122]: PickedEntry (Stack) [Item: classyhats:hat, Amount: 1500, NBT: {hat:"fakeblight"}, Weight: 10, Stages: null]
[21:41:40] [Server thread/INFO] [STDOUT]: [ejektaflex.bountiful.proxy.CommonProxy:postInit:122]: PickedEntry (Stack) [Item: classyhats:hat, Amount: 1500, NBT: {hat:"fakefire"}, Weight: 10, Stages: null]
[21:41:40] [Server thread/INFO] [STDOUT]: [ejektaflex.bountiful.proxy.CommonProxy:postInit:122]: PickedEntry (Stack) [Item: classyhats:hat, Amount: 1500, NBT: {hat:"flies"}, Weight: 10, Stages: null]
[21:41:40] [Server thread/INFO] [STDOUT]: [ejektaflex.bountiful.proxy.CommonProxy:postInit:122]: PickedEntry (Stack) [Item: classyhats:hat, Amount: 1500, NBT: {hat:"floatinghearts"}, Weight: 10, Stages: null]
[21:41:40] [Server thread/INFO] [STDOUT]: [ejektaflex.bountiful.proxy.CommonProxy:postInit:122]: PickedEntry (Stack) [Item: classyhats:hat, Amount: 1500, NBT: {hat:"headshot"}, Weight: 10, Stages: null]
[21:41:40] [Server thread/INFO] [STDOUT]: [ejektaflex.bountiful.proxy.CommonProxy:postInit:122]: PickedEntry (Stack) [Item: classyhats:hat, Amount: 1500, NBT: {hat:"jesterhat"}, Weight: 10, Stages: null]
[21:41:40] [Server thread/INFO] [STDOUT]: [ejektaflex.bountiful.proxy.CommonProxy:postInit:122]: PickedEntry (Stack) [Item: classyhats:hat, Amount: 1500, NBT: {hat:"mohawk"}, Weight: 10, Stages: null]
[21:41:40] [Server thread/INFO] [STDOUT]: [ejektaflex.bountiful.proxy.CommonProxy:postInit:122]: PickedEntry (Stack) [Item: classyhats:hat, Amount: 1500, NBT: {hat:"rabbitears"}, Weight: 10, Stages: null]
[21:41:40] [Server thread/INFO] [STDOUT]: [ejektaflex.bountiful.proxy.CommonProxy:postInit:122]: PickedEntry (Stack) [Item: classyhats:hat, Amount: 1500, NBT: {hat:"redeyes"}, Weight: 10, Stages: null]
[21:41:40] [Server thread/INFO] [STDOUT]: [ejektaflex.bountiful.proxy.CommonProxy:postInit:122]: PickedEntry (Stack) [Item: classyhats:hat, Amount: 1500, NBT: {hat:"rubbernipple"}, Weight: 10, Stages: null]
[21:41:40] [Server thread/INFO] [STDOUT]: [ejektaflex.bountiful.proxy.CommonProxy:postInit:122]: PickedEntry (Stack) [Item: classyhats:hat, Amount: 1500, NBT: {hat:"triangleshades"}, Weight: 10, Stages: null]
[21:41:40] [Server thread/INFO] [STDOUT]: [ejektaflex.bountiful.proxy.CommonProxy:postInit:122]: PickedEntry (Stack) [Item: contenttweaker:resource_crate, Amount: 500, NBT: null, Weight: 25, Stages: null]
[21:41:40] [Server thread/INFO] [STDOUT]: [ejektaflex.bountiful.proxy.CommonProxy:postInit:122]: PickedEntry (Stack) [Item: variedcommodities:coin_stone, Amount: 2500, NBT: null, Weight: 10, Stages: null]
[21:41:40] [Server thread/INFO] [cd4017be_lib]: skipped core.POST_INIT
[21:41:40] [Server thread/INFO] [cd4017be_lib]: skipped verticalDimensionStack.POST_INIT
[21:41:40] [Server thread/ERROR] [champions]: Invalid entity found in mob config! aether_legacy:sun_spirit
[21:41:40] [Server thread/INFO] [craftablechainmail]: Post-init OK!
[21:41:40] [Server thread/INFO] [DLDUNGEONS]: Loading custom NBT tags (nbt.cfg)
[21:41:40] [Server thread/INFO] [DLDUNGEONS]: Loading chest loot file (chests.cfg)
[21:41:40] [Server thread/INFO] [DLDUNGEONS]: Found 1 special chest configs.
[21:41:40] [Server thread/INFO] [DLDUNGEONS]: Loading chest loot file (oceanic_chests.cfg)
[21:41:40] [Server thread/INFO] [DLDUNGEONS]: Found 6 block family configs.
[21:41:40] [Server thread/INFO] [DLDUNGEONS]: Found 12 themes.
[21:41:40] [Server thread/INFO] [fishingmadebetter]: Loading: aquaculture.json
[21:41:40] [Server thread/INFO] [fishingmadebetter]: =========== Loaded Fishes ============
[21:41:40] [Server thread/INFO] [fishingmadebetter]: Electric Eel
[21:41:40] [Server thread/INFO] [fishingmadebetter]: Halibut
[21:41:40] [Server thread/INFO] [fishingmadebetter]: Bagrid
[21:41:40] [Server thread/INFO] [fishingmadebetter]: Muskellunge
[21:41:40] [Server thread/INFO] [fishingmadebetter]: Brown Trout
[21:41:40] [Server thread/INFO] [fishingmadebetter]: Shark
[21:41:40] [Server thread/INFO] [fishingmadebetter]: Rainbow Trout
[21:41:40] [Server thread/INFO] [fishingmadebetter]: Bluegill
[21:41:40] [Server thread/INFO] [fishingmadebetter]: Boulti
[21:41:40] [Server thread/INFO] [fishingmadebetter]: Red Grouper
[21:41:40] [Server thread/INFO] [fishingmadebetter]: Piranha
[21:41:40] [Server thread/INFO] [fishingmadebetter]: Capitaine
[21:41:40] [Server thread/INFO] [fishingmadebetter]: Leech
[21:41:40] [Server thread/INFO] [fishingmadebetter]: Chinook Salmon
[21:41:40] [Server thread/INFO] [fishingmadebetter]: Red Shrooma
[21:41:40] [Server thread/INFO] [fishingmadebetter]: Brown Shrooma
[21:41:40] [Server thread/INFO] [fishingmadebetter]: Catfish
[21:41:40] [Server thread/INFO] [fishingmadebetter]: Tambaqui
[21:41:40] [Server thread/INFO] [fishingmadebetter]: Polar Cod
[21:41:40] [Server thread/INFO] [fishingmadebetter]: Pollock
[21:41:40] [Server thread/INFO] [fishingmadebetter]: Goldfish
[21:41:40] [Server thread/INFO] [fishingmadebetter]: Swordfish
[21:41:40] [Server thread/INFO] [fishingmadebetter]: Bass
[21:41:40] [Server thread/INFO] [fishingmadebetter]: Tautog
[21:41:40] [Server thread/INFO] [fishingmadebetter]: Turtle
[21:41:40] [Server thread/INFO] [fishingmadebetter]: Arctic Salmon
[21:41:40] [Server thread/INFO] [fishingmadebetter]: Carp
[21:41:40] [Server thread/INFO] [fishingmadebetter]: Frog
[21:41:40] [Server thread/INFO] [fishingmadebetter]: Giant Squid
[21:41:40] [Server thread/INFO] [fishingmadebetter]: Arapaima
[21:41:40] [Server thread/INFO] [fishingmadebetter]: Jellyfish
[21:41:40] [Server thread/INFO] [fishingmadebetter]: Tuna
[21:41:40] [Server thread/INFO] [fishingmadebetter]: Whale
[21:41:40] [Server thread/INFO] [fishingmadebetter]: Herring
[21:41:40] [Server thread/INFO] [fishingmadebetter]: Synodontis
[21:41:40] [Server thread/INFO] [fishingmadebetter]: Perch
[21:41:40] [Server thread/INFO] [fishingmadebetter]: Gar
[21:41:40] [Server thread/INFO] [fishingmadebetter]: Blowfish
[21:41:40] [Server thread/INFO] [fishingmadebetter]: ======================================
[21:41:40] [Server thread/INFO] [fishingmadebetter]: Loading: advancedfishing.json
[21:41:40] [Server thread/INFO] [fishingmadebetter]: =========== Loaded Fishes ============
[21:41:40] [Server thread/INFO] [fishingmadebetter]: Golden Koi
[21:41:40] [Server thread/INFO] [fishingmadebetter]: Wrackke
[21:41:40] [Server thread/INFO] [fishingmadebetter]: Quartzander
[21:41:40] [Server thread/INFO] [fishingmadebetter]: Red Fungalfin
[21:41:40] [Server thread/INFO] [fishingmadebetter]: Angelfish
[21:41:40] [Server thread/INFO] [fishingmadebetter]: Brown Fungalfin
[21:41:40] [Server thread/INFO] [fishingmadebetter]: Specular Snapper
[21:41:40] [Server thread/INFO] [fishingmadebetter]: Sunfish
[21:41:40] [Server thread/INFO] [fishingmadebetter]: Frost Minnow
[21:41:40] [Server thread/INFO] [fishingmadebetter]: Warthead
[21:41:40] [Server thread/INFO] [fishingmadebetter]: Squid
[21:41:40] [Server thread/INFO] [fishingmadebetter]: Bluebottle Jellyfish
[21:41:40] [Server thread/INFO] [fishingmadebetter]: Mudskinned Piranha
[21:41:40] [Server thread/INFO] [fishingmadebetter]: Pike
[21:41:40] [Server thread/INFO] [fishingmadebetter]: Prismatic Angler
[21:41:40] [Server thread/INFO] [fishingmadebetter]: Glacier Anchovy
[21:41:40] [Server thread/INFO] [fishingmadebetter]: Withered Crucian
[21:41:40] [Server thread/INFO] [fishingmadebetter]: Abyssal Lurker
[21:41:40] [Server thread/INFO] [fishingmadebetter]: Ruffe
[21:41:40] [Server thread/INFO] [fishingmadebetter]: Snowy Walleye
[21:41:40] [Server thread/INFO] [fishingmadebetter]: Magikarp
[21:41:40] [Server thread/INFO] [fishingmadebetter]: Flarefin Koi
[21:41:40] [Server thread/INFO] [fishingmadebetter]: Fluorescent Slimefish
[21:41:40] [Server thread/INFO] [fishingmadebetter]: Carbonic Trout
[21:41:40] [Server thread/INFO] [fishingmadebetter]: Mud Tuna
[21:41:40] [Server thread/INFO] [fishingmadebetter]: Ender Synanceia
[21:41:40] [Server thread/INFO] [fishingmadebetter]: Pearlfish
[21:41:40] [Server thread/INFO] [fishingmadebetter]: Nitric Crucian
[21:41:40] [Server thread/INFO] [fishingmadebetter]: Bonefish
[21:41:40] [Server thread/INFO] [fishingmadebetter]: Cursed Koi
[21:41:40] [Server thread/INFO] [fishingmadebetter]: Green-Finned Plaice
[21:41:40] [Server thread/INFO] [fishingmadebetter]: Mandarin Dragonet
[21:41:40] [Server thread/INFO] [fishingmadebetter]: Brown Bullhead
[21:41:40] [Server thread/INFO] [fishingmadebetter]: Chorus Koi
[21:41:40] [Server thread/INFO] [fishingmadebetter]: Barred Sand Bass
[21:41:40] [Server thread/INFO] [fishingmadebetter]: Midnight Bream
[21:41:40] [Server thread/INFO] [fishingmadebetter]: Blazing Chichlid
[21:41:40] [Server thread/INFO] [fishingmadebetter]: Sparkling Eel
[21:41:40] [Server thread/INFO] [fishingmadebetter]: Bluehead Porifcian
[21:41:40] [Server thread/INFO] [fishingmadebetter]: Lazulicanth
[21:41:40] [Server thread/INFO] [fishingmadebetter]: Phantasmal Tetra
[21:41:40] [Server thread/INFO] [fishingmadebetter]: Charged Bullhead
[21:41:40] [Server thread/INFO] [fishingmadebetter]: Magmatic Jellyfish
[21:41:40] [Server thread/INFO] [fishingmadebetter]: ======================================
[21:41:40] [Server thread/INFO] [fishingmadebetter]: Loading: vanilla.json
[21:41:40] [Server thread/INFO] [fishingmadebetter]: =========== Loaded Fishes ============
[21:41:40] [Server thread/INFO] [fishingmadebetter]: Red Salmon
[21:41:40] [Server thread/INFO] [fishingmadebetter]: Pufferfish
[21:41:40] [Server thread/INFO] [fishingmadebetter]: Cod
[21:41:40] [Server thread/INFO] [fishingmadebetter]: Clownfish
[21:41:40] [Server thread/INFO] [fishingmadebetter]: ======================================
[21:41:40] [Server thread/INFO] [fishingmadebetter]: Loaded 3 file(s).
[21:41:40] [Server thread/INFO] [fishingmadebetter]: Found and removed levelup2.skills.crafting.FishingLootBonus IEventListener onFishInteract from the event bus
[21:41:40] [Server thread/WARN] [notreepunching]: You are not running an official build. This version will NOT be supported by the author.
[21:41:40] [Server thread/INFO] [notreepunching]: Found and replaced additional 3 Log -> Planks recipes with Saw + Log -> Plank recipes. (Second Pass)
[21:41:40] [Server thread/INFO] [nuclearcraft]: Post Initializing...
[21:41:40] [Server thread/INFO] [placebo]: Beginning replacement of all shapeless recipes...
[21:41:40] [Server thread/INFO] [placebo]: Expect log spam from FML!
[21:41:40] [Server thread/INFO] [placebo]: Successfully replaced 766 recipes with fast recipes.
[21:41:40] [Server thread/INFO] [realistictorches]: Removed 2 torch recipes.
[21:41:40] [Server thread/INFO] [realistictorches]: Registered 0 blocks and 5 items as light sources.
[21:41:40] [Server thread/INFO] [reborncore]: Loaded registrys for net.minecraftforge.fml.common.event.FMLPostInitializationEvent in 0ms
[21:41:40] [Server thread/INFO] [RLTweaker]: Replaced curse_break enchantment type with RLTweaker Charm curse_break
[21:41:40] [Server thread/INFO] [RLTweaker]: Replaced homing enchantment type with RLTweaker Charm homing
[21:41:40] [Server thread/INFO] [RLTweaker]: Replaced magnetic enchantment type with RLTweaker Charm magnetic
[21:41:40] [Server thread/INFO] [RLTweaker]: Fixing Charged Emerald Crash
[21:41:40] [Server thread/INFO] [RLTweaker]: Found and removed tschipp.carryon.common.event.ItemEvents IEventListener onItemDropped from the event bus
[21:41:40] [Server thread/INFO] [RLTweaker]: Registering COItemDropped to the event bus
[21:41:40] [Server thread/INFO] [SimpleDifficulty]: FirstAid Dehydration Registered
[21:41:40] [Server thread/INFO] [SimpleDifficultyASM]: Found class with shadows: com/charles445/simpledifficulty/compat/mod/InspirationsHandler$CanteenRecipe
[21:41:40] [Server thread/INFO] [SimpleDifficultyASM]: Rewriting class with shadows: com/charles445/simpledifficulty/compat/mod/InspirationsHandler$CanteenRecipe
[21:41:40] [Server thread/INFO] [SimpleDifficulty]: Armor Underwear Modifiers Enabled
[21:41:40] [Server thread/INFO] [SimpleDifficulty]: Baubles Modifier Enabled
[21:41:40] [Server thread/INFO] [SimpleDifficulty]: Inspirations Handler Enabled
[21:41:40] [Server thread/INFO] [SimpleDifficulty]: Serene Seasons Modifier Enabled
[21:41:40] [Server thread/INFO] [srparasites]: [MOD COMPATIBILITY] 1 of 2 modules activated
[21:41:40] [Server thread/INFO] [STDOUT]: [com.lycanitesmobs.LycanitesMobs:logDebug:290]: [LycanitesMobs] [Debug] [] Loading 98 JSON Spawners...
[21:41:40] [Server thread/INFO] [STDOUT]: [com.lycanitesmobs.LycanitesMobs:logDebug:290]: [LycanitesMobs] [Debug] [] Complete! 98 JSON Spawners Loaded In Total.
[21:41:40] [Server thread/INFO] [wolfarmor]: Performing server-side compatibility postInit for mobends...
[21:41:40] [Server thread/INFO] [bnbgaminglib]: FML mod loading complete. There appear to be 1 BNBGaming mods present.
[21:41:40] [Server thread/INFO] [dsurround]: Loading external configuration script 'rlcraft_sounds.json'
[21:41:40] [Server thread/INFO] [dsurround]: Loading external configuration script 'rlcraft_entity.json'
[21:41:40] [Server thread/INFO] [dsurround]: Loading external configuration script 'dregora_sounds.json'
[21:41:40] [Server thread/INFO] [dsurround]: Loading external configuration script 'biomes.json'
[21:41:40] [Server thread/INFO] [dsurround]: Loading external configuration script 'dimensions.json'
[21:41:40] [Server thread/INFO] [dsurround]: Initializing registry [Dimension Registry]
[21:41:40] [Server thread/INFO] [FermiumASM]: Trimming simple registries
[21:41:40] [Server thread/INFO] [FermiumASM]: Cleaning up LaunchClassLoader
[21:41:40] [Server thread/INFO] [FermiumASM]: 1947688 total strings processed. 125383 unique strings in NormalStringPool, 1822305 strings deduplicated altogether during game load.
[21:41:40] [Server thread/INFO] [FermiumASM]: Took 14.47 ms to canonicalize Java's FilePermission caches.
[21:41:40] [Server thread/INFO] [fxcontrol]: Reading rules from effects.json
[21:41:40] [Server thread/INFO] [fxcontrol]: Loaded 0 rules!
[21:41:40] [Server thread/INFO] [fxcontrol]: Reading rules from breakevents.json
[21:41:40] [Server thread/INFO] [fxcontrol]: Loaded 1 rules!
[21:41:40] [Server thread/INFO] [fxcontrol]: Reading rules from placeevents.json
[21:41:40] [Server thread/INFO] [fxcontrol]: Loaded 4 rules!
[21:41:40] [Server thread/INFO] [fxcontrol]: Reading rules from rightclicks.json
[21:41:40] [Server thread/INFO] [fxcontrol]: Loaded 8 rules!
[21:41:40] [Server thread/INFO] [fxcontrol]: Reading rules from leftclicks.json
[21:41:40] [Server thread/INFO] [fxcontrol]: Loaded 0 rules!
[21:41:40] [Server thread/INFO] [incontrol]: Reading spawn rules from spawn.json
[21:41:40] [Server thread/INFO] [incontrol]: Reading spawn rules from summonaid.json
[21:41:40] [Server thread/INFO] [incontrol]: Reading spawn rules from potentialspawn.json
[21:41:40] [Server thread/INFO] [incontrol]: Reading spawn rules from loot.json
[21:41:40] [Server thread/INFO] [incontrol]: Reading spawn rules from experience.json
[21:41:40] [Server thread/INFO] [RLTweaker]: Found and removed atomicstryker.battletowers.common.WorldGenHandler IEventListener eventWorldLoad from the event bus
[21:41:40] [Server thread/INFO] [RLTweaker]: Registering BTWorldLoadEvent to the event bus
[21:41:40] [Server thread/INFO] [RLTweaker]: Found and removed atomicstryker.battletowers.common.WorldGenHandler IEventListener eventWorldLoad from the event bus
[21:41:40] [Server thread/INFO] [RLTweaker]: Found and removed atomicstryker.battletowers.common.WorldGenHandler IEventListener eventWorldSave from the event bus
[21:41:40] [Server thread/INFO] [RLTweaker]: Registering BTWorldSaveEvent to the event bus
[21:41:40] [Server thread/INFO] [RLTweaker]: Found and removed atomicstryker.battletowers.common.WorldGenHandler IEventListener eventWorldSave from the event bus
[21:41:40] [Server thread/INFO] [RLTweaker]: Wrapped IWorldGenerator of class atomicstryker.battletowers.common.WorldGenHandler
[21:41:40] [Server thread/INFO] [RLTweaker]: Found and removed levelup2.skills.combat.StealthDamage IEventListener onDamage from the event bus
[21:41:40] [Server thread/INFO] [RLTweaker]: Registering LUStealthDamage to the event bus
[21:41:40] [Server thread/INFO] [RLTweaker]: Found and removed levelup2.skills.combat.SwordCritBonus IEventListener onHurting from the event bus
[21:41:40] [Server thread/INFO] [RLTweaker]: Registering LUSwordCrit to the event bus
[21:41:40] [Server thread/INFO] [RLTweaker]: Found and removed levelup2.skills.combat.SwordDamageBonus IEventListener onHurting from the event bus
[21:41:40] [Server thread/INFO] [RLTweaker]: Registering LUSwordDamage to the event bus
[21:41:40] [Server thread/INFO] [RLTweaker]: Found and removed levelup2.skills.combat.XPBonusCombat IEventListener getCombatBonus from the event bus
[21:41:40] [Server thread/INFO] [RLTweaker]: Registering LUXPBonus to the event bus
[21:41:40] [Server thread/INFO] [RLTweaker]: Found and removed levelup2.skills.combat.StealthBonus IEventListener onTargetSet from the event bus
[21:41:40] [Server thread/INFO] [RLTweaker]: Registering LUStealthTarget to the event bus
[21:41:40] [Server thread/INFO] [RLTweaker]: Gathered subscriber instance of class: levelup2.skills.combat.StealthBonus
[21:41:40] [Server thread/INFO] [RLTweaker]: Found and removed vazkii.quark.misc.feature.AncientTomes IEventListener onAnvilUpdate from the event bus
[21:41:40] [Server thread/INFO] [RLTweaker]: Registering QKAncientTomeAnvilUpdate to the event bus
[21:41:40] [Server thread/INFO] [RLTweaker]: Removed Infernal Mobs Blacklisted Enchantment: somanyenchantments:pandorascurse
[21:41:40] [Server thread/INFO] [RLTweaker]: Removed Infernal Mobs Blacklisted Enchantment: mod_lavacow:poisonous
[21:41:40] [Server thread/INFO] [RLTweaker]: Removed Infernal Mobs Blacklisted Enchantment: mod_lavacow:lifesteal
[21:41:40] [Server thread/INFO] [RLTweaker]: Removed Infernal Mobs Blacklisted Enchantment: mod_lavacow:corrosive
[21:41:40] [Server thread/INFO] [RLTweaker]: Removed Infernal Mobs Blacklisted Enchantment: mujmajnkraftsbettersurvival:vitality
[21:41:40] [Server thread/INFO] [RLTweaker]: Removed Infernal Mobs Blacklisted Enchantment: aquaculture:appealing
[21:41:40] [Server thread/INFO] [RLTweaker]: Removed Infernal Mobs Blacklisted Enchantment: aquaculture:magnetic
[21:41:40] [Server thread/INFO] [RLTweaker]: Removed Infernal Mobs Blacklisted Enchantment: aquaculture:long_cast
[21:41:40] [Server thread/INFO] [RLTweaker]: Removed Infernal Mobs Blacklisted Enchantment: aquaculture:short_cast
[21:41:40] [Server thread/INFO] [RLTweaker]: Removed Infernal Mobs Blacklisted Enchantment: aquaculture:double_hook
[21:41:40] [Server thread/INFO] [RLTweaker]: Removed Infernal Mobs Blacklisted Enchantment: aquaculture:barbed_hook
[21:41:40] [Server thread/INFO] [RLTweaker]: Removed Infernal Mobs Blacklisted Enchantment: aquaculture:heavy_line
[21:41:40] [Server thread/INFO] [RLTweakerWatchdog]: Adding Watchdog Routine: InfernalMobs Stall
[21:41:40] [Server thread/INFO] [RLTweakerWatchdog]: Adding Watchdog Routine: MultiMine Stall
[21:41:40] [Server thread/INFO] [Surge]: The game loaded in approximately  24.929 seconds.
[21:41:40] [Server thread/INFO] [wolfarmor]: Performing server-side compatibility loadComplete for mobends...
[21:41:40] [Server thread/INFO] [FML]: Forge Mod Loader has successfully loaded 203 mods
[21:41:41] [Finalizer/WARN] [FermiumASM]: Clearing NormalStringPool 1
[21:41:41] [Server thread/INFO] [dimstack]: Dimension stack configuration file for world DregoraRL sucessfully loaded.
[21:41:41] [Server thread/INFO] [net.minecraft.server.dedicated.DedicatedServer]: Preparing level "DregoraRL"
[21:41:41] [Server thread/INFO] [FML]: Injecting existing registry data into this server instance
[21:41:41] [Server thread/INFO] [FML]: Registry Biome: Found a missing id from the world openterraingenerator:underneath_ancient_remnants
[21:41:41] [Server thread/INFO] [FML]: Registry Biome: Found a missing id from the world openterraingenerator:overworld_sandy_fungal
[21:41:41] [Server thread/INFO] [FML]: Registry Biome: Found a missing id from the world openterraingenerator:overworld_dry_rocky_forests
[21:41:41] [Server thread/INFO] [FML]: Registry Biome: Found a missing id from the world openterraingenerator:underneath_underneath
[21:41:41] [Server thread/INFO] [FML]: Registry Biome: Found a missing id from the world openterraingenerator:overworld_abyssal_rift
[21:41:41] [Server thread/INFO] [FML]: Registry Biome: Found a missing id from the world openterraingenerator:overworld_green_abyss
[21:41:41] [Server thread/INFO] [FML]: Registry Biome: Found a missing id from the world openterraingenerator:overworld_grey_fungal
[21:41:41] [Server thread/INFO] [FML]: Registry Biome: Found a missing id from the world openterraingenerator:overworld_ancient_swamp
[21:41:41] [Server thread/INFO] [FML]: Registry Biome: Found a missing id from the world openterraingenerator:overworld_viking_realm
[21:41:41] [Server thread/INFO] [FML]: Registry Biome: Found a missing id from the world openterraingenerator:overworld_ancient_redwood_forest
[21:41:41] [Server thread/INFO] [FML]: Registry Biome: Found a missing id from the world openterraingenerator:overworld_dark_earth
[21:41:41] [Server thread/INFO] [FML]: Registry Biome: Found a missing id from the world openterraingenerator:overworld_abyssal_gate
[21:41:41] [Server thread/INFO] [FML]: Registry Biome: Found a missing id from the world openterraingenerator:overworld_green_peaks
[21:41:41] [Server thread/INFO] [FML]: Registry Biome: Found a missing id from the world openterraingenerator:overworld_wicked_plains
[21:41:41] [Server thread/INFO] [FML]: Registry Biome: Found a missing id from the world openterraingenerator:overworld_dead_mesa
[21:41:41] [Server thread/INFO] [FML]: Registry Biome: Found a missing id from the world openterraingenerator:overworld_ancient_rainforest
[21:41:41] [Server thread/INFO] [FML]: Registry Biome: Found a missing id from the world openterraingenerator:overworld_flower_fungal
[21:41:41] [Server thread/INFO] [FML]: Registry Biome: Found a missing id from the world openterraingenerator:overworld_toxic_swamp
[21:41:41] [Server thread/INFO] [FML]: Registry Biome: Found a missing id from the world openterraingenerator:overworld_rainforest_mountains
[21:41:41] [Server thread/INFO] [FML]: Registry Biome: Found a missing id from the world openterraingenerator:overworld_land_of_pillars
[21:41:41] [Server thread/INFO] [FML]: Registry Biome: Found a missing id from the world openterraingenerator:overworld_ancient_tundra
[21:41:41] [Server thread/INFO] [FML]: Registry Biome: Found a missing id from the world openterraingenerator:overworld_ancient_autumn_forest
[21:41:41] [Server thread/INFO] [FML]: Registry Biome: Found a missing id from the world openterraingenerator:overworld_crystal_abyss
[21:41:41] [Server thread/INFO] [FML]: Registry Biome: Found a missing id from the world openterraingenerator:overworld_corrupted_scarlet_grove
[21:41:41] [Server thread/INFO] [FML]: Registry Biome: Found a missing id from the world openterraingenerator:overworld_polluted_ocean
[21:41:41] [Server thread/INFO] [FML]: Registry Biome: Found a missing id from the world openterraingenerator:overworld_ruins_of_blight
[21:41:41] [Server thread/INFO] [FML]: Registry Biome: Found a missing id from the world openterraingenerator:overworld_cracked_mountain
[21:41:41] [Server thread/INFO] [FML]: Registry Biome: Found a missing id from the world openterraingenerator:overworld_rotten_fungal_plains
[21:41:41] [Server thread/INFO] [FML]: Registry Biome: Found a missing id from the world openterraingenerator:overworld_dead_river
[21:41:41] [Server thread/INFO] [FML]: Registry Biome: Found a missing id from the world openterraingenerator:overworld_frozen_mud_plains
[21:41:41] [Server thread/INFO] [FML]: Registry Biome: Found a missing id from the world openterraingenerator:overworld_dead_shores
[21:41:41] [Server thread/INFO] [FML]: Registry Biome: Found a missing id from the world openterraingenerator:overworld_dead_wastelands
[21:41:41] [Server thread/INFO] [FML]: Registry Biome: Found a missing id from the world openterraingenerator:overworld_ashen_rainforest
[21:41:41] [Server thread/INFO] [FML]: Registry Biome: Found a missing id from the world openterraingenerator:overworld_rainforest_beach
[21:41:41] [Server thread/INFO] [FML]: Registry Biome: Found a missing id from the world openterraingenerator:overworld_mycelium_ocean
[21:41:41] [Server thread/INFO] [FML]: Registry Biome: Found a missing id from the world openterraingenerator:overworld_crystal_bog
[21:41:41] [Server thread/INFO] [FML]: Registry Biome: Found a missing id from the world openterraingenerator:overworld_yellowstone
[21:41:41] [Server thread/INFO] [FML]: Registry Biome: Found a missing id from the world openterraingenerator:overworld_deep_ocean_trench
[21:41:41] [Server thread/INFO] [FML]: Registry Biome: Found a missing id from the world openterraingenerator:overworld_carnivorous_forest
[21:41:41] [Server thread/INFO] [FML]: Registry Biome: Found a missing id from the world openterraingenerator:overworld_forged_lands_of_tranquillity
[21:41:41] [Server thread/INFO] [FML]: Registry Biome: Found a missing id from the world openterraingenerator:overworld_corrupted_shadow_forest
[21:41:41] [Server thread/INFO] [FML]: Registry Biome: Found a missing id from the world openterraingenerator:overworld_frozen_plains
[21:41:41] [Server thread/INFO] [FML]: Registry Biome: Found a missing id from the world openterraingenerator:overworld_lair_of_the_thing
[21:41:41] [Server thread/INFO] [FML]: Registry Biome: Found a missing id from the world openterraingenerator:overworld_ravenous_jungle
[21:41:41] [Server thread/INFO] [FML]: Registry Biome: Found a missing id from the world openterraingenerator:overworld_nuclear_swamp
[21:41:41] [Server thread/INFO] [FML]: Registry Biome: Found a missing id from the world openterraingenerator:overworld_corrupted_viking_realm
[21:41:41] [Server thread/INFO] [FML]: Registry Biome: Found a missing id from the world openterraingenerator:overworld_blood_stained_plains
[21:41:41] [Server thread/INFO] [FML]: Registry Biome: Found a missing id from the world openterraingenerator:overworld_nuclear_ruins
[21:41:41] [Server thread/INFO] [FML]: Applying holder lookups
[21:41:41] [Server thread/INFO] [FML]: Holder lookups applied
[21:41:42] [Server thread/INFO] [ASMUtil]: Transforming class com/pg85/otg/util/minecraft/defaults/EntityNames
[21:41:42] [Server thread/INFO] [ASMUtil]: Transforming class com/pg85/otg/util/minecraft/defaults/EntityNames
[21:41:42] [Server thread/WARN] [OTG]: Can't find BiomeDictId: "PARASITE".
[21:41:42] [Server thread/WARN] [OTG]: Can't find BiomeDictId: "PARASITE".
[21:41:43] [Server thread/ERROR] [bettermineshafts]: variants.json: Unable to find property variant for block Red Sandstone Slab
[21:41:43] [Server thread/ERROR] [bettermineshafts]: variants.json: Unable to find property variant for block Red Sandstone Slab
[21:41:43] [Server thread/ERROR] [bettermineshafts]: variants.json: Unable to find property variant for block Red Sandstone Slab
[21:41:43] [Server thread/ERROR] [bettermineshafts]: variants.json: Unable to find property variant for block Red Sandstone Slab
[21:41:43] [Server thread/INFO] [ASMUtil]: Transforming class com/pg85/otg/forge/generator/OTGChunkGenerator
[21:41:43] [Server thread/INFO] [ASMUtil]: Transforming class com/pg85/otg/forge/generator/OTGChunkGenerator
[21:41:43] [Server thread/INFO] [ASMUtil]: Transforming class com/pg85/otg/forge/world/ForgeWorld
[21:41:43] [Server thread/INFO] [ASMUtil]: Transforming class com/pg85/otg/forge/world/ForgeWorld
[21:41:45] [Server thread/INFO] [FML]: Loading dimension 0 (DregoraRL) (net.minecraft.server.dedicated.DedicatedServer@1a926731)
[21:41:45] [Server thread/INFO] [fishingmadebetter]: Injecting Aquaculture junk into FishingMadeBetter junk
[21:41:45] [Server thread/INFO] [fishingmadebetter]: Injecting Aquaculture treasure into FishingMadeBetter treasure
[21:41:45] [Server thread/INFO] [ASMUtil]: Transforming class net/minecraft/world/ServerWorldEventHandler
[21:41:45] [Server thread/INFO] [ASMUtil]: Transforming class net/minecraft/world/ServerWorldEventHandler
[21:41:45] [Server thread/INFO] [globalgamerules]: Applying config gamerules to dimension 0 (DregoraRL)
[21:41:45] [Server thread/INFO] [globalgamerules]: Setting difficulty of dimension 0 (DregoraRL) to HARD
[21:41:45] [Server thread/INFO] [Meson]: true
[21:41:46] [Server thread/INFO] [FermiumASM]: Took 8.714 ms to canonicalize Java's FilePermission caches.
[21:41:46] [Server thread/INFO] [dsurround]: Creating STANDARD weather generator for dimension [overworld]
[21:41:46] [Server thread/INFO] [FML]: Loading dimension 1 (DregoraRL) (net.minecraft.server.dedicated.DedicatedServer@1a926731)
[21:41:46] [Server thread/INFO] [globalgamerules]: Applying config gamerules to dimension 1 (DregoraRL)
[21:41:46] [Server thread/INFO] [globalgamerules]: Setting difficulty of dimension 1 (DregoraRL) to HARD
[21:41:46] [Server thread/INFO] [FermiumASM]: Took 7.748 ms to canonicalize Java's FilePermission caches.
[21:41:46] [Server thread/INFO] [dsurround]: Creating NULL weather generator for dimension [the_end]
[21:41:46] [Server thread/WARN] [OTG]: Non-OTG dimension detected, using default biome provider.
[21:41:46] [Server thread/ERROR] [bettermineshafts]: variants.json: Unable to find property variant for block Red Sandstone Slab
[21:41:46] [Server thread/ERROR] [bettermineshafts]: variants.json: Unable to find property variant for block Red Sandstone Slab
[21:41:46] [Server thread/ERROR] [bettermineshafts]: variants.json: Unable to find property variant for block Red Sandstone Slab
[21:41:46] [Server thread/ERROR] [bettermineshafts]: variants.json: Unable to find property variant for block Red Sandstone Slab
[21:41:46] [Server thread/INFO] [FML]: Loading dimension 111 (DregoraRL) (net.minecraft.server.dedicated.DedicatedServer@1a926731)
[21:41:46] [Server thread/INFO] [globalgamerules]: Applying config gamerules to dimension 111 (DregoraRL)
[21:41:46] [Server thread/INFO] [globalgamerules]: Setting difficulty of dimension 111 (DregoraRL) to HARD
[21:41:46] [Server thread/INFO] [FermiumASM]: Took 8.373 ms to canonicalize Java's FilePermission caches.
[21:41:46] [Server thread/INFO] [dsurround]: Creating STANDARD weather generator for dimension [lostcities]
[21:41:46] [Server thread/INFO] [STDOUT]: [biomesoplenty.common.world.BiomeProviderBOPHell:<init>:32]: settings for hell world: 
[21:41:46] [Server thread/INFO] [FML]: Loading dimension -1 (DregoraRL) (net.minecraft.server.dedicated.DedicatedServer@1a926731)
[21:41:46] [Server thread/INFO] [globalgamerules]: Applying config gamerules to dimension -1 (DregoraRL)
[21:41:46] [Server thread/INFO] [globalgamerules]: Setting difficulty of dimension -1 (DregoraRL) to HARD
[21:41:46] [Server thread/INFO] [FermiumASM]: Took 8.586 ms to canonicalize Java's FilePermission caches.
[21:41:46] [Server thread/INFO] [dsurround]: Creating NETHER weather generator for dimension [the_nether]
[21:41:46] [Server thread/WARN] [OTG]: Non-OTG dimension detected, using default biome provider.
[21:41:46] [Server thread/INFO] [FML]: Loading dimension 254 (DregoraRL) (net.minecraft.server.dedicated.DedicatedServer@1a926731)
[21:41:46] [Server thread/INFO] [globalgamerules]: Applying config gamerules to dimension 254 (DregoraRL)
[21:41:46] [Server thread/INFO] [globalgamerules]: Setting difficulty of dimension 254 (DregoraRL) to HARD
[21:41:46] [Server thread/INFO] [FermiumASM]: Took 7.953 ms to canonicalize Java's FilePermission caches.
[21:41:46] [Server thread/INFO] [dsurround]: Creating NULL weather generator for dimension [The Source]
[21:41:46] [Server thread/INFO] [net.minecraft.server.MinecraftServer]: Preparing start region for level 0
[21:41:46] [Server thread/INFO] [ASMUtil]: Transforming class net/minecraftforge/common/chunkio/ChunkIOProvider
[21:41:46] [Server thread/INFO] [ASMUtil]: Transforming class net/minecraftforge/common/chunkio/ChunkIOProvider
[21:41:46] [Server thread/INFO] [STDOUT]: [pl.asie.foamfix.coremod.FoamFixTransformer:spliceClasses:114]: Spliced in METHOD: net.minecraft.world.chunk.BlockStateContainer.func_186018_a
[21:41:46] [Server thread/INFO] [ASMUtil]: Transforming class net/minecraft/pathfinding/WalkNodeProcessor
[21:41:46] [Server thread/INFO] [ASMUtil]: Transforming class net/minecraft/pathfinding/WalkNodeProcessor
[21:41:46] [Server thread/INFO] [LibrarianLib ASM]: Transforming NetHandlerPlayServer
[21:41:46] [Server thread/INFO] [LibrarianLib ASM]: Applying Transformation to method (Names [update, func_73660_a] Descriptor ()V)
[21:41:46] [Server thread/INFO] [LibrarianLib ASM]: Attempting to insert: Update hook
[21:41:46] [Server thread/INFO] [LibrarianLib ASM]: Patch result: Success
[21:41:46] [Server thread/INFO] [ASMUtil]: Transforming class net/minecraft/network/NetHandlerPlayServer
[21:41:46] [Server thread/INFO] [ASMUtil]: Transforming method net/minecraft/network/NetHandlerPlayServer.func_147340_a(Lnet/minecraft/network/play/client/CPacketUseEntity;)V
[21:41:46] [Server thread/INFO] [ASMUtil]: Transforming class net/minecraft/network/NetHandlerPlayServer
[21:41:46] [Server thread/INFO] [ASMUtil]: Transforming method net/minecraft/network/NetHandlerPlayServer.func_147345_a(Lnet/minecraft/network/play/client/CPacketPlayerDigging;)V
[21:41:46] [Server thread/INFO] [RB-Transformer]: Injecting into afz (net.minecraft.inventory.ContainerWorkbench)
[21:41:46] [Server thread/INFO] [RB-Transformer]:  - mRealBenchTile
[21:41:46] [Server thread/INFO] [RB-Transformer]:  - <init>
[21:41:46] [Server thread/INFO] [RB-Transformer]:  - WorkbenchTile[PUTFIELD]
[21:41:46] [Server thread/INFO] [RB-Transformer]:  - WorkbenchInventory[NEW]
[21:41:46] [Server thread/INFO] [RB-Transformer]:  - WorkbenchInventory[INVOKESPECIAL]
[21:41:46] [Server thread/INFO] [RB-Transformer]:  - ContainerWorkbench[REFRESH_MATRIX]
[21:41:46] [Server thread/INFO] [RB-Transformer]:  - onContainerClosed
[21:41:46] [Server thread/INFO] [RB-Transformer]:  - Done
[21:41:46] [Server thread/INFO] [Quark ASM]: Transforming net.minecraft.inventory.ContainerWorkbench
[21:41:46] [Server thread/INFO] [Quark ASM]: Applying Transformation to method (Names [transferStackInSlot, func_82846_b] Descriptor (Lnet/minecraft/entity/player/EntityPlayer;I)Lnet/minecraft/item/ItemStack;)
[21:41:46] [Server thread/INFO] [Quark ASM]: Located Method, patching...
[21:41:46] [Server thread/INFO] [Quark ASM]: Located patch target node INVOKEVIRTUAL net/minecraft/inventory/ContainerWorkbench.func_75135_a (Lnet/minecraft/item/ItemStack;IIZ)Z
[21:41:46] [Server thread/INFO] [Quark ASM]: Located patch target node INVOKEVIRTUAL net/minecraft/inventory/ContainerWorkbench.func_75135_a (Lnet/minecraft/item/ItemStack;IIZ)Z
[21:41:46] [Server thread/INFO] [Quark ASM]: Located patch target node INVOKEVIRTUAL net/minecraft/inventory/ContainerWorkbench.func_75135_a (Lnet/minecraft/item/ItemStack;IIZ)Z
[21:41:46] [Server thread/INFO] [Quark ASM]: Located patch target node INVOKEVIRTUAL net/minecraft/inventory/ContainerWorkbench.func_75135_a (Lnet/minecraft/item/ItemStack;IIZ)Z
[21:41:46] [Server thread/INFO] [Quark ASM]: Patch result: true
[21:41:46] [Server thread/INFO] [ASMUtil]: Transforming class net/minecraft/inventory/ContainerWorkbench
[21:41:46] [Server thread/INFO] [ASMUtil]: Transforming class net/minecraft/inventory/ContainerWorkbench
[21:41:46] [Server thread/INFO] [ASMUtil]: Transforming class com/lycanitesmobs/core/inventory/InventoryCreature
[21:41:46] [Server thread/INFO] [ASMUtil]: Transforming class com/lycanitesmobs/core/inventory/InventoryCreature
[21:41:46] [Server thread/INFO] [ASMUtil]: Patching InventoryCreature
[21:41:46] [Server thread/INFO] [ASMUtil]: If your game crashes immediately after this, change the config rltweaker/patches/lycanitesPetDupeFix to false!
[21:41:47] [Server thread/INFO] [net.minecraft.server.dedicated.DedicatedServer]: Done (6.160s)! For help, type "help" or "?"
[21:41:47] [Server thread/INFO] [betterquesting]: Loaded 403 quests
[21:41:47] [Server thread/INFO] [betterquesting]: Loaded 22 quest lines
[21:41:47] [Server thread/INFO] [betterquesting]: Loaded 0 parties
[21:41:47] [Server thread/INFO] [betterquesting]: Loaded 0 names
[21:41:47] [Server thread/ERROR] [bettermineshafts]: variants.json: Unable to find property variant for block Red Sandstone Slab
[21:41:47] [Server thread/ERROR] [bettermineshafts]: variants.json: Unable to find property variant for block Red Sandstone Slab
[21:41:47] [Server thread/ERROR] [bettermineshafts]: variants.json: Unable to find property variant for block Red Sandstone Slab
[21:41:47] [Server thread/ERROR] [bettermineshafts]: variants.json: Unable to find property variant for block Red Sandstone Slab
[21:41:47] [Server thread/INFO] [FML]: Loading dimension 3 (Underneath) (net.minecraft.server.dedicated.DedicatedServer@1a926731)
[21:41:47] [Server thread/INFO] [globalgamerules]: Applying config gamerules to dimension 3 (Underneath)
[21:41:47] [Server thread/INFO] [globalgamerules]: Setting difficulty of dimension 3 (Underneath) to HARD
[21:41:47] [Server thread/INFO] [Meson]: true
[21:41:47] [Server thread/INFO] [FermiumASM]: Took 8.438 ms to canonicalize Java's FilePermission caches.
[21:41:47] [Server thread/INFO] [dsurround]: Creating NULL weather generator for dimension [Underneath]
[21:41:47] [Server thread/ERROR] [net.minecraft.server.MinecraftServer]: Encountered an unexpected exception
net.minecraftforge.fml.common.LoaderExceptionModCrash: Caught exception from MCMT (jmt_mcmt)

Caused by: java.lang.AbstractMethodError
	at net.minecraft.command.CommandHandler.registerCommand(CommandHandler.java:149) ~[bj.class:?]
	at net.minecraftforge.fml.common.event.FMLServerStartingEvent.registerServerCommand(FMLServerStartingEvent.java:59) ~[FMLServerStartingEvent.class:?]
	at org.jmt.mcmt.MCMT.serverStarting(MCMT.java:27) ~[MCMT.class:0.23.89-PRE]
	at sun.reflect.NativeMethodAccessorImpl.invoke0(Native Method) ~[?:1.8.0_503]
	at sun.reflect.NativeMethodAccessorImpl.invoke(NativeMethodAccessorImpl.java:62) ~[?:1.8.0_503]
	at sun.reflect.DelegatingMethodAccessorImpl.invoke(DelegatingMethodAccessorImpl.java:43) ~[?:1.8.0_503]
	at java.lang.reflect.Method.invoke(Method.java:498) ~[?:1.8.0_503]
	at net.minecraftforge.fml.common.FMLModContainer.handleModStateEvent(FMLModContainer.java:637) ~[server.jar:?]
	at sun.reflect.GeneratedMethodAccessor15.invoke(Unknown Source) ~[?:?]
	at sun.reflect.DelegatingMethodAccessorImpl.invoke(DelegatingMethodAccessorImpl.java:43) ~[?:1.8.0_503]
	at java.lang.reflect.Method.invoke(Method.java:498) ~[?:1.8.0_503]
	at com.google.common.eventbus.Subscriber.invokeSubscriberMethod(Subscriber.java:91) ~[minecraft_server.1.12.2.jar:?]
	at com.google.common.eventbus.Subscriber$SynchronizedSubscriber.invokeSubscriberMethod(Subscriber.java:150) ~[minecraft_server.1.12.2.jar:?]
	at com.google.common.eventbus.Subscriber$1.run(Subscriber.java:76) ~[minecraft_server.1.12.2.jar:?]
	at com.google.common.util.concurrent.MoreExecutors$DirectExecutor.execute(MoreExecutors.java:399) ~[minecraft_server.1.12.2.jar:?]
	at com.google.common.eventbus.Subscriber.dispatchEvent(Subscriber.java:71) ~[minecraft_server.1.12.2.jar:?]
	at com.google.common.eventbus.Dispatcher$PerThreadQueuedDispatcher.dispatch(Dispatcher.java:116) ~[minecraft_server.1.12.2.jar:?]
	at com.google.common.eventbus.EventBus.post(EventBus.java:217) ~[minecraft_server.1.12.2.jar:?]
	at net.minecraftforge.fml.common.LoadController.sendEventToModContainer(LoadController.java:219) ~[LoadController.class:?]
	at net.minecraftforge.fml.common.LoadController.propogateStateMessage(LoadController.java:197) ~[LoadController.class:?]
	at sun.reflect.NativeMethodAccessorImpl.invoke0(Native Method) ~[?:1.8.0_503]
	at sun.reflect.NativeMethodAccessorImpl.invoke(NativeMethodAccessorImpl.java:62) ~[?:1.8.0_503]
	at sun.reflect.DelegatingMethodAccessorImpl.invoke(DelegatingMethodAccessorImpl.java:43) ~[?:1.8.0_503]
	at java.lang.reflect.Method.invoke(Method.java:498) ~[?:1.8.0_503]
	at com.google.common.eventbus.Subscriber.invokeSubscriberMethod(Subscriber.java:91) ~[minecraft_server.1.12.2.jar:?]
	at com.google.common.eventbus.Subscriber$SynchronizedSubscriber.invokeSubscriberMethod(Subscriber.java:150) ~[minecraft_server.1.12.2.jar:?]
	at com.google.common.eventbus.Subscriber$1.run(Subscriber.java:76) ~[minecraft_server.1.12.2.jar:?]
	at com.google.common.util.concurrent.MoreExecutors$DirectExecutor.execute(MoreExecutors.java:399) ~[minecraft_server.1.12.2.jar:?]
	at com.google.common.eventbus.Subscriber.dispatchEvent(Subscriber.java:71) ~[minecraft_server.1.12.2.jar:?]
	at com.google.common.eventbus.Dispatcher$PerThreadQueuedDispatcher.dispatch(Dispatcher.java:116) ~[minecraft_server.1.12.2.jar:?]
	at com.google.common.eventbus.EventBus.post(EventBus.java:217) ~[minecraft_server.1.12.2.jar:?]
	at net.minecraftforge.fml.common.LoadController.distributeStateMessage(LoadController.java:136) ~[LoadController.class:?]
	at net.minecraftforge.fml.common.Loader.serverStarting(Loader.java:797) ~[Loader.class:?]
	at net.minecraftforge.fml.common.FMLCommonHandler.handleServerStarting(FMLCommonHandler.java:297) ~[FMLCommonHandler.class:?]
	at net.minecraft.server.dedicated.DedicatedServer.init(DedicatedServer.java:307) ~[nz.class:?]
	at net.minecraft.server.MinecraftServer.run(MinecraftServer.java:486) [MinecraftServer.class:?]
	at java.lang.Thread.run(Thread.java:750) [?:1.8.0_503]
[21:41:47] [Server thread/INFO] [net.minecraft.server.MinecraftServer]: Stopping server
[21:41:47] [Server thread/INFO] [net.minecraft.server.MinecraftServer]: Saving players
[21:41:47] [Server thread/INFO] [net.minecraft.server.MinecraftServer]: Saving worlds
[21:41:47] [Server thread/INFO] [net.minecraft.server.MinecraftServer]: Saving chunks for level 'DregoraRL'/overworld
[21:41:47] [Server thread/INFO] [antiqueatlas]: Saving local markers data to NBT
[21:41:47] [Server thread/INFO] [net.minecraft.server.MinecraftServer]: Saving chunks for level 'DregoraRL'/the_nether
[21:41:47] [Server thread/INFO] [net.minecraft.server.MinecraftServer]: Saving chunks for level 'DregoraRL'/the_end
[21:41:47] [Server thread/INFO] [net.minecraft.server.MinecraftServer]: Saving chunks for level 'DregoraRL'/lostcities
[21:41:47] [Server thread/INFO] [net.minecraft.server.MinecraftServer]: Saving chunks for level 'DregoraRL'/The Source
[21:41:47] [Server thread/INFO] [net.minecraft.server.MinecraftServer]: Saving chunks for level 'Underneath'/Underneath
[21:41:47] [Server thread/INFO] [globalgamerules]: Saving gamerules of dimension 0 (DregoraRL) to config
[21:41:47] [Server thread/INFO] [globalgamerules]: Saving gamerules of dimension -1 (DregoraRL) to config
[21:41:47] [Server thread/INFO] [globalgamerules]: Saving gamerules of dimension 1 (DregoraRL) to config
[21:41:47] [Server thread/INFO] [globalgamerules]: Saving gamerules of dimension 111 (DregoraRL) to config
[21:41:47] [Server thread/INFO] [globalgamerules]: Saving gamerules of dimension 254 (DregoraRL) to config
[21:41:47] [Server thread/INFO] [globalgamerules]: Saving gamerules of dimension 3 (Underneath) to config
[21:41:47] [Server thread/INFO] [FML]: Unloading dimension 0
[21:41:47] [Server thread/INFO] [FML]: Unloading dimension -1
[21:41:47] [Server thread/INFO] [FML]: Unloading dimension 1
[21:41:47] [Server thread/INFO] [FML]: Unloading dimension 111
[21:41:47] [Server thread/INFO] [FML]: Unloading dimension 254
[21:41:47] [Server thread/INFO] [FML]: Unloading dimension 3
[21:41:47] [Server thread/INFO] [nuclearcraft]: Server Closing...
[21:41:47] [Server thread/INFO] [FML]: The state engine was in incorrect state SERVER_STARTING and forced into state SERVER_STOPPED. Errors may have been discarded.
[21:41:47] [Server Shutdown Thread/INFO] [net.minecraft.server.MinecraftServer]: Stopping server
[21:41:47] [Server Shutdown Thread/INFO] [net.minecraft.server.MinecraftServer]: Saving players
[21:41:47] [Server Shutdown Thread/INFO] [net.minecraft.server.MinecraftServer]: Saving worlds
